Indeks;Odbiorca
22289401;OEM
22289404;OEM
22290076;OEM
22290877;OEM
22290878;OEM
22295759;OEM
22297187;OEM
22297190;OEM
22297193;OEM
22303978;OEM
22303979;OEM
22303980;OEM
22303981;OEM
22303983;OEM
22304084;OEM
22304093;OEM
22304096;OEM
22304099;OEM
22304102;OEM
22304105;OEM
22306668;OEM
22306669;OEM
22306670;OEM
22307505;OEM
22307508;OEM
22312804;OEM
22312805;OEM
22312806;OEM
22312809;OEM
22312810;OEM
22312811;OEM
22312814;OEM
22312815;OEM
22312816;OEM
22312819;OEM
22312820;OEM
22312821;OEM
22312834;OEM
22312835;OEM
22312836;OEM
22312839;OEM
22312840;OEM
22312841;OEM
22313397;OEM
22313398;OEM
22313399;OEM
22313400;OEM
22313800;OEM
22313807;OEM
22315243;OEM
22315244;OEM
22315245;OEM
22315246;OEM
22315247;OEM
22315249;OEM
22315582;OEM
22315583;OEM
22316694;OEM
22317113;OEM
22317498;OEM
22317499;OEM
22317500;OEM
22317503;OEM
22317504;OEM
22317505;OEM
22317508;OEM
22317509;OEM
22317510;OEM
22317726;OEM
22317727;OEM
22317728;OEM
22318283;OEM
22318284;OEM
22318285;OEM
22318288;OEM
22318289;OEM
22318290;OEM
22318869;OEM
22318994;OEM
22318995;OEM
22318996;OEM
22318997;OEM
22319312;OEM
22319904;OEM
22319965;OEM
22320166;OEM
22320167;OEM
22320168;OEM
22320200;OEM
22320655;OEM
22320720;OEM
22320798;OEM
22320799;OEM
22321199;OEM
22321201;OEM
22321202;OEM
22331812;OEM
22331813;OEM
22331814;OEM
22331815;OES
22331816;OES
22331817;OES
22331820;OES
22331821;OES
22334256;OES
22334257;OES
22334258;OES
22334259;OES
22334260;OES
22334261;OES
22334262;OES
22334263;OES
22336463;OES
22336464;OES
22336465;OES
22336922;OES
22336923;OES
22336924;OES
22342398;OES
22342400;OES
22345441;OES
22345442;OES
22345443;OES
22345444;OES
22345445;OES
22345446;OES
22345447;OES
22345448;OES
22345449;OES
22345450;OES
22345451;OES
22345452;OES
22345463;OES
22345464;OES
22345465;OES
22345466;OES
22345467;OES
22345468;OES
22345513;OES
22345514;OES
22345515;OES
22345516;OES
22345517;OES
22345518;OES
22345830;OES
22345831;OES
22347283;OES
22347284;OES
22347285;OES
22347286;OES
22347287;OES
22347288;OES
22347539;OES
22347540;OES
22351407;OES
22351410;OES
22351414;OES
22351416;OES
22351417;OES
22351419;OES
22355772;OES
22355773;OES
22355776;OES
22355777;OES
22356560;OES
22356561;OES
22357562;OES
22357563;OES
22358195;OES
22358795;OES
22358796;OES
22358797;OES
22358798;OES
22358799;OES
22358800;OES
22358801;OES
22358802;OES
22359568;OES
22360416;OES
22360417;OES
22360420;OES
22360475;OES
22360478;OES
22365461;OES
22367188;OES
22367189;OES
22367190;OES
22370689;OES
22370691;OES
22372229;OES
22372230;OES
22372231;OES
22372232;OES
22372233;OES
22372234;OES
22355772;OES
22355773;OES
22370250;OES
22355776;OES
22355777;AM
22374267;AM
22374268;AM
22374269;AM
22374276;AM
22291703;AM
22295313;AM
22300299;AM
22293634;AM
22296586;AM
22310088;AM
22334257;AM
22334259;AM
22347283;AM
22347284;AM
22297187;AM
22331814;AM
22336922;AM
22336923;AM
22356560;AM
22356561;AM
22357562;AM
22358195;AM
22365461;AM
22306668;AM
22313800;AM
22331815;AM
22334256;AM
22334258;AM
22336463;AM
22336464;AM
22347286;AM
22347287;AM
22357563;AM
22334263;AM
22347285;AM
22371633;AM
22373637;AM
22331820;AM
22336924;AM
22331812;AM
22334261;AM
22342398;AM
22359568;AM
22299949;AM
22307506;AM
22307507;AM
22308411;AM
22315213;AM
22319971;AM
22323131;AM
22323132;AM
22323133;AM
22323205;AM
22323206;AM
22323207;AM
22327651;AM
22327657;AM
22327663;AM
22327669;AM
22331800;AM
22331802;AM
22331804;AM
22331806;AM
22331808;AM
22331818;AM
22335782;AM
22335789;AM
22335854;AM
22335857;AM
22357665;AM
22357666;AM
22357667;AM
22334260;AM
22334262;AM
22336465;AM
22342400;AM
22347288;AM
22360478;AM
22371634;AM
22296562;AM
22307503;AM
22307504;AM
22308412;AM
22309806;AM
22314560;AM
22319973;AM
22323134;AM
22323135;AM
22323136;AM
22327650;AM
22327656;AM
22327662;AM
22327668;AM
22331801;AM
22331803;AM
22331805;AM
22331807;AM
22331809;AM
22331819;AM
22320166;D92
22320720;D92
22315582;D92
22315583;D92
22318994;D92
22318995;D92
22318996;D92
22318997;D92
22319904;D92
22374537;D92
22374539;D92
22376583;D92
22376584;D92
22376585;D92
22376586;D92
22378551;D92
22379376;D92
22376587;D92
22376588;D92
22374542;D92
22290878;D92
22289404;D92
22290877;D92
22360416;D92
22360417;D92
22360420;D92
22370689;D92
22370690;D92
22370691;D92
22372613;D92
22372614;D92
22372975;D92
22372976;D92
22372977;D92
22367188;D92
22367189;D92
22367190;D92
22370692;D92
22370693;D92
22370694;D92
22372616;D92
22372617;D92
22372618;D92
22372978;D92
22372979;D92
22372980;D92
22378805;D92
22378808;D92
22358799;D92
22358801;D92
22358802;G56
22345447;G56
22345448;G56
22368166;G56
22368177;G56
22368181;G56
22345830;G56
22345831;G56
22368168;G56
22368172;G56
22345441;G56
22345442;G56
22345443;G56
22345444;G56
22345445;G56
22345446;G56
22351414;G56
22351417;G56
22368165;G56
22368173;G56
22368180;G56
22370608;G56
22372032;G56
22372044;G56
22372049;G56
22372055;G56
22368179;G56
22345463;G56
22345464;G56
22345465;G56
22345466;G56
22351407;G56
22351410;G56
22351416;G56
22351419;G56
22370604;G56
22370607;G56
22370610;G56
22368175;G56
22368182;G56
22381296;G56
22344610;G56
22336771;G56
22336771;G56
