Indeks;Moduł;PN
621112;brak;62111
22290861;brak;22284313
22290862;brak;22284314
617692;brak;61769
617702;brak;61770
617862;brak;61786
617872;brak;61787
618762;brak;61876
618772;brak;61877
64028232;brak;6402823
64056182;brak;6405618
64613182;brak;6461318
64619492;brak;6461949
64619502;brak;6461950
64619512;brak;6461951
655172;brak;65517
655202;brak;65520
655262;brak;65526
655702;brak;65570
655712;brak;65571
655732;brak;65573
655742;brak;65574
655752;brak;65575
655762;brak;65576
655772;brak;65577
655782;brak;65578
655812;brak;65581
655822;brak;65582
655832;brak;65583
655842;brak;65584
655892;brak;65589
655912;brak;65591
655922;brak;65592
656062;brak;65606
656072;brak;65607
656082;brak;65608
656092;brak;65609
656102;brak;65610
656112;brak;65611
656152;brak;65615
656162;brak;65616
656172;brak;65617
656182;brak;65618
656192;brak;65619
656202;brak;65620
656212;brak;65621
656232;brak;65623
656242;brak;65624
656252;brak;65625
656262;brak;65626
22280775;brak;22280776
22280782;brak;22280783
22281190;brak;22281189
22287872;brak;22287871
22287873;brak;22287871
22287936;brak;22287935
22287937;brak;22287935
22290125;brak;22284399
22290126;brak;22284400
22290917;brak;22287935
22290918;brak;22287871
22290924;brak;22287935
22290925;brak;22287871
655462;brak;65546
655852;brak;65585
655862;brak;65586
655932;brak;65593
655942;brak;65594
656222;brak;65622
61767;brak;61767H
22103023;brak;22103023H
22103454;brak;22103454H
22103651;brak;22103651H
22103866;brak;22103866H
22103867;brak;22103867H
22169581;brak;22169581H
22190276;brak;22190276H
22190277;brak;22190277H
22190750;brak;22190750H
22191028;brak;22191028H
22191029;brak;22191029H
22191216;brak;22191216H
22191217;brak;22191217H
22191218;brak;22191218H
22214641;brak;22214641H
22236024;brak;22236024H
22236025;brak;22236025H
22242297;brak;22242297H
22242298;brak;22242298H
22242299;brak;22242299H
22242300;brak;22242300H
22242301;brak;22242301H
22242302;brak;22242302H
22242952;brak;22242952H
22245215;brak;22245215H
22245216;brak;22245216H
22245217;brak;22245217H
22245218;brak;22245218H
22245219;brak;22245219H
22245220;brak;22245220H
22245459;brak;22245459H
22245542;brak;22245542H
22245543;brak;22245543H
22245544;brak;22245544H
22245545;brak;22245545H
22245546;brak;22245546H
22245547;brak;22245547H
22245548;brak;22245548H
22245549;brak;22245549H
22245550;brak;22245550H
22245551;brak;22245551H
22245552;brak;22245552H
22245553;brak;22245553H
22246155;brak;22246155H
22246693;brak;22246693H
22246694;brak;22246694H
22246863;brak;22246863H
22246988;brak;22246988H
22246989;brak;22246989H
22246998;brak;22246998H
22246999;brak;22246999H
22247002;brak;22247002H
22247003;brak;22247003H
22247377;brak;22247377H
22247378;brak;22247378H
22247379;brak;22247379H
22247380;brak;22247380H
22247381;brak;22247381H
22247382;brak;22247382H
22247383;brak;22247383H
22247384;brak;22247384H
22247385;brak;22247385H
22247386;brak;22247386H
22247391;brak;22247391H
22247392;brak;22247392H
22247393;brak;22247393H
22247394;brak;22247394H
22248495;brak;22248495H
22248496;brak;22248496H
22248497;brak;22248497H
22248498;brak;22248498H
22248678;brak;22248678H
22248679;brak;22248679H
22248749;brak;22248749H
22248750;brak;22248750H
22248751;brak;22248751H
22248752;brak;22248752H
22248753;brak;22248753H
22248754;brak;22248754H
22249902;brak;22249902H
22249903;brak;22249903H
22249904;brak;22249904H
22249905;brak;22249905H
22270178;brak;22270178H
22270179;brak;22270179H
22270180;brak;22270180H
22270181;brak;22270181H
22270182;brak;22270182H
22270183;brak;22270183H
22270184;brak;22270184H
22270185;brak;22270185H
22270186;brak;22270186H
22270187;brak;22270187H
22270825;brak;22270825H
22270826;brak;22270826H
22270827;brak;22270827H
22270828;brak;22270828H
22270832;brak;22270832H
22270833;brak;22270833H
22273487;brak;22273487H
22273488;brak;22273488H
22273489;brak;22273489H
22273490;brak;22273490H
22273491;brak;22273491H
22273492;brak;22273492H
22273496;brak;22273496H
22273497;brak;22273497H
22273498;brak;22273498H
22274807;brak;22274807H
22274808;brak;22274808H
22274809;brak;22274809H
22274810;brak;22274810H
22274811;brak;22274811H
22274812;brak;22274812H
22274813;brak;22274813H
22274814;brak;22274814H
22275362;brak;22275362H
22275363;brak;22275363H
22275364;brak;22275364H
22275365;brak;22275365H
28158477;brak;28158477H
28158478;brak;28158478H
28158479;brak;28158479H
28158480;brak;28158480H
28158481;brak;28158481H
28158482;brak;28158482H
22290891;brak;22288399
22290890;brak;22288398
22291701;brak;22288661
22291702;brak;22288662
22291703;brak;22288663
22290934;brak;22259224
22290935;brak;22270713
22290926;brak;22275987
22290927;brak;22276074
22290928;brak;22270883
22289870;brak;22289870H
65041;brak;65041H
22080797;brak;22080797H
22233517;brak;22233517H
621252;brak;62125
620052;brak;62005
620062;brak;62006
620072;brak;62007
620152;brak;62015
620192;brak;62019
620292;brak;62029
620302;brak;62030
620312;brak;62031
620372;brak;62037
620512;brak;62051
620572;brak;62057
620602;brak;62060
620612;brak;62061
620652;brak;62065
620712;brak;62071
620732;brak;62073
620812;brak;62081
620822;brak;62082
620882;brak;62088
620902;brak;62090
620912;brak;62091
620932;brak;62093
620942;brak;62094
620972;brak;62097
620982;brak;62098
620992;brak;62099
22292007;brak;22280042
22292008;brak;22280043
22292005;brak;22252922
22292006;brak;22252923
22291999;brak;22266095
22292000;brak;22266096
22292001;brak;22266097
22292002;brak;22266098
22292003;brak;22269865
22292004;brak;22269866
22290871;brak;22284412
22290872;brak;22284411
22290873;brak;22284421
22290874;brak;22284420
22290875;brak;22285050
22290876;brak;22285049
22290877;brak;22280423
22290878;brak;22295323
621192;brak;62119
621202;brak;62120
630012;brak;63001
630022;brak;63002
22290076;brak;22280423
22290077;brak;22284411
22290078;brak;22284412
22246156;brak;22246156H
22292633;brak;22291984
22292634;brak;22291985
22292635;brak;22291986
22292636;brak;22291987
22292637;brak;22291984
22292638;brak;22291985
22292639;brak;22291986
22292640;brak;22291987
621312;brak;62131
630052;brak;63005
630072;brak;63007
630062;brak;63006
630082;brak;63008
22292783;brak;22292493
22292784;brak;22292494
657012;brak;65701
621402;brak;62140
619032;brak;61903
619082;brak;61908
630152;brak;63015
656992;brak;65699
22292144;brak;22265822
22292145;brak;22265795
22292146;brak;22281382
22293873;brak;22293875
22293874;brak;22293876
22293634;brak;22288663
22293629;brak;22285999
22293619;brak;22292494
22293620;brak;22292493
22293621;brak;22288662
22293622;brak;22288661
22293623;brak;22285996
22293624;brak;22285995
22293625;brak;22285992
22293626;brak;22285991
22293835;brak;22294145
22292917;brak;22288398
22292918;brak;22288399
22291572;brak;22291795
22291793;brak;22291795
22291565;brak;22292986
22291792;brak;22292986
22284711;brak;22284717
22284716;brak;22284717
22284703;brak;22284704
22294258;brak;22294163
22294259;brak;22294164
22294256;brak;22294163
22294257;brak;22294164
22294675;brak;22293882
22294674;brak;22293881
22294676;brak;22293880
22294677;brak;22293880
22294823;brak;22285085
22294824;brak;22285086
22294827;brak;22285087
22294828;brak;22285087
619772;brak;61977
619782;brak;61978
619792;brak;61979
22294825;brak;22293881
22294826;brak;22293882
22294829;brak;22293880
22294830;brak;22293880
22269313;brak;n/a
22290606;brak;22282650
22290607;brak;22282649
22290609;brak;22282646
22290611;brak;22282644
22290608;brak;22282643
22290610;brak;22282645
22290612;brak;22267446
22295097;brak;22262160
22295098;brak;22262161
22294341;brak;22294235
22294342;brak;22294236
22294343;brak;22294237
22294344;brak;22294238
64007732;brak;6400773
22295313;brak;22294831
22295045;brak;22283526
22295046;brak;22283527
22295113;brak;22286397
22295114;brak;22286397
22295115;brak;22290640
22295116;brak;22290640
22295117;brak;22290643
22295118;brak;22290643
22282846;brak;22280540
22281323;brak;22280540
22295041;brak;22283524
22295042;brak;22283525
22295043;brak;22286404
22295044;brak;22286405
22295047;brak;22286408
22295048;brak;22286409
22296586;brak;22294831
22296587;brak;22294235
22296588;brak;22294236
22296589;brak;22294237
22296590;brak;22294238
22296040;brak;22270483
22296044;brak;22270490
22297086;brak;22283524
22297087;brak;22283525
22297088;brak;22286404
22297089;brak;22286405
22297090;brak;22283526
22297091;brak;22283527
22297092;brak;22286408
22297093;brak;22286409
22289401;brak;22295323
621522;brak;62152
64018852;brak;6401885
22295876;brak;22295502
22295877;brak;22295503
22295878;brak;22295504
22295879;brak;22295505
22297437;brak;22295661
22297436;brak;22295660
22297435;brak;22295659
22297438;brak;22295662
22296992;brak;22288030
22296993;brak;22288035
22296994;brak;22288486
22289632;brak;22171164
22289633;brak;22171165
22288906;brak;22195615
22288907;brak;22195616
22288904;brak;22235274
22288905;brak;22235275
22289080;brak;22244956
22288924;brak;22244957
22288925;brak;22244957
22288877;brak;22244958
22288788;brak;22244959
22288789;brak;22244959
22288790;brak;22244960
22288892;brak;22244960
22288893;brak;22244961
22288894;brak;22244961
22288881;brak;22244962
22288882;brak;22244963
22288895;brak;22244964
22288896;brak;22244964
22288897;brak;22244965
22288898;brak;22244965
22288899;brak;22244966
22288900;brak;22244966
22288901;brak;22244967
22288902;brak;22244967
22288887;brak;22244969
22288903;brak;22244970
22288927;brak;22244970
22288928;brak;22244971
22288929;brak;22244971
22288890;brak;22245129
22288891;brak;22245130
22288908;brak;22245131
22288909;brak;22245132
22288910;brak;22245133
22288911;brak;22245134
22288942;brak;22245135
22288943;brak;22245136
22288946;brak;22246018
22288949;brak;22246849
22288951;brak;22246857
22288952;brak;22246857
22288954;brak;22246858
22288955;brak;22246858
22288958;brak;22246859
22288957;brak;22246859
22288960;brak;22246860
22288961;brak;22246860
22289163;brak;22246988H
22289164;brak;22246989H
22289061;brak;22246990
22289062;brak;22246991
22289081;brak;22246992
22289063;brak;22246993
22289064;brak;22246994
22289065;brak;22246995
22289066;brak;22246996
22289067;brak;22246997
22289069;brak;22249350
22289070;brak;22249350
22289072;brak;22249351
22289073;brak;22249351
22289075;brak;22249352
22289076;brak;22249352
22289078;brak;22249353
22289079;brak;22249353
22289051;brak;22257577
22289052;brak;22257577
22289054;brak;22257578
22289055;brak;22257578
22288930;brak;22258910
22288932;brak;22258911
22288933;brak;22258911
22289083;brak;22259022
22266107;brak;22256561
22266108;brak;22256562
22266109;brak;22256563
22266110;brak;22256564
22289180;brak;22284313
22289181;brak;22284314
22289182;brak;22284399
22289183;brak;22284400
22285007;brak;22256561
22285008;brak;22256562
22285009;brak;22256563
22285010;brak;22256564
22285012;brak;22257440
22286917;brak;22256561
22286918;brak;22256562
22286919;brak;22256563
22286920;brak;22256564
22292523;brak;22285991
22292524;brak;22285992
22292527;brak;22285995
22292528;brak;22285996
22297853;brak;22262168
22297854;brak;22262169
22297855;brak;22275380
22297856;brak;22275381
22289573;brak;22204095
22289575;brak;22214231
22289576;brak;22214727
22289577;brak;22215520
22289578;brak;22215525
22289579;brak;22226118
22289580;brak;22226128
22290604;brak;22270490
22289404;brak;22280423
22289184;brak;22284411
22289185;brak;22284412
22289186;brak;22284420
22289187;brak;22284421
22289279;brak;22285049
22289280;brak;22285050
22299648;brak;22204238
22297810;brak;22287866
22297817;brak;22287866
22297814;brak;22287866
22297813;brak;22287866
22297899;brak;22296577
22297900;brak;22296578
22297901;brak;22296579
22297902;brak;22296579
22289634;brak;22236419
22289397;brak;22236420
22289398;brak;22236421
22289399;brak;22236422
22289285;brak;22238729
22289600;brak;22252922
22289601;brak;22252923
22289288;brak;22256935
22289522;brak;22258713
22289289;brak;22262158
22289290;brak;22262159
22289291;brak;22262160
22289292;brak;22262161
22289295;brak;22262164
22289296;brak;22262165
22289233;brak;22262168
22289234;brak;22262169
22264521;brak;22262158
22264522;brak;22262159
22264523;brak;22262160
22264524;brak;22262161
22264525;brak;22262162
22264526;brak;22262163
22264527;brak;22262164
22264528;brak;22262165
22264531;brak;22262168
22264532;brak;22262169
22265362;brak;22265665
22265363;brak;22265666
22265364;brak;22265663
22265365;brak;22265664
22265370;brak;22265898
22265371;brak;22265899
22265372;brak;22265900
22265373;brak;22265901
22289524;brak;22265663
22289525;brak;22265663
22289527;brak;22265664
22289528;brak;22265664
22289530;brak;22265665
22289531;brak;22265665
22289533;brak;22265666
22289534;brak;22265666
22289535;brak;22265667
22289536;brak;22265898
22289537;brak;22265899
22289538;brak;22265900
22289539;brak;22265901
22289283;brak;22266095
22289564;brak;22266096
22289565;brak;22266097
22289566;brak;22266098
22289235;brak;22266296
22289236;brak;22266297
22289237;brak;22266298
22289238;brak;22266299
22267239;brak;22266296
22267240;brak;22266297
22267241;brak;22266298
22267242;brak;22266299
22267243;brak;22266300
22267244;brak;22266301
22267264;brak;22265667
22267265;brak;22265668
22289540;brak;22267703
22289541;brak;22267704
22289542;brak;22267705
22289543;brak;22267706
22289544;brak;22267707
22289545;brak;22267708
22289546;brak;22267709
22289547;brak;22267710
22267794;brak;22265482
22267795;brak;22266149
22267796;brak;22266150
22267921;brak;22266379
22267922;brak;22266380
22267958;brak;22267703
22267959;brak;22267704
22267960;brak;22267705
22267961;brak;22267706
22267962;brak;22267707
22267963;brak;22267708
22267964;brak;22267709
22267965;brak;22267710
22267966;brak;22267717
22267967;brak;22267722
22289271;brak;22268907
22289272;brak;22268908
22289273;brak;22268909
22269482;brak;22268903
22269483;brak;22268904
22269484;brak;22268905
22269485;brak;22268906
22269486;brak;22268907
22269487;brak;22268908
22269488;brak;22268909
22269489;brak;22268910
22269490;brak;22268911
22269491;brak;22268912
22269492;brak;22268913
22269493;brak;22268914
22269494;brak;22268915
22269495;brak;22268916
22269496;brak;22268917
22269497;brak;22268918
22269498;brak;22268919
22269499;brak;22268920
22269500;brak;22268921
22269501;brak;22268922
22269502;brak;22268923
22269503;brak;22268924
22269504;brak;22268925
22269505;brak;22268926
22289548;brak;22269543
22289549;brak;22269544
22289550;brak;22269545
22289551;brak;22269546
22289552;brak;22269547
22289553;brak;22269548
22289554;brak;22269549
22289555;brak;22269550
22289556;brak;22269551
22289572;brak;22269552
22269553;brak;22269543
22269554;brak;22269544
22269555;brak;22269545
22269556;brak;22269546
22269557;brak;22269547
22269558;brak;22269548
22269559;brak;22269549
22269560;brak;22269550
22269561;brak;22269551
22269562;brak;22269552
22269571;brak;22269563
22269572;brak;22269565
22269574;brak;22269569
22289567;brak;22269865
22289568;brak;22269866
22275390;brak;22275380
22275391;brak;22275381
22275392;brak;22275382
22275393;brak;22275383
22275396;brak;22298763
22275397;brak;22298764
22279229;brak;22264432
22289569;brak;22280042
22289570;brak;22280043
22289267;brak;22286178
22289269;brak;22286179
22289268;brak;22286178
22289270;brak;22286179
13146442;brak;22211091
13146443;brak;22211089
13189334;brak;22226455
187811;brak;1878
190011;brak;1900
190111;brak;1901
196211;brak;1962
22289359;brak;22214601
22289365;brak;22214602
22220355;brak;22211553
22227191;brak;22214601
22227192;brak;22214602
22290096;brak;22231389
22289345;brak;22231390
22234627;brak;22228736
22234628;brak;22214012
22234629;brak;22214013
22234636;brak;22233043
22234637;brak;22233044
22289346;brak;22242956
22289347;brak;22242958
22289348;brak;22242959
22289349;brak;22242960
22289350;brak;22242962
22289351;brak;22242963
22245562;brak;22245624
22245565;brak;22245625
22245923;brak;22242964
22245924;brak;22242965
22245925;brak;22242969
22245926;brak;22242967
22245927;brak;22242957
22245940;brak;22243718
22245941;brak;22243719
22245942;brak;22243720
22245943;brak;22243721
22245946;brak;22243724
22245947;brak;22243725
22245948;brak;22243728
22245977;brak;22242966
22245978;brak;22243730
22245979;brak;22243731
22246625;brak;22242961
22246626;brak;22242962
22246627;brak;22242963
22254847;brak;22231389
22254848;brak;22231390
22263551;brak;22245141
22263552;brak;22245142
22263553;brak;22250036
22263554;brak;22250037
22263555;brak;22250038
22263556;brak;22250039
22263557;brak;22258451
22263558;brak;22258452
22263560;brak;22250041
22264292;brak;22263945
22266283;brak;22258453
22266284;brak;22258454
22289384;brak;22275353
22289385;brak;22275354
22276757;brak;22276756
22276758;brak;22276756
22277168;brak;22277170
22277169;brak;22277170
22289386;brak;22277289
22289387;brak;22277290
22289388;brak;22277291
22289389;brak;22277292
22277310;brak;22277309
22277311;brak;22277309
22282851;brak;22275351
22282852;brak;22275352
22282853;brak;22275349
22282854;brak;22275350
22282855;brak;22275353
22282856;brak;22275354
22282857;brak;22275345
22282858;brak;22275346
22282859;brak;22277369
22282860;brak;22277370
22282861;brak;22275347
22282862;brak;22275348
22282863;brak;22276747
22282864;brak;22276747
22282865;brak;22276753
22282866;brak;22276753
22282867;brak;22276756
22282868;brak;22276756
22282869;brak;22276750
22282870;brak;22276750
22282871;brak;22277289
22282872;brak;22277290
22282873;brak;22277291
22282874;brak;22277292
22282875;brak;22277309
22282876;brak;22277309
22282877;brak;22277170
22282878;brak;22277170
22289888;brak;22285085
22289889;brak;22285086
22285088;brak;22285087
22285089;brak;22285087
611411;brak;61141
611621;brak;61162
611631;brak;61163
612381;brak;61238
612391;brak;61239
613681;brak;61368
721187741;brak;72118774
721707201;brak;72170720
721711211;brak;72171121
22229422;brak;22229421
22229657;brak;22229656
22234256;brak;22234255
22234490;brak;22234489
22241116;brak;22254276
22289623;brak;22249512
22253175;brak;22260219
22289624;brak;22253195
22253607;brak;22253613
22257481;brak;22253083
22258585;brak;22259224
22258602;brak;22258601
22258986;brak;22258987
22289625;brak;22265829
22267829;brak;22267828
22267833;brak;22267832
22268828;brak;22268829
22269768;brak;22269769
22270712;brak;22270713
22290923;brak;22270713
22270738;brak;22279465
22270881;brak;22270883
22290921;brak;22270883
22270882;brak;22270883
22271342;brak;22271343
22272362;brak;22272363
22275988;brak;22275987
22275989;brak;22275987
22290919;brak;22275987
22276075;brak;22276074
22276076;brak;22276074
22290920;brak;22276074
22278979;brak;22261354
22278980;brak;22261355
22280346;brak;22284451
28071363;brak;22234489
28071364;brak;22234255
28074405;brak;28074406
28074424;brak;28074425
28074853;brak;22254274
22290080;brak;28096616
28099110;brak;28095873
28099116;brak;28099337
28111846;brak;22254277
28121263;brak;28121258
28121283;brak;28121279
28155896;brak;22261354
3498739;brak;28147507
22289507;brak;22202906
22288879;brak;22203067
22289508;brak;22203368
22289510;brak;22203369
22289511;brak;22203369
22289512;brak;22203371
22289513;brak;22203372
22289281;brak;22203643
22289282;brak;22203644
22288880;brak;22203922
22289514;brak;22204143
22286708;brak;22212185
22286709;brak;22212186
22289409;brak;22214018
22289277;brak;22214018
22289516;brak;22214019
22289517;brak;22214019
22286768;brak;22214926
22289410;brak;22228431
22289275;brak;22228431
22289411;brak;22228432
22288883;brak;22228432
22289413;brak;22228433
22288884;brak;22228433
22289414;brak;22229273
22288885;brak;22229273
22238910;brak;22211093
22238911;brak;22211094
22289518;brak;22242947
22289519;brak;22242948
22289520;brak;22242949
22289417;brak;22242950
22289521;brak;22242951
22289068;brak;22243634
22289071;brak;22243635
22246609;brak;22171180
22247788;brak;22195230
22247789;brak;22215322
22247811;brak;22212182
22247812;brak;22212183
22289415;brak;22248970
22288889;brak;22248970
22254033;brak;22261355
22255817;brak;22213984
28156725;brak;22184843
28156726;brak;22184844
3495115;brak;n/a
110511;brak;1105
113011;brak;1130
164511;brak;1645
184611;brak;1846
610351;brak;61035
611963;brak;61196
611971;brak;61197
613821;brak;61382
613831;brak;61383
615341;brak;61534
615351;brak;61535
615361;brak;61536
615371;brak;61537
617741;brak;61774
618271;brak;61827
22297700;brak;22296978
22297205;brak;22296978
22297699;brak;22296977
22297204;brak;22296977
22291838;brak;22291839
22294084;brak;22294085
22291820;brak;22291821
22299649;brak;22238596
22299650;brak;22238598
22299651;brak;22238729
22299652;brak;22239089
22299653;brak;22239122
22299654;brak;22241945
22299656;brak;22242868
22299657;brak;22248120
22299659;brak;22264432
22299660;brak;22265482
22299661;brak;22265667
22299662;brak;22265668
22299663;brak;22266149
22299664;brak;22266150
22299665;brak;22267717
22299666;brak;22267722
22299667;brak;22269563
22299668;brak;22269565
22299670;brak;22269569
22299673;brak;22275380
22299674;brak;22275381
22299675;brak;22275382
22299676;brak;22275383
22299681;brak;22214594
22299682;brak;22227197
22299683;brak;22227198
22299684;brak;22245573
22299686;brak;22245576
22299687;brak;22245578
22299688;brak;22245587
22299689;brak;22245588
22299691;brak;22245590
22299694;brak;22245934
22299697;brak;22245939
22299698;brak;22245951
22299699;brak;22245964
22299700;brak;22245965
22299701;brak;22245966
22299702;brak;22245967
22299703;brak;22246619
22300066;brak;22250036
22299707;brak;22265658
22299708;brak;22269152
22299710;brak;22231083
22299711;brak;22242953
22232564;brak;22211553
22286769;brak;5893077
22290922;brak;22259224
22297237;brak;22297235
22298150;brak;22297126
22298592;brak;22297126
22298151;brak;22297127
22298593;brak;22297127
22297822;brak;22300205
22297823;brak;22300206
22298864;brak;22298514
22272672;brak;22272676
22298134;brak;22284451
22297907;brak;22279097
22297261;brak;22296701
22297262;brak;22296702
22297263;brak;22296703
22297264;brak;22296704
22297265;brak;22296705
22297266;brak;22296706
22299367;brak;22270713
22297187;brak;22296711
22297193;brak;22296713
22300387;brak;22243729
22297941;brak;22293793
22297961;brak;22293793
22297942;brak;22293794
22297962;brak;22293794
22297943;brak;22293795
22297959;brak;22293795
22297944;brak;22293796
22297960;brak;22293796
22297945;brak;22293797
22297963;brak;22293797
22297946;brak;22293798
22297964;brak;22293798
22300027;brak;22300000
22300031;brak;22300000
22300028;brak;22300001
22300032;brak;22300001
22300029;brak;22300002
22300033;brak;22300002
22300030;brak;22300003
22300034;brak;22300003
22300872;brak;22244968
22297190;brak;22296712
22300244;brak;22270713
22300299;brak;22293792
22300298;brak;22293790
22299136;brak;22284704
22300678;brak;22298310
22300681;brak;22298311
22300679;brak;22298312
22300682;brak;22298313
22300685;brak;22298350
22300684;brak;22298351
22300687;brak;22298372
22300686;brak;22298373
22293998;brak;22293997
22300142;brak;22294605
22298370;brak;22295104
22298371;brak;22295105
22300136;brak;22298307
22300135;brak;22298308
22300137;brak;22298309
22300143;brak;22298342
22300140;brak;22298348
22300139;brak;22298349
22294001;brak;22294000
22298470;brak;22295003
22300138;brak;22298380
22300141;brak;22298381
22300146;brak;22298395
22300680;brak;22298382
22300688;brak;22298383
22300683;brak;22298384
22299949;brak;22299950
621672;brak;62167
621682;brak;62168
22300153;brak;22300041
22300155;brak;22300041
22300154;brak;22300042
22300156;brak;22300042
59223061;brak;5922306
22301797;brak;22300166
22297891;brak;22297890
22297896;brak;22297895
22297886;brak;22297885
22300969;brak;22300960
22300972;brak;22300961
22300977;brak;22300962
22300980;brak;22300963
22300983;brak;22300964
22300989;brak;22300966
22300986;brak;22300965
22293989;brak;22293988
22301973;brak;22298376
22301982;brak;22298378
22301979;brak;22298396
22301977;brak;22298410
22302011;brak;22298398
22302009;brak;22298399
22302007;brak;22298400
22302016;brak;22298402
22302036;brak;22298397
22302052;brak;22298387
22302055;brak;22298388
22302060;brak;22298389
22294019;brak;22294018
22302074;brak;22298390
22302077;brak;22298391
22302153;brak;22302141
22302154;brak;22302142
22302155;brak;22302143
22302156;brak;22302144
22302157;brak;22302145
22302158;brak;22302146
22302321;brak;22302141
22302322;brak;22302142
22302323;brak;22302143
22302324;brak;22302144
22302325;brak;22302145
22302326;brak;22302146
22302701;brak;22302141
22302702;brak;22302142
22302703;brak;22302143
22302704;brak;22302144
22302705;brak;22302145
22302706;brak;22302146
22301820;brak;22214231
22300176;brak;22296865
22300177;brak;22296866
621772;brak;62177
621782;brak;62178
22293986;brak;22293985
22301972;brak;22298305
22301978;brak;22298330
22301976;brak;22298343
22301981;brak;22298344
22301980;brak;22298345
22302010;brak;22298335
22302008;brak;22298336
22302006;brak;22298337
22302013;brak;22298366
22302012;brak;22298367
22302015;brak;22298368
22302014;brak;22298369
22302034;brak;22298333
22302035;brak;22298334
22300596;brak;22300592
22300595;brak;22327778
22302072;brak;22298322
22302073;brak;22298323
22302075;brak;22298324
22302076;brak;22298325
22302078;brak;22298359
22302079;brak;22298358
22294013;brak;22294012
22294016;brak;22294015
22302050;brak;22298314
22302051;brak;22298315
22302053;brak;22298316
22302054;brak;22298317
22302056;brak;22298355
22302057;brak;22298354
22302058;brak;22298357
22302059;brak;22298356
22297198;brak;22295661
22297197;brak;22295660
22297196;brak;22295659
22297199;brak;22295662
22301146;brak;22290203
22301147;brak;22290204
22301148;brak;22290209
22301149;brak;22290213
22301150;brak;22290206
22301151;brak;22290207
22301152;brak;22290208
22301153;brak;22290205
22301154;brak;22290210
22299138;brak;22296577
22299139;brak;22296578
22299140;brak;22296579
22299141;brak;22296579
22302195;brak;22283524
22302196;brak;22283525
22302197;brak;22286404
22302198;brak;22286405
22302199;brak;22283526
22302200;brak;22283527
22302201;brak;22286408
22302202;brak;22286409
22302203;brak;22286397
22302204;brak;22286397
22302205;brak;22290640
22302206;brak;22290640
22302207;brak;22290643
22302208;brak;22290643
22303824;brak;22293997
22303825;brak;22298307
22303826;brak;22298308
22303827;brak;22298309
22303828;brak;22295104
22303829;brak;22295105
22303830;brak;22298349
22303831;brak;22298348
22296562;brak;22296332
22303250;brak;22252324
22303251;brak;22252334
22303252;brak;22267484
621812;brak;62181
621802;brak;62180
22304018;brak;22302755
22285011;brak;22257439
22304538;brak;22243731
22303620;brak;22290313
22304666;brak;22298376
22304053;brak;22300960
22304054;brak;22300961
22304055;brak;22298390
22304056;brak;22300962
22304057;brak;22300963
22304052;brak;22293988
22303875;brak;22302618
22303876;brak;22302618
22293990;brak;22293988
22301987;brak;22298376
22301989;brak;22298377
22301991;brak;22298410
22301993;brak;22298396
22301996;brak;22298378
22301999;brak;22298379
22302018;brak;22298400
22302020;brak;22298399
22302022;brak;22298398
22302027;brak;22298402
22302044;brak;22298386
22302047;brak;22298397
22294011;brak;22294009
22302063;brak;22298387
22302066;brak;22298388
22302071;brak;22298389
22302082;brak;22298390
22302085;brak;22298391
22294020;brak;22294018
22294002;brak;22294000
22301027;brak;22298380
22301028;brak;22298381
22298471;brak;22295003
22301029;brak;22298395
22301030;brak;22298382
22301031;brak;22298384
22301032;brak;22298383
22301096;brak;22300964
22301091;brak;22300963
22301088;brak;22300962
22301099;brak;22300965
22301102;brak;22300966
22301083;brak;22300961
22301080;brak;22300960
22304478;brak;22300205
22304479;brak;22300206
22301994;brak;22298345
22302083;brak;22298324
22302086;brak;22298359
22302087;brak;22298358
22302080;brak;22298322
22303880;brak;22302617
22303881;brak;22302617
22303882;brak;22303879
22303883;brak;22303879
22303877;brak;22303874
22303878;brak;22303874
22305772;brak;22293985
22305773;brak;22293997
22305774;brak;22298307
22305775;brak;22295104
22305776;brak;22295105
22305777;brak;22298322
22305778;brak;22294605
22305779;brak;22298305
22306196;brak;22294000
22306261;brak;22245928
22306020;brak;22304922
22305908;brak;22304922
22305909;brak;22304923
22306022;brak;22304924
22305910;brak;22304924
22306023;brak;22304925
22305911;brak;22304925
622162;brak;n/a
622172;brak;n/a
622182;brak;n/a
622192;brak;n/a
622212;brak;n/a
622222;brak;n/a
22293987;brak;22293985
22301986;brak;22298305
22301988;brak;22298306
22301990;brak;22298343
22301992;brak;22298330
22301995;brak;22298344
22301997;brak;22298347
22301998;brak;22298346
22303908;brak;22296865
22303909;brak;22296866
22305615;brak;22305302
22305617;brak;22305302
22305616;brak;22305303
22305618;brak;22305303
22304644;brak;22297363
22306663;brak;22304922
22306664;brak;22304923
22306665;brak;22304924
22306666;brak;22304925
620142;brak;62014
22302017;brak;22298337
22302019;brak;22298336
22302021;brak;22298335
22302023;brak;22298367
22302024;brak;22298366
22302025;brak;22298369
22302026;brak;22298368
22302042;brak;22298320
22302043;brak;22298321
22302045;brak;22298333
22302046;brak;22298334
22302048;brak;22298353
22302049;brak;22298352
22294008;brak;22294006
22294005;brak;22294003
22301085;brak;22300949
22301084;brak;22300948
22302061;brak;22298314
22302062;brak;22298315
22302064;brak;22298316
22302065;brak;22298317
22302067;brak;22298355
22302068;brak;22298354
22302069;brak;22298357
22302070;brak;22298356
22306013;brak;22306015
22306014;brak;22306016
22302081;brak;22298323
22302084;brak;22298325
22294017;brak;22294015
22294014;brak;22294012
22301078;brak;22300944
22301079;brak;22300945
22301097;brak;22300956
22301098;brak;22300957
22301100;brak;22300958
22301101;brak;22300959
22301081;brak;22300946
22301082;brak;22300947
22301086;brak;22300950
22301087;brak;22300951
22301089;brak;22300952
22301090;brak;22300953
22301092;brak;22298331
22301093;brak;22298332
22301094;brak;22300954
22301095;brak;22300955
22307552;brak;22300949
22307551;brak;22300948
22307451;brak;22298380
22306671;brak;22296701
22306672;brak;22296702
22306673;brak;22296703
22306674;brak;22296704
22306675;brak;22296705
22306676;brak;22296706
22306668;brak;22296711
22306669;brak;22296712
22306670;brak;22296713
22300144;brak;22298331
22300145;brak;22298332
22306977;brak;22306978
22306976;brak;22306978
22308004;brak;22295003
22301033;brak;22298308
22301035;brak;22298309
22293999;brak;22293997
22301034;brak;22298307
22301036;brak;22295105
22301037;brak;22295104
22301038;brak;22298349
22301039;brak;22298348
22301040;brak;22294605
22301041;brak;22298342
22301042;brak;22298310
22301043;brak;22298312
22301044;brak;22298311
22301045;brak;22298313
22301046;brak;22298351
22301047;brak;22298350
22301048;brak;22298373
22301049;brak;22298372
22307279;brak;22307113
22307273;brak;22307113
22307280;brak;22307114
22307274;brak;22307114
22307281;brak;22307115
22307275;brak;22307115
22307282;brak;22307116
22307276;brak;22307116
22307283;brak;22307117
22307277;brak;22307117
22307284;brak;22307118
22307278;brak;22307118
22308247;brak;22307884
22308103;brak;22307884
22308248;brak;22307885
22308104;brak;22307885
622342;brak;62234
619841;brak;61984
22307506;brak;22307119
22307503;brak;22307119
22307507;brak;22307120
22307504;brak;22307120
22307508;brak;22307121
22307505;brak;22307121
22307765;brak;22306373
22308811;brak;22306373
22307766;brak;22306377
22308812;brak;22306377
22307762;brak;22306291
22308813;brak;22306291
22309073;brak;22308621
22309074;brak;22308622
22309075;brak;22308633
22309076;brak;22308634
22309077;brak;22308631
22309078;brak;22308632
22309079;brak;22308635
22309080;brak;22308636
22309065;brak;22308621
22309066;brak;22308622
22309067;brak;22308633
22309068;brak;22308634
22309069;brak;22308631
22309070;brak;22308632
22309071;brak;22308635
22309072;brak;22308636
22307047;brak;22311227
22307048;brak;22311228
22309097;brak;28156956
22309286;brak;22257440
22309287;brak;22257439
22309806;brak;22299950
22308527;brak;22302733
22308529;brak;22302733
22308528;brak;22302734
22308530;brak;22302734
22308411;brak;22308410
22308412;brak;22308410
22310087;brak;22293790
22310088;brak;22293792
22308305;brak;22308306
22309785;brak;22308306
22311466;brak;22311230
22311467;brak;22311236
22311468;brak;22310039
22312275;brak;22312270
22312276;brak;22312271
22312277;brak;22312273
22312278;brak;22312274
22310413;brak;22298949
22310414;brak;22295460
22310415;brak;22295460
22310416;brak;22298949
22310417;brak;22298949
22310418;brak;22295460
22310419;brak;22295460
22310420;brak;22298949
22310421;brak;22298949
22310422;brak;22285200
22310423;brak;22285200
22311607;brak;22267465
22311608;brak;22252342
22311609;brak;22267463
22311610;brak;22267464
22311611;brak;22267462
22311612;brak;22260298
22311613;brak;22282650
22311614;brak;22282649
22311615;brak;22282645
22311616;brak;22282644
22311617;brak;22282646
22311618;brak;22282643
22311619;brak;22283167
22286554;brak;22283167
22311620;brak;22267446
22311621;brak;22290203
22311622;brak;22290204
22311623;brak;22290213
22311624;brak;22290206
22311625;brak;22290207
22311626;brak;22290208
22311627;brak;22290209
22311628;brak;22290205
22311629;brak;22290210
22311630;brak;22291507
22311631;brak;22291515
22311632;brak;22288644
22311633;brak;22309433
22311634;brak;22291511
22311635;brak;22288623
22311636;brak;22291502
22311637;brak;22309432
22311638;brak;22309435
22311471;brak;22291507
22311472;brak;22291515
22311473;brak;22288644
22311474;brak;22309433
22311475;brak;22291511
22311476;brak;22288623
22311477;brak;22291502
22311478;brak;22309432
22311479;brak;22309435
22312413;brak;22308727
22312418;brak;22308727
22312414;brak;22308728
22312419;brak;22308728
22312415;brak;22308730
22312420;brak;22308730
22312412;brak;22308729
22312417;brak;22308729
22312416;brak;22308731
22312421;brak;22308731
22312665;brak;22302617
22312666;brak;22302618
22310424;brak;22298949
22310425;brak;22295460
22310426;brak;22295460
22310427;brak;22298949
22310428;brak;22298949
22310429;brak;22295460
22310430;brak;22295460
22310431;brak;22298949
22310432;brak;22298949
22310433;brak;22285200
22310434;brak;22285200
22313397;brak;22313161
22313398;brak;22313164
22313399;brak;22313161
22313401;brak;22313117
22313402;brak;22313118
22313403;brak;22313119
22313404;brak;22313120
22312279;brak;22312270
22312280;brak;22312271
22312281;brak;22312273
22312282;brak;22312274
22313431;brak;22313043
22313433;brak;22313043
22313432;brak;22313044
22313434;brak;22313044
22312346;brak;22317899
22312347;brak;22317900
22314195;brak;22313956
22314196;brak;22313957
22314197;brak;22313958
22314198;brak;22313959
22311063;brak;22310095
22311065;brak;22310095
22311064;brak;22310096
22311066;brak;22310096
22315213;brak;22313495
22314560;brak;22313495
22313138;brak;22311094
22313539;brak;22311094
22313139;brak;22311095
22313540;brak;22311095
22313133;brak;22311079
22313538;brak;22311079
22313132;brak;22311078
22313537;brak;22311078
22313134;brak;22312491
22313541;brak;22312491
22313757;brak;22313578
22313772;brak;22313578
22313758;brak;22313579
22313773;brak;22313579
22313760;brak;22313581
22313775;brak;22313581
22313761;brak;22313582
22313776;brak;22313582
22313759;brak;22313580
22313774;brak;22313580
22313762;brak;22313583
22313777;brak;22313583
22313763;brak;22313596
22313778;brak;22313596
22313764;brak;22313599
22313779;brak;22313599
22313765;brak;22313600
22313780;brak;22313600
22313767;brak;22313602
22313782;brak;22313602
22313768;brak;22313603
22313783;brak;22313603
22313769;brak;22313604
22313784;brak;22313604
22313770;brak;22313605
22313785;brak;22313605
22313766;brak;22313601
22313781;brak;22313601
22313771;brak;22313606
22313786;brak;22313606
22315825;brak;22315811
22315977;brak;22315811
22315826;brak;22315812
22315978;brak;22315812
22315827;brak;22315816
22315979;brak;22315816
22315828;brak;22315817
22315980;brak;22315817
22315842;brak;22315838
22312348;brak;22309430
22312349;brak;22309431
22312796;brak;22312799
22312797;brak;22312799
22312798;brak;22312799
22312800;brak;22312803
22312801;brak;22312803
22312802;brak;22312803
22316217;brak;22313043
22316218;brak;22313044
22315582;brak;22314508
22315583;brak;22314515
22313792;brak;22306656
22313790;brak;22306656
22313791;brak;22306655
22313789;brak;22306655
22313807;brak;22306646
22313800;brak;22306646
22315829;brak;22315813
22315981;brak;22315813
22315830;brak;22315814
22315982;brak;22315814
22315831;brak;22315823
22315983;brak;22315823
22315832;brak;22315824
22315984;brak;22315824
22315833;brak;22315818
22315985;brak;22315818
22315834;brak;22315819
22315986;brak;22315819
22315843;brak;22315840
22315990;brak;22315840
22315835;brak;22315820
22315987;brak;22315820
22315836;brak;22315821
22315988;brak;22315821
22315844;brak;22315841
22315991;brak;22315841
22317241;brak;22316158
22317242;brak;22316159
22312826;brak;22312829
22312827;brak;22312829
22312828;brak;22312829
22312830;brak;22312833
22312831;brak;22312833
22312832;brak;22312833
22315428;brak;22315427
22315429;brak;22315427
22315430;brak;22315427
22315432;brak;22315431
22315433;brak;22315431
22315434;brak;22315431
22317495;brak;22316861
22317496;brak;22316861
22317497;brak;22316861
22315649;brak;22315628
22315650;brak;22315629
22317748;brak;22317485
22317749;brak;22317485
22317750;brak;22317485
22318278;brak;22318277
22318279;brak;22318277
22318280;brak;22318277
22319599;brak;22309441
22319600;brak;22309442
22319601;brak;22309444
22319602;brak;22309443
22319605;brak;22309445
22319606;brak;22309446
22319607;brak;22309447
22319603;brak;22309449
22319604;brak;22309451
22319608;brak;22309441
22319609;brak;22309442
22319610;brak;22309444
22319611;brak;22309443
22319614;brak;22309445
22319615;brak;22309446
22319616;brak;22309447
22319612;brak;22309449
22319613;brak;22309451
22317914;brak;22317149
22317915;brak;22317150
22318769;brak;22315777
22318767;brak;22315777
22318770;brak;22315778
22318768;brak;22315778
22317492;brak;22317491
22317493;brak;22317491
22317494;brak;22317491
22319958;brak;22303874
22317732;brak;22317731
22317733;brak;22317731
22317734;brak;22317731
22320166;brak;22313161
22320167;brak;22313164
22320168;brak;22316290
22319461;brak;22314634
22319462;brak;22314634
22319463;brak;22314634
22319464;brak;22314635
22319465;brak;22314635
22319466;brak;22314635
22319971;brak;22316275
22319973;brak;22316275
22316944;brak;22312860
22316945;brak;22312861
22320053;brak;22312949
22318994;brak;22320651
22318995;brak;22320652
22318996;brak;22320653
22318997;brak;22320654
22319904;brak;22320649
22320655;brak;22320650
22320584;brak;22303879
22320422;brak;22309430
22320423;brak;22309431
22320412;brak;22316158
22320413;brak;22316159
22320414;brak;22311227
22320415;brak;22311228
22320416;brak;22317899
22320418;brak;22317900
22318987;brak;22308390
22318988;brak;22293774
22318990;brak;22296183
22318991;brak;22307732
22318989;brak;22301774
22320794;brak;22315431
22320795;brak;22315427
22320796;brak;22312803
22320797;brak;22312799
22320720;brak;22316504
22319995;brak;22319993
22319997;brak;22319993
22319996;brak;22319994
22319998;brak;22319994
22316946;brak;22292855
22320050;brak;22296291
22320039;brak;22170360
22320040;brak;22170361
22320041;brak;22170378
22320042;brak;22170380
22320043;brak;22214051
22320044;brak;22214086
22320045;brak;22230404
22320046;brak;22265395
22320047;brak;22265396
22320048;brak;22265398
22320049;brak;22265399
22322378;brak;22322381
22322379;brak;22322381
22322380;brak;22322381
22320380;brak;22320377
22320381;brak;22320378
22320400;brak;22320399
22322983;brak;22321007
22323199;brak;22321007
22322721;brak;22321007
22322984;brak;22321008
22323200;brak;22321008
22322722;brak;22321008
22322985;brak;22321009
22323201;brak;22321009
22322723;brak;22321009
22322986;brak;22321010
22323202;brak;22321010
22322724;brak;22321010
22322987;brak;22321011
22323203;brak;22321011
22322725;brak;22321011
22322988;brak;22321012
22323204;brak;22321012
22322726;brak;22321012
22322116;brak;22322119
22322117;brak;22322119
22322118;brak;22322119
22323131;brak;22320697
22323205;brak;22320697
22323134;brak;22320697
22323132;brak;22320698
22323206;brak;22320698
22323135;brak;22320698
22323133;brak;22320699
22323207;brak;22320699
22323136;brak;22320699
22321467;brak;22321463
22321471;brak;22321463
22321468;brak;22321464
22321472;brak;22321464
22321469;brak;22321465
22321473;brak;22321465
22321470;brak;22321466
22321474;brak;22321466
22317729;brak;22300000
22317730;brak;22300002
22298637;brak;22252923
22298636;brak;22252922
22324973;brak;22322381
22325200;brak;22314634
22324622;brak;22320908
22324243;brak;22320354
22324245;brak;22320354
22324244;brak;22320355
22324246;brak;22320355
22324247;brak;22320356
22324249;brak;22320356
22324248;brak;22320357
22324250;brak;22320357
22324199;brak;22324202
22324200;brak;22324202
22324201;brak;22324202
22324207;brak;22324210
22324208;brak;22324210
22324209;brak;22324210
22325268;brak;22315811
22325269;brak;22315812
22325270;brak;22315816
22325271;brak;22315817
22325272;brak;22321463
22325273;brak;22321464
22325274;brak;22321465
22325275;brak;22321466
22325276;brak;22315813
22325277;brak;22315814
22325278;brak;22315823
22325279;brak;22315824
22325280;brak;22315818
22325281;brak;22315819
22325282;brak;22315820
22325283;brak;22315821
22325284;brak;22315838
22325285;brak;22315840
22325286;brak;22315841
22325988;brak;22320908
22319247;brak;22310215
22326515;brak;22322956
22327571;brak;22326665
22327561;brak;22326665
22327572;brak;22326666
22327562;brak;22326666
22327573;brak;22326667
22327563;brak;22326667
22327574;brak;22326668
22327564;brak;22326668
22327575;brak;22326669
22327565;brak;22326669
22327576;brak;22326670
22327566;brak;22326670
22327577;brak;22326675
22327567;brak;22326675
22327578;brak;22326676
22327568;brak;22326676
22327579;brak;22326679
22327569;brak;22326679
22327580;brak;22326680
22327570;brak;22326680
22327651;brak;22326664
22327650;brak;22326664
22327657;brak;22326671
22327656;brak;22326671
22327663;brak;22326677
22327662;brak;22326677
22327669;brak;22326678
22327668;brak;22326678
22323031;brak;22314635
22323032;brak;22317731
22323033;brak;22314634
22325543;brak;22103651H
22325735;brak;22103866H
22325736;brak;22103867H
22326008;brak;22247378H
22326007;brak;22247379H
22326010;brak;22247385H
22326011;brak;22247386H
22326085;brak;22247383H
22326086;brak;22247384H
22326091;brak;22246988H
22326090;brak;22246989H
22326280;brak;22236025H
22326279;brak;22236024H
22326296;brak;22270183H
22326337;brak;22245549H
22326338;brak;22245548H
22326345;brak;22245551H
22328386;brak;22328385
22328387;brak;22328385
22328861;brak;22324210
22328862;brak;22324202
22320383;brak;22320377
22320384;brak;22320378
22320401;brak;22320399
22328415;brak;22278625
22329581;brak;22302924
22329899;brak;22322956
22329060;brak;22324766
22329061;brak;22324766
22329062;brak;22324766
22329064;brak;22324765
22329065;brak;22324765
22329066;brak;22324765
22329068;brak;22324923
22329069;brak;22324923
22329070;brak;22324923
22329073;brak;22324925
22329074;brak;22324925
22329076;brak;22324927
22329077;brak;22324927
22329078;brak;22324927
22329080;brak;22324929
22329081;brak;22324929
22329082;brak;22324929
22329985;brak;22323963
22329975;brak;22323963
22329986;brak;22323964
22329976;brak;22323964
22329987;brak;22323965
22329977;brak;22323965
22329988;brak;22323966
22329978;brak;22323966
22329989;brak;22323967
22329979;brak;22323967
22329990;brak;22323968
22329980;brak;22323968
22329991;brak;22323969
22329981;brak;22323969
22329992;brak;22323970
22329982;brak;22323970
22329993;brak;22326673
22329983;brak;22326673
22329994;brak;22326674
22329984;brak;22326674
22323748;brak;22323746
22328933;brak;22323746
22323749;brak;22323747
22328934;brak;22323747
22328507;brak;22314463
22328508;brak;22314464
22328514;brak;22327723
22328515;brak;22327724
22328501;brak;22327967
22328502;brak;22327968
22324863;brak;22305163
22328706;brak;22326236
22328710;brak;22326187
22328708;brak;22326240
22329565;brak;22326237
22329563;brak;22326239
22328547;brak;22310741
22328546;brak;22310742
22328551;brak;22330723
22328550;brak;22330724
22328549;brak;22327969
22328548;brak;22327970
22329573;brak;22331456
22331454;brak;22331455
22328581;brak;22330893
22328580;brak;22330894
22328579;brak;22330891
22328578;brak;22330892
22328583;brak;22327971
22328582;brak;22327972
22331800;brak;22322194
22331801;brak;22322194
22331802;brak;22322195
22331803;brak;22322195
22331804;brak;22322196
22331805;brak;22322196
22331806;brak;22322197
22331807;brak;22322197
22331808;brak;22322198
22331809;brak;22322198
22331814;brak;22330248
22331815;brak;22330248
22331816;brak;22330249
22331817;brak;22330249
22331818;brak;22330250
22331819;brak;22330250
22331820;brak;22330251
22331821;brak;22330251
22331812;brak;22311427
22331813;brak;22311427
22328679;brak;22326183
22328698;brak;22326184
22328712;brak;22326193
22328696;brak;22326185
22328702;brak;22326191
22328700;brak;22326189
22328704;brak;22326190
22331745;brak;22170345
22331746;brak;22170348
22328831;brak;22328835
22328832;brak;22328836
22328833;brak;22328837
22328834;brak;22328838
22331276;brak;22331040
22331277;brak;22331040
22331278;brak;22331040
22331279;brak;22331041
22331280;brak;22331041
22331281;brak;22331041
22332478;brak;22170347
22332479;brak;22170373
22333187;brak;22313338
22333554;brak;22313349
22331708;brak;22331707
22331712;brak;22331711
22331715;brak;22331714
22331718;brak;22331717
22331721;brak;22331720
22335133;brak;22118615
22335132;brak;22265274
22335131;brak;22278625
22335069;brak;22308913
22335068;brak;22308977
22334199;brak;22313343
22335059;brak;22334201
22335060;brak;22334201
22335061;brak;22334201
22329063;brak;22324766
22329067;brak;22324765
22329071;brak;22324923
22329075;brak;22324925
22335189;brak;22330817
22335175;brak;22317899
22335176;brak;22317900
22335062;brak;22335031
22335063;brak;22335031
22335064;brak;22335031
22335065;brak;22335036
22335066;brak;22335036
22335067;brak;22335036
22335854;brak;22307120
22335855;brak;22307115
22335856;brak;22307116
22335857;brak;22330250
22335907;brak;22320908
22334257;brak;22321099
22334256;brak;22321099
22334259;brak;22321100
22334258;brak;22321100
22334261;brak;22321101
22334260;brak;22321101
22334263;brak;22321102
22334262;brak;22321102
22333477;brak;22321091
22333469;brak;22321091
22333478;brak;22321092
22333470;brak;22321092
22333479;brak;22321093
22333471;brak;22321093
22333480;brak;22321094
22333472;brak;22321094
22333481;brak;22321095
22333473;brak;22321095
22333482;brak;22321096
22333474;brak;22321096
22333483;brak;22321097
22333475;brak;22321097
22333484;brak;22321098
22333476;brak;22321098
22335807;brak;22331040
22335808;brak;22334201
22333525;brak;22310141
22333526;brak;22310142
22335357;brak;22311459
22335358;brak;22311460
22335943;brak;22335453
22335949;brak;22335453
22335944;brak;22335454
22335950;brak;22335454
22335945;brak;22335009
22335951;brak;22335009
22335946;brak;22335010
22335952;brak;22335010
22335947;brak;22335013
22335953;brak;22335013
22335948;brak;22335014
22335954;brak;22335014
22338379;brak;22330817
22336007;brak;22335154
22336004;brak;22335153
22336189;brak;22330898
22336186;brak;22330897
22336026;brak;22335164
22336023;brak;22335163
22335558;brak;22322238
22336020;brak;22335158
22336017;brak;22335157
22336195;brak;22330902
22336192;brak;22330901
22335782;brak;22326664
22335783;brak;22326665
22335784;brak;22326666
22335785;brak;22326667
22335786;brak;22326668
22335787;brak;22326669
22335788;brak;22326670
22335789;brak;22326671
22335580;brak;22326196
22335582;brak;22326197
22335586;brak;22326198
22335590;brak;22326199
22335588;brak;22326203
22335584;brak;22326188
22335594;brak;22326194
22331810;brak;22321513
22331811;brak;22321513
22336922;brak;22335543
22336463;brak;22335543
22336923;brak;22335011
22336464;brak;22335011
22336924;brak;22335012
22336465;brak;22335012
22339499;brak;22316120
22339500;brak;22316121
22337223;brak;22329648
22337224;brak;22329649
22337225;brak;22329650
22337226;brak;22329651
22337025;brak;22330824
22340671;brak;22307113
22340672;brak;22307114
22340673;brak;22307115
22340674;brak;22307116
22340675;brak;22307117
22340676;brak;22307118
22340677;brak;22302733
22340678;brak;22302734
22340679;brak;22315777
22340680;brak;22315778
22340681;brak;22335013
22340682;brak;22335014
22341529;brak;22293985
22341530;brak;22298305
22341531;brak;22293997
22341532;brak;22298307
22341533;brak;22308730
22337033;brak;22329537
22337032;brak;22329536
22337030;brak;22329526
22337031;brak;22329527
22334129;brak;22333497
22334130;brak;22333498
22341835;brak;22308727
22341836;brak;22308728
22341837;brak;22298344
22341838;brak;22298345
22341839;brak;22295104
22341840;brak;22295105
22342097;brak;22314463
22342098;brak;22314464
22342099;brak;22327723
22342100;brak;22327724
22328709;brak;22326240
22328509;brak;22314463
22328510;brak;22314464
22328516;brak;22327723
22328517;brak;22327724
22328503;brak;22327967
22328504;brak;22327968
22328588;brak;22330894
22328589;brak;22330893
22328590;brak;22327972
22328591;brak;22327971
22328586;brak;22330892
22328587;brak;22330891
22343169;brak;22342363
22343173;brak;22342364
22342421;brak;22326200
22329571;brak;22331455
22329574;brak;22331456
22328559;brak;22330723
22328558;brak;22330724
22328555;brak;22310741
22328554;brak;22310742
22328557;brak;22327969
22328556;brak;22327970
22328680;brak;22326183
22328697;brak;22326185
22328699;brak;22326184
22328701;brak;22326189
22328703;brak;22326191
22328705;brak;22326190
22328711;brak;22326187
22328713;brak;22326193
22328707;brak;22326236
22329564;brak;22326239
22329566;brak;22326237
22335581;brak;22326196
22335583;brak;22326197
22335587;brak;22326198
22335591;brak;22326199
22335589;brak;22326203
22335585;brak;22326188
22335595;brak;22326194
22336008;brak;22335154
22336005;brak;22335153
22336187;brak;22330897
22336190;brak;22330898
22336021;brak;22335158
22336018;brak;22335157
22336027;brak;22335164
22336024;brak;22335163
22336193;brak;22330901
22336196;brak;22330902
22329765;brak;22321291
22329767;brak;22321291
22329766;brak;22321292
22329768;brak;22321292
22337034;brak;22329528
22337035;brak;22329529
22337036;brak;22329530
22337141;brak;22329531
22337037;brak;22329538
22337038;brak;22329539
22343149;brak;22335167
22343150;brak;22335167
22343153;brak;22335168
22343154;brak;22335168
22343159;brak;22342359
22343160;brak;22342359
22343163;brak;22342360
22343164;brak;22342360
22343128;brak;22342357
22343129;brak;22342357
22343132;brak;22342358
22343133;brak;22342358
22343170;brak;22342363
22343174;brak;22342364
22342403;brak;22326201
22342404;brak;22326201
22344437;brak;22336908
22344438;brak;22336910
22343298;brak;22203775
22344275;brak;22170339
22344276;brak;22170372
22344278;brak;22194183
22344279;brak;22194198
22342398;brak;22342399
22342400;brak;22342399
22344785;brak;22335568
22344787;brak;22335568
22344789;brak;22335568
22344786;brak;22335569
22344788;brak;22335569
22344790;brak;22335569
22344923;brak;22329007
22344909;brak;22329007
22344924;brak;22329008
22344910;brak;22329008
22345454;brak;22298949
22345455;brak;22295460
22345456;brak;22298949
22345457;brak;22298949
22345458;brak;22298949
22345461;brak;22295460
22345462;brak;22295460
22345459;brak;22269865
22345460;brak;22269866
22345831;brak;22345188
22345839;brak;22345191
22346437;brak;22346215
22346438;brak;22346216
22343296;brak;22330086
22343297;brak;22330141
22345486;brak;22345199
22345483;brak;22345199
22345489;brak;22345199
22344054;brak;22339547
22344055;brak;22339547
22344056;brak;22344006
22344057;brak;22344006
22339693;brak;22322688
22343940;brak;22324783
22343941;brak;22324783
22343944;brak;22324784
22343945;brak;22324784
22343927;brak;22343925
22343928;brak;22343925
22343934;brak;22343926
22343935;brak;22343926
22345441;brak;22345187
22345447;brak;22345187
22345463;brak;22345187
22345442;brak;22345188
22345448;brak;22345188
22345464;brak;22345188
22345443;brak;22345192
22345449;brak;22345192
22345465;brak;22345192
22345444;brak;22345193
22345450;brak;22345193
22345466;brak;22345193
22345445;brak;22345194
22345451;brak;22345194
22345467;brak;22345194
22345446;brak;22345195
22345452;brak;22345195
22345468;brak;22345195
22345473;brak;22345189
22345469;brak;22345189
22345477;brak;22345189
22345474;brak;22345190
22345470;brak;22345190
22345478;brak;22345190
22345628;brak;22343264
22345475;brak;22345196
22345471;brak;22345196
22345479;brak;22345196
22345476;brak;22345197
22345472;brak;22345197
22345480;brak;22345197
22345484;brak;22345191
22345481;brak;22345191
22345487;brak;22345191
22345485;brak;22345198
22345482;brak;22345198
22345488;brak;22345198
22345830;brak;22345187
22345837;brak;22345189
22345838;brak;22345190
22345516;brak;22345206
22345514;brak;22345206
22345518;brak;22345206
22341719;brak;22214086
22342422;brak;22326200
22346953;brak;22346717
22346951;brak;22346717
22346954;brak;22346718
22346952;brak;22346718
22347114;brak;22234968
22347115;brak;22254123
22345091;brak;22336225
22345092;brak;22336325
22345093;brak;22336324
22348358;brak;22329648
22348359;brak;22329649
22348360;brak;22329650
22348361;brak;22329651
22345840;brak;22345198
22349859;brak;22326183
22349537;brak;22343269
22349536;brak;22345569
22347283;brak;22346703
22347284;brak;22346704
22347285;brak;22346706
22349235;brak;22321849
22349234;brak;22321850
22349237;brak;22321851
22349236;brak;22321852
22349239;brak;22321855
22349238;brak;22321856
22350339;brak;22329650
22350340;brak;22329651
22346505;brak;22170346
22346506;brak;22170344
22347058;brak;22170381
22347059;brak;22170382
22347032;brak;22312947
22349998;brak;22349997
22349999;brak;22349997
22347914;brak;22347908
22347915;brak;22347908
22347910;brak;22347907
22347911;brak;22347907
22350520;brak;22336226
22350142;brak;22316120
22350143;brak;22316121
22349538;brak;22348931
22350808;brak;22275270
22350851;brak;22253715
22352904;brak;22346199
22352903;brak;22346197
22352342;brak;22330829
22351560;brak;22349028
22351586;brak;22349031
22350165;brak;22350159
22350166;brak;22350159
22350161;brak;22350160
22350162;brak;22350160
22350049;brak;22350043
22350050;brak;22350043
22350045;brak;22350044
22350046;brak;22350044
22350175;brak;22350169
22350176;brak;22350169
22350171;brak;22350170
22350172;brak;22350170
22350483;brak;22326219
22350477;brak;22326219
22350479;brak;22326215
22350473;brak;22326215
22350480;brak;22326216
22350474;brak;22326216
22350481;brak;22326217
22350475;brak;22326217
22350482;brak;22326218
22350476;brak;22326218
22334131;brak;22333497
22334132;brak;22333498
22350018;brak;22350013
22350019;brak;22350013
22350015;brak;22350014
22350016;brak;22350014
22351559;brak;22349028
22353978;brak;22353076
22353979;brak;22353077
22351561;brak;22349028
22351582;brak;22349030
22351587;brak;22349031
22353842;brak;22351364
22353843;brak;22351364
22353844;brak;22351364
22353845;brak;22351364
22353846;brak;22351366
22353847;brak;22351366
22353848;brak;22351366
22353849;brak;22351362
22353850;brak;22351362
22353851;brak;22351362
22351577;brak;22349039
22353862;brak;22353873
22353863;brak;22353873
22353864;brak;22353873
22353865;brak;22353874
22353866;brak;22353874
22353867;brak;22353875
22353868;brak;22353875
22352413;brak;22326202
22352414;brak;22326202
22351419;brak;22349029
22354511;brak;22302926
22354512;brak;22315188
22354513;brak;22295387
22354515;brak;22315101
22354516;brak;22329782
22354517;brak;22345005
22354514;brak;22345004
22354226;brak;22330901
22354227;brak;22330902
22349229;brak;22321849
22349228;brak;22321850
22349231;brak;22321851
22349230;brak;22321852
22349233;brak;22321855
22349232;brak;22321856
22347286;brak;22346703
22347287;brak;22346704
22347288;brak;22346706
22354924;brak;22353078
22354842;brak;22342551
22354843;brak;22302927
22354844;brak;22315186
22354845;brak;22315095
22354846;brak;22329742
22354847;brak;22295769
22354848;brak;22342555
22355403;brak;22354788
22355404;brak;22354787
22355681;brak;22354795
22350195;brak;22350189
22350196;brak;22350189
22350191;brak;22350190
22350192;brak;22350190
22350185;brak;22350179
22350186;brak;22350179
22350181;brak;22350180
22350182;brak;22350180
22350039;brak;22350033
22350040;brak;22350033
22350035;brak;22350034
22350036;brak;22350034
22350029;brak;22350023
22350030;brak;22350023
22350025;brak;22350024
22350026;brak;22350024
22353541;brak;22194207
22355682;brak;22354796
22355907;brak;22329526
22355908;brak;22329527
22355913;brak;22329536
22355914;brak;22329537
22354633;brak;22331727
22353633;brak;22321091
22353634;brak;22321092
22353635;brak;22321093
22353636;brak;22321094
22353637;brak;22321095
22353638;brak;22321096
22353639;brak;22346717
22353640;brak;22346718
22356566;brak;22354797
22356761;brak;22356757
22356760;brak;22356756
22355925;brak;22332034
22355926;brak;22332035
22355927;brak;22332036
22355928;brak;22332037
22355909;brak;22329528
22355910;brak;22329529
22357737;brak;22357740
22357738;brak;22357741
22357739;brak;22357742
22357499;brak;22310095
22357500;brak;22310096
22357501;brak;22321007
22357502;brak;22321008
22357503;brak;22321009
22357504;brak;22321010
22357505;brak;22321011
22357665;brak;22307119
22357666;brak;22308410
22357667;brak;22330250
22356942;brak;22239360
22358233;brak;22358231
22358232;brak;22358230
22355917;brak;22329532
22355918;brak;22329533
22357423;brak;22356530
22357424;brak;22356531
22357774;brak;22349760
22357558;brak;22354200
22357560;brak;22354200
22357559;brak;22354199
22357561;brak;22354199
22357562;brak;22354300
22357563;brak;22354300
22358795;brak;22358787
22358796;brak;22358788
22358797;brak;22358789
22358798;brak;22358790
22358799;brak;22358791
22358800;brak;22358792
22358801;brak;22358793
22358802;brak;22358794
22358731;brak;22358594
22358732;brak;22358595
22358733;brak;22358596
22358734;brak;22358597
22358735;brak;22358602
22358736;brak;22358603
22358737;brak;22358604
22357506;brak;22321012
22357507;brak;22323965
22357508;brak;22323966
22356560;brak;22321099
22356561;brak;22321100
22358931;brak;22353081
22358938;brak;22353074
22356749;brak;22358594
22356750;brak;22358595
22356751;brak;22358596
22356752;brak;22358597
22356753;brak;22358602
22356754;brak;22358603
22356755;brak;22358604
22343138;brak;22342361
22343139;brak;22342361
22343142;brak;22342362
22343143;brak;22342362
22342415;brak;22342365
22342416;brak;22342365
22342455;brak;22342366
22342456;brak;22342366
22358195;brak;22346704
22358193;brak;22321851
22358194;brak;22321852
22360734;brak;22360730
22360735;brak;22360731
22360417;brak;22344610
22359394;brak;22329650
22359395;brak;22329651
22359396;brak;22329526
22359397;brak;22329527
22359398;brak;22329536
22359399;brak;22329537
22361054;brak;22356530
22361055;brak;22356531
22359402;brak;22329530
22359403;brak;22329531
22359404;brak;22329538
22359405;brak;22329539
22355783;brak;22355717
22355791;brak;22355717
22355784;brak;22355718
22355792;brak;22355718
22355787;brak;22355720
22355795;brak;22355720
22355782;brak;22355716
22355790;brak;22355716
22355788;brak;22355721
22355796;brak;22355721
22355743;brak;22355705
22355759;brak;22355705
22355744;brak;22355706
22355760;brak;22355706
22355745;brak;22355707
22355761;brak;22355707
22355746;brak;22355708
22355762;brak;22355708
22355751;brak;22355711
22355767;brak;22355711
22355752;brak;22355712
22355768;brak;22355712
22355753;brak;22355713
22355769;brak;22355713
22355754;brak;22355714
22355770;brak;22355714
22355741;brak;22355703
22355757;brak;22355703
22355742;brak;22355704
22355758;brak;22355704
22359275;brak;22358751
22359276;brak;22358752
22359277;brak;22358753
22359278;brak;22358754
22359279;brak;22358755
22359280;brak;22358756
22358962;brak;22358900
22358974;brak;22358900
22358961;brak;22358899
22358973;brak;22358899
22358960;brak;22335824
22358972;brak;22335824
22358959;brak;22335823
22358971;brak;22335823
22358958;brak;22358902
22358970;brak;22358902
22358957;brak;22358901
22358969;brak;22358901
22358955;brak;22358903
22358967;brak;22358903
22358956;brak;22358904
22358968;brak;22358904
22358953;brak;22358905
22358965;brak;22358905
22358954;brak;22358906
22358966;brak;22358906
22359300;brak;22358782
22359305;brak;22358782
22359301;brak;22358783
22359306;brak;22358783
22359302;brak;22358784
22359307;brak;22358784
22359303;brak;22358785
22359308;brak;22358785
22359304;brak;22358786
22359309;brak;22358786
22359475;brak;22242463
22359787;brak;22242462
22359569;brak;22357107
22360473;brak;22357107
22360477;brak;22357107
22359570;brak;22357106
22360474;brak;22357106
22360476;brak;22357106
22361909;brak;22333867/22306998
22359568;brak;22357111
22360475;brak;22357111
22360478;brak;22357111
22360631;brak;22348931
22356442;brak;22332034
22356443;brak;22332035
22360487;brak;22347655
22361513;brak;22347655
22357160;brak;22119731
22357161;brak;22117559
22356444;brak;22332036
22356445;brak;22332037
22361166;brak;22335859
22361164;brak;22355191
22361165;brak;22355192
22361385;brak;22356536
22361386;brak;22356537
22361387;brak;22356551
22361388;brak;22356552
22361389;brak;22356542
22361390;brak;22356543
22361391;brak;22356558
22361392;brak;22356559
22363122;brak;22329526
22363123;brak;22329527
22363124;brak;22329536
22363125;brak;22329537
22361843;brak;22355821
22361845;brak;22355821
22361844;brak;22355822
22361846;brak;22355822
22361739;brak;22361737
22361741;brak;22361737
22361740;brak;22361738
22361742;brak;22361738
22365459;brak;22321093
22365460;brak;22321094
22365461;brak;22321100
22361745;brak;22361743
22361747;brak;22361743
22361746;brak;22361744
22361748;brak;22361744
22361757;brak;22361755
22361759;brak;22361755
22361758;brak;22361756
22361760;brak;22361756
22361751;brak;22361749
22361753;brak;22361749
22361752;brak;22361750
22361754;brak;22361750
22365733;brak;22326193
22365609;brak;22372352
22365938;brak;22360840
22365939;brak;22360816
22366012;brak;22360850
22366013;brak;22360850
22365811;brak;22360818
22366071;brak;22351067
22366079;brak;22351067
22366072;brak;22351068
22366080;brak;22351068
22366077;brak;22351055
22366085;brak;22351055
22366078;brak;22351056
22366086;brak;22351056
22363309;brak;22351057
22363311;brak;22351057
22363310;brak;22351058
22363312;brak;22351058
22365649;brak;22326223
22365650;brak;22326223
22365655;brak;22326224
22365656;brak;22326224
22365661;brak;22326226
22365662;brak;22326226
22365667;brak;22326227
22365668;brak;22326227
22365673;brak;22326228
22365674;brak;22326228
22366073;brak;22351063
22366081;brak;22351063
22366074;brak;22351064
22366082;brak;22351064
22366075;brak;22351059
22366083;brak;22351059
22366076;brak;22351060
22366084;brak;22351060
22363305;brak;22351065
22363307;brak;22351065
22363306;brak;22351066
22363308;brak;22351066
22366566;brak;22361743
22366567;brak;22361744
22367343;brak;22349997
22367344;brak;22347907
22367345;brak;22347908
22363776;brak;22273050
22364344;brak;22362769
22364345;brak;22362769
22367188;brak;22362348
22367113;brak;22366483
22367114;brak;22366483
22367115;brak;22366484
22367116;brak;22366484
22367126;brak;22366557
22367127;brak;22366557
22367128;brak;22366558
22367129;brak;22366558
22367176;brak;22326207
22367177;brak;22326207
22360197;brak;22242462
22367954;brak;22356536
22367955;brak;22356537
22367956;brak;22356551
22367957;brak;22356552
22367958;brak;22356542
22367959;brak;22356543
22367960;brak;22356558
22367961;brak;22356559
22368230;brak;22313517
22368231;brak;22313519
22355772;brak;22344220
22355776;brak;22344220
22355773;brak;22344221
22355777;brak;22344221
22355775;brak;22344223
22355779;brak;22344223
22355723;brak;22343605
22355731;brak;22343605
22355724;brak;22343606
22355732;brak;22343606
22355725;brak;22343607
22355733;brak;22343607
22355726;brak;22343608
22355734;brak;22343608
22355729;brak;22343609
22355737;brak;22343609
22355730;brak;22343610
22355738;brak;22343610
22367189;brak;22362349
22368004;brak;22366523
22334314;brak;22333536
22334315;brak;22333537
22362327;brak;22362325
22362328;brak;22362326
22368784;brak;22368781
22368785;brak;22368782
22368786;brak;22368783
22368823;brak;22363405
22368824;brak;22363405
22363438;brak;22362298
22368236;brak;22367541
22368237;brak;22367541
22368238;brak;22367541
22368239;brak;22367542
22368240;brak;22367542
22368241;brak;22367542
22370769;brak;22326189
22370770;brak;22326183
22370771;brak;22326184
22368070;brak;22368074
22368071;brak;22368075
22369701;brak;22368301
22369703;brak;22368301
22369702;brak;22368302
22369704;brak;22368302
22369874;brak;22368353
22369875;brak;22368353
22369886;brak;22368352
22369887;brak;22368352
22371509;brak;22370212
22371369;brak;22370212
22371466;brak;22356536
22371467;brak;22356537
22371468;brak;22356551
22371469;brak;22356552
22371470;brak;22356542
22371471;brak;22356543
22371476;brak;22356558
22371477;brak;22356559
22371472;brak;22329532
22371473;brak;22329533
22369289;brak;22358594
22369290;brak;22358595
22369291;brak;22358596
22369292;brak;22358597
22369293;brak;22358602
22369294;brak;22358603
22369295;brak;22358604
22372230;brak;22344610
22372232;brak;22362348
22372233;brak;22362349
22372226;brak;22339877
22372227;brak;22338817
22372228;brak;22338816
22370833;brak;22338816
22370834;brak;22338817
22370835;brak;22339877
22370691;brak;22344610
22371951;brak;22371950
22371952;brak;22371950
22371953;brak;22371950
22371954;brak;22371950
22371965;brak;22371964
22371966;brak;22371964
22371967;brak;22371964
22371968;brak;22371964
22371971;brak;22371970
22371972;brak;22371970
22371973;brak;22371970
22372614;brak;22344610
22372616;brak;22362348
22372617;brak;22362349
22372619;brak;22339877
22372620;brak;22338817
22372621;brak;22338816
22369924;brak;22329648
22369925;brak;22329649
22372599;brak;22329648
22372600;brak;22329649
618932;brak;61893
618942;brak;61894
22277535;brak;22285383
22277536;brak;22285381
22277537;brak;22285382
22278823;brak;22285380
22286548;brak;22267465
22286549;brak;22252342
22286550;brak;22260298
22286551;brak;22267462
22286552;brak;22267463
22286553;brak;22267464
22338377;brak;22324677
22371633;brak;22369342
22371634;brak;22369342
22371635;brak;22369357
22371637;brak;22369357
22371636;brak;22369358
22371638;brak;22369358
22370693;brak;22362348
22370694;brak;22362349
22368169;brak;22367533
22368170;brak;22367533
22368171;brak;22367533
22368172;brak;22367533
22368173;brak;22367535
22368174;brak;22367535
22368175;brak;22367535
22368176;brak;22367537
22368177;brak;22367537
22368178;brak;22367537
22368179;brak;22367537
22368180;brak;22367539
22368181;brak;22367539
22368182;brak;22367539
22368143;brak;22367526
22368144;brak;22367526
22368145;brak;22367526
22368146;brak;22367526
22368147;brak;22367527
22368148;brak;22367527
22368149;brak;22367527
22368150;brak;22367527
22368151;brak;22367528
22368152;brak;22367528
22368153;brak;22367528
22368165;brak;22367531
22368166;brak;22367531
22368167;brak;22367531
22368168;brak;22367531
22370779;brak;22360892
22370780;brak;22360895
22370891;brak;22367606
22370892;brak;22367608
22370602;brak;22370338
22370603;brak;22370338
22370604;brak;22370338
22370605;brak;22370339
22370606;brak;22370339
22370607;brak;22370339
22370608;brak;22370340
22370609;brak;22370340
22370610;brak;22370340
22370615;brak;22370342
22370616;brak;22370342
22370617;brak;22370342
22370618;brak;22370343
22370619;brak;22370343
22370620;brak;22370343
22370621;brak;22370343
22370622;brak;22370344
22370623;brak;22370344
22370624;brak;22370344
22370625;brak;22370344
22370626;brak;22370345
22370627;brak;22370345
22370628;brak;22370345
22370629;brak;22370345
22370631;brak;22370346
22370630;brak;22370346
22370632;brak;22370347
22370633;brak;22370347
22370634;brak;22370347
22373424;brak;22373423
22373425;brak;22373423
22373426;brak;22373423
22373427;brak;22373423
22373047;brak;22373039
22373049;brak;22373039
22373048;brak;22373040
22373050;brak;22373040
22373757;brak;22373758
22372972;brak;22338816
22372973;brak;22338817
22372974;brak;22339877
22372977;brak;22344610
22372978;brak;22362348
22372979;brak;22362349
22373522;brak;22371128
22374094;brak;22363045
22374095;brak;22369340
22374096;brak;22360976
22374097;brak;22370781
22355728;brak;22343612
22355736;brak;22343612
22355727;brak;22343611
22355735;brak;22343611
22370250;brak;22344222
22370251;brak;22344222
22371863;brak;22369496
22371864;brak;22369497
22371865;brak;22369498
22371866;brak;22369499
22375066;brak;22374338
22373219;brak;22360200
22373220;brak;22360200
22371488;brak;22366824
22371489;brak;22366825
22371490;brak;22366826
22371491;brak;22366827
22374993;brak;22374338
22375162;brak;22375156
22375163;brak;22375156
22375164;brak;22375156
22375165;brak;22375157
22375166;brak;22375157
22375167;brak;22375157
22375168;brak;22375157
22375169;brak;22375158
22375170;brak;22375158
22375225;brak;22367528
22373193;brak;22293657
22373192;brak;22293655
22371371;brak;22200117
22373191;brak;22199906
22373023;brak;22200073
22373194;brak;22200159
22374368;brak;22227675H
22372885;brak;22363961
22372887;brak;22363961
22372886;brak;22363962
22372888;brak;22363962
22374190;brak;22374166
22374212;brak;22374166
22374189;brak;22374165
22374211;brak;22374165
22374192;brak;22374168
22374214;brak;22374168
22374191;brak;22374167
22374213;brak;22374167
22374198;brak;22374174
22374220;brak;22374174
22374197;brak;22374173
22374219;brak;22374173
22374200;brak;22374176
22374222;brak;22374176
22374199;brak;22374175
22374221;brak;22374175
22374204;brak;22374180
22374226;brak;22374180
22374203;brak;22374179
22374225;brak;22374179
22374994;brak;22374338
22374704;brak;22341902
22374705;brak;22341903
22374706;brak;22341908
22374707;brak;22341909
22371087;brak;22371045
22371089;brak;22371045
22371088;brak;22371046
22371090;brak;22371046
22371095;brak;22371074
22371096;brak;22371074
22371495;brak;22305302
22371496;brak;22305303
22377246;brak;22369496
22377247;brak;22369497
22377248;brak;22369498
22377249;brak;22369499
22374758;brak;22326225
22374759;brak;22326225
22375391;brak;22374551
22375393;brak;22374551
22375392;brak;22374552
22375394;brak;22374552
22375399;brak;22374553
22375401;brak;22374553
22375400;brak;22374554
22375402;brak;22374554
22375395;brak;22374555
22375397;brak;22374555
22375396;brak;22374556
22375398;brak;22374556
22374267;brak;22348726
22374278;brak;22348726
22374268;brak;22355227
22374279;brak;22355227
22374271;brak;22355228
22374282;brak;22355228
22374272;brak;22360148
22374283;brak;22360148
22374274;brak;22355230
22374285;brak;22355230
22376469;brak;22376329
22373132;brak;22373125
22373133;brak;22373125
22374269;brak;22363630
22374280;brak;22363630
22374270;brak;22363631
22374281;brak;22363631
22374276;brak;22355883
22374287;brak;22355883
22375452;brak;22363632
22374288;brak;22363632
22372893;brak;22372891
22372895;brak;22372891
22372894;brak;22372892
22372896;brak;22372892
22376354;brak;22372757
22374194;brak;22374170
22374216;brak;22374170
22374193;brak;22374169
22374215;brak;22374169
22374196;brak;22374172
22374218;brak;22374172
22374195;brak;22374171
22374217;brak;22374171
22374210;brak;22374186
22374232;brak;22374186
22374209;brak;22374185
22374231;brak;22374185
22376583;brak;22376074
22376585;brak;22376074
22376587;brak;22376074
22376446;brak;22376071
22377009;brak;22376071
22377012;brak;22376071
22374963;brak;22272676
22372728;brak;22369393
22373078;brak;22351257
22377066;brak;22351258
22374208;brak;22374184
22374230;brak;22374184
22374207;brak;22374183
22374229;brak;22374183
22378437;brak;22377750
22378438;brak;22377751
22378322;brak;22376356
22378323;brak;22376356
22378992;brak;22371045
22378993;brak;22371046
22378994;brak;22371074
22355859;brak;22333510
22378551;brak;22362349
22378552;brak;22362349
22378553;brak;22362349
22378554;brak;22338817
22378555;brak;22338817
22378556;brak;22338817
22378805;brak;22336771
22378806;brak;22336771
22378807;brak;22336771
22378808;brak;22345491
22378809;brak;22345491
22378810;brak;22345491
22379728;brak;22379389
22378684;brak;22339803
22378686;brak;22339803
22379062;brak;22339803
22378685;brak;22339881
22378687;brak;22339881
22379063;brak;22339881
22379539;brak;22366503
22379540;brak;22366502
22379541;brak;22366504
22379542;brak;22366505
22380091;brak;22376329
22373637;brak;22377076
22373638;brak;22377076
22373641;brak;22377077
22373643;brak;22377077
22373642;brak;22377078
22373644;brak;22377078
22378531;brak;22378291
22378537;brak;22378291
22378532;brak;22378292
22378538;brak;22378292
22378533;brak;22378289
22378539;brak;22378289
22378534;brak;22378290
22378540;brak;22378290
22380117;brak;22372938
22380362;brak;22360892
22380363;brak;22360895
22380364;brak;22367606
22380365;brak;22367608
22379366;brak;22379360
22379364;brak;22379360
22379362;brak;22379360
22379365;brak;22379359
22379363;brak;22379359
22379361;brak;22379359
22379376;brak;22379375
22379377;brak;22379375
22379378;brak;22379375
22374944;brak;22287871
22374981;brak;22284704
22374982;brak;22284717
22374983;brak;22291795
22380502;brak;22379389
22380503;brak;22379389
22381005;brak;22374034
22374941;brak;22253195
22374943;brak;22270713
22374971;brak;22254276
22374974;brak;28096616
22374958;brak;22265829
22374960;brak;22265658
22374970;brak;22254274
22374972;brak;22254277
22374975;brak;28147507
22374976;brak;28099337
22374977;brak;28095873
22374952;brak;22241834
22374980;brak;22265916
22381296;brak;22380717
22381297;brak;22380717
22381298;brak;22380717
22381145;brak;22380821
22381146;brak;22380834
22381147;brak;22380903
22381148;brak;22380897
22381149;brak;22380909
22381150;brak;22380915
22379519;brak;22379163
22379520;brak;22379164
22379817;brak;22366777
22379818;brak;22366778
22379819;brak;22366779
22379820;brak;22366780
22379503;brak;22379279
22379504;brak;22379280
22379502;brak;22379277
22379776;brak;22341902
22379777;brak;22341903
22379778;brak;22341908
22379779;brak;22341909
22378336;brak;22375240
22378337;brak;22375241
22378338;brak;22375242
22378339;brak;22375243
38003736;brak;38001778
38003737;brak;38001778
38003738;brak;38001778
38005912;brak;38005286
38005951;brak;38005287
38005965;brak;38005288
38005964;brak;38005289
38005967;brak;38005290
38005962;brak;38005310
38005104;brak;22354199
38005108;brak;22354200
38005113;brak;22354300
22380876;brak;22369410
22380877;brak;22360825
22379645;brak;22380281
38007411;brak;38004762
38003102;brak;38000451
38003103;brak;38000451
38003099;brak;38000451
38004551;brak;38000663
38004554;brak;38000663
38004555;brak;38000663
38004559;brak;38000664
38004560;brak;38000664
38004561;brak;38000664
38009153;brak;38006909
38009154;brak;38006909
38009155;brak;38006909
38009156;brak;38006910
38009158;brak;38006910
38009160;brak;38006910
38008712;brak;38006921
38008713;brak;38006921
38008714;brak;38006921
38008715;brak;38006922
38008716;brak;38006922
38008717;brak;38006922
38007638;brak;28156946
38010428;brak;38005121
38010429;brak;38005121
38010932;brak;38005119
38010933;brak;38005119
38010934;brak;38005120
38010935;brak;38005120
38009797;brak;38006532
38010167;brak;38006532
38010166;brak;38006532
38010000;brak;38006533
38010169;brak;38006533
38010168;brak;38006533
38010012;brak;38006534
38010014;brak;38006534
38010170;brak;38006534
38010171;brak;38006534
38010015;brak;38006535
38010016;brak;38006535
38010173;brak;38006535
38010174;brak;38006535
38010017;brak;38006540
38010175;brak;38006540
38010018;brak;38006541
38010176;brak;38006541
38010019;brak;38006544
38010177;brak;38006544
38010028;brak;38006545
38010178;brak;38006545
38010030;brak;38006548
38010179;brak;38006548
38010034;brak;38006549
38010180;brak;38006549
38010038;brak;38006550
38010181;brak;38006550
38010039;brak;38006551
38010182;brak;38006551
38010040;brak;38006556
38010183;brak;38006556
38010042;brak;38006557
38010184;brak;38006557
38010043;brak;38006560
38010185;brak;38006560
38010045;brak;38006561
38010186;brak;38006561
38010047;brak;38006562
38010188;brak;38006562
38010048;brak;38006563
38010189;brak;38006563
38008915;brak;22282504
38011870;brak;38008700
38011871;brak;38008701
38011872;brak;38008702
38011875;brak;38006469
38011876;brak;38006472
22258338;22252890;28103609
22258339;22252891;28103609
28103604;22252890;28103609
28113309;22252891;28103609
22305719;22302726;22302725
22305720;22302730;22302729
22305721;22302186;22302187
22306221;22305667;22284451
22303720;22294860;22294861
22303721;22294864;22294865
22303722;22300894;22300895
22303723;22300899;22300900
22303724;22300904;22300905
22303725;22300909;22300910
22305701;22305060;22305070
22305702;22305061;22305071
22305703;22305085;22305071
22305704;22305062;22305072
22305705;22305093;22305111
22305706;22305094;22305112
22305708;22305095;22305113
22305707;22305096;22305114
22305709;22305097;22305115
22305710;22305098;22305116
22305711;22305099;22305117
22305712;22305100;22305118
22308176;22302563;22302564
22308177;22303608;22303609
22307523;22282846;22280540
22307525;22282846;22280540
22307524;22281323;22280540
22307526;22281323;22280540
22309581;22308458;22308446
22308603;22307396;22287865
22308604;22307397;22287865
22308756;22307409;22287866
22308757;22307410;22287866
22309585;22307420;22307360
22308367;22287985;22287866
22308368;22287986;22287866
22308369;22295785;22287866
22308370;22295786;22287866
22308366;22287877;22304547
22308364;22287876;22304547
22310211;22299522;22299523
22312734;22305060;22305070
22312735;22305061;22305071
22312736;22305093;22305111
22312737;22305094;22305112
22312722;22305060;22305070
22312723;22305061;22305071
22312724;22305085;22305071
22312725;22305062;22305072
22312726;22305093;22305111
22312727;22305094;22305112
22312728;22305095;22305113
22312729;22305096;22305114
22312730;22305097;22305115
22312731;22305098;22305116
22312732;22305099;22305117
22312733;22305100;22305118
22313455;22312535;22312524
22313456;22312536;22312525
22309580;22307439;22307438
22309579;22304607;22306384
22310151;22304645;22304646
22310153;22304649;22304650
22310152;22304647;22304648
22309586;22307421;22307361
22323797;22319869;22318615
22323798;22319870;22318615
22323775;22319768;22318563
22323776;22319769;22318563
22323777;22319770;22318563
22323778;22319771;22318563
22323779;22319772;22318563
22323780;22319773;22318563
22313693;22308510;22308509
22313694;22308516;22308515
22304841;22319893;22298949
22304847;22319893;22298949
22304842;22319894;22298949
22304848;22319894;22298949
22304845;22319895;22285200
22304851;22319895;22285200
22304846;22319896;22285200
22304852;22319896;22285200
22325989;22316889;22316890
22325991;22316892;22316893
22325990;22316894;22316895
22329464;22327817;22298075
22329465;22327818;22279097
22329466;22325618;22325614
22332769;22327258;22327257
22332766;22327186;22327130
22332770;22327777;22327778
22332771;22332512;22312456
22332767;22327252;22326344
22332768;22327253;22327214
22343744;22342527;22342526
22343745;22342530;22342529
22341331;22282846;22280540
22341332;22281323;22280540
22341333;22282846;22280540
22341334;22281323;22280540
22342367;22336111;22336112
22338616;22325906;22325904
22338617;22328068;22328067
22338618;22328636;22325904
22338619;22328609;22328067
22338640;22330725;22330726
22360633;22359765;22359734
22360634;22359783;22359779
22362173;22252890;28103609
22362174;22252891;28103609
22363033;22252890;28103609
22363034;22252891;28103609
22367313;22361407;22327257
22367314;22361848;22284451
22367315;22361852;22359779
22367316;22361853;22284451
22367317;22361866;22307438
22367318;22361869;22342526
22364652;22342566;22342567
22364653;22344045;22344046
22370198;28103601;22234255
22370199;28113308;22234255
22370200;22252888;22234255
22370201;22252889;22234255
22368275;28103601;22234255
22368276;28113308;22234255
22368277;22252888;22234255
22368278;22252889;22234255
22370249;22370552;22370498
22371493;22282846;22280540
22371494;22281323;22280540
22371497;22319895;22285200
22371498;22319896;22285200
22371499;22319893;22298949
22371500;22319894;22298949
22372018;22359204;22359203
22372019;22359214;22359215
22372020;22359209;22359210
22374962;22308458;22308446
38007287;38003861;38004419
38008698;38003860;38004263
38010879;38004778;38004552
38010878;38004988;38004553
38011094;38005155;38004553
;;
