ShiftID,LineID,MachineID,ShiftDate,ShiftName,StartTime,EndTime,BreakMinutes,PlannedDowntimeMinutes
SFT-00001,L1,M101,2025-04-21,A,06:00,14:00,30,10
SFT-00002,L1,M102,2025-04-21,A,06:00,14:00,30,10
SFT-00003,L1,M103,2025-04-21,A,06:00,14:00,30,10
SFT-00004,L1,M104,2025-04-21,A,06:00,14:00,30,10
SFT-00005,L1,M105,2025-04-21,A,06:00,14:00,30,10
SFT-00006,L1,M106,2025-04-21,A,06:00,14:00,30,10
SFT-00007,L1,M107,2025-04-21,A,06:00,14:00,30,10
SFT-00008,L2,M201,2025-04-21,A,06:00,14:00,30,10
SFT-00009,L2,M202,2025-04-21,A,06:00,14:00,30,10
SFT-00010,L2,M203,2025-04-21,A,06:00,14:00,30,10
SFT-00011,L2,M204,2025-04-21,A,06:00,14:00,30,10
SFT-00012,L2,M205,2025-04-21,A,06:00,14:00,30,10
SFT-00013,L2,M206,2025-04-21,A,06:00,14:00,30,10
SFT-00014,L3,M301,2025-04-21,A,06:00,14:00,30,10
SFT-00015,L3,M302,2025-04-21,A,06:00,14:00,30,10
SFT-00016,L3,M303,2025-04-21,A,06:00,14:00,30,10
SFT-00017,L3,M304,2025-04-21,A,06:00,14:00,30,10
SFT-00018,L3,M305,2025-04-21,A,06:00,14:00,30,10
SFT-00019,L1,M101,2025-04-21,B,14:00,22:00,30,15
SFT-00020,L1,M102,2025-04-21,B,14:00,22:00,30,15
SFT-00021,L1,M103,2025-04-21,B,14:00,22:00,30,15
SFT-00022,L1,M104,2025-04-21,B,14:00,22:00,30,15
SFT-00023,L1,M105,2025-04-21,B,14:00,22:00,30,15
SFT-00024,L1,M106,2025-04-21,B,14:00,22:00,30,15
SFT-00025,L1,M107,2025-04-21,B,14:00,22:00,30,15
SFT-00026,L2,M201,2025-04-21,B,14:00,22:00,30,15
SFT-00027,L2,M202,2025-04-21,B,14:00,22:00,30,15
SFT-00028,L2,M203,2025-04-21,B,14:00,22:00,30,15
SFT-00029,L2,M204,2025-04-21,B,14:00,22:00,30,15
SFT-00030,L2,M205,2025-04-21,B,14:00,22:00,30,15
SFT-00031,L2,M206,2025-04-21,B,14:00,22:00,30,15
SFT-00032,L3,M301,2025-04-21,B,14:00,22:00,30,15
SFT-00033,L3,M302,2025-04-21,B,14:00,22:00,30,15
SFT-00034,L3,M303,2025-04-21,B,14:00,22:00,30,15
SFT-00035,L3,M304,2025-04-21,B,14:00,22:00,30,15
SFT-00036,L3,M305,2025-04-21,B,14:00,22:00,30,15
SFT-00037,L1,M101,2025-04-21,C,22:00,06:00,30,0
SFT-00038,L1,M102,2025-04-21,C,22:00,06:00,30,0
SFT-00039,L1,M103,2025-04-21,C,22:00,06:00,30,0
SFT-00040,L1,M104,2025-04-21,C,22:00,06:00,30,0
SFT-00041,L1,M105,2025-04-21,C,22:00,06:00,30,0
SFT-00042,L1,M106,2025-04-21,C,22:00,06:00,30,0
SFT-00043,L1,M107,2025-04-21,C,22:00,06:00,30,0
SFT-00044,L2,M201,2025-04-21,C,22:00,06:00,30,0
SFT-00045,L2,M202,2025-04-21,C,22:00,06:00,30,0
SFT-00046,L2,M203,2025-04-21,C,22:00,06:00,30,0
SFT-00047,L2,M204,2025-04-21,C,22:00,06:00,30,0
SFT-00048,L2,M205,2025-04-21,C,22:00,06:00,30,0
SFT-00049,L2,M206,2025-04-21,C,22:00,06:00,30,0
SFT-00050,L3,M301,2025-04-21,C,22:00,06:00,30,0
SFT-00051,L3,M302,2025-04-21,C,22:00,06:00,30,0
SFT-00052,L3,M303,2025-04-21,C,22:00,06:00,30,0
SFT-00053,L3,M304,2025-04-21,C,22:00,06:00,30,0
SFT-00054,L3,M305,2025-04-21,C,22:00,06:00,30,0
SFT-00055,L1,M101,2025-04-22,A,06:00,14:00,30,10
SFT-00056,L1,M102,2025-04-22,A,06:00,14:00,30,10
SFT-00057,L1,M103,2025-04-22,A,06:00,14:00,30,10
SFT-00058,L1,M104,2025-04-22,A,06:00,14:00,30,10
SFT-00059,L1,M105,2025-04-22,A,06:00,14:00,30,10
SFT-00060,L1,M106,2025-04-22,A,06:00,14:00,30,10
SFT-00061,L1,M107,2025-04-22,A,06:00,14:00,30,10
SFT-00062,L2,M201,2025-04-22,A,06:00,14:00,30,10
SFT-00063,L2,M202,2025-04-22,A,06:00,14:00,30,10
SFT-00064,L2,M203,2025-04-22,A,06:00,14:00,30,10
SFT-00065,L2,M204,2025-04-22,A,06:00,14:00,30,10
SFT-00066,L2,M205,2025-04-22,A,06:00,14:00,30,10
SFT-00067,L2,M206,2025-04-22,A,06:00,14:00,30,10
SFT-00068,L3,M301,2025-04-22,A,06:00,14:00,30,10
SFT-00069,L3,M302,2025-04-22,A,06:00,14:00,30,10
SFT-00070,L3,M303,2025-04-22,A,06:00,14:00,30,10
SFT-00071,L3,M304,2025-04-22,A,06:00,14:00,30,10
SFT-00072,L3,M305,2025-04-22,A,06:00,14:00,30,10
SFT-00073,L1,M101,2025-04-22,B,14:00,22:00,30,15
SFT-00074,L1,M102,2025-04-22,B,14:00,22:00,30,15
SFT-00075,L1,M103,2025-04-22,B,14:00,22:00,30,15
SFT-00076,L1,M104,2025-04-22,B,14:00,22:00,30,15
SFT-00077,L1,M105,2025-04-22,B,14:00,22:00,30,15
SFT-00078,L1,M106,2025-04-22,B,14:00,22:00,30,15
SFT-00079,L1,M107,2025-04-22,B,14:00,22:00,30,15
SFT-00080,L2,M201,2025-04-22,B,14:00,22:00,30,15
SFT-00081,L2,M202,2025-04-22,B,14:00,22:00,30,15
SFT-00082,L2,M203,2025-04-22,B,14:00,22:00,30,15
SFT-00083,L2,M204,2025-04-22,B,14:00,22:00,30,15
SFT-00084,L2,M205,2025-04-22,B,14:00,22:00,30,15
SFT-00085,L2,M206,2025-04-22,B,14:00,22:00,30,15
SFT-00086,L3,M301,2025-04-22,B,14:00,22:00,30,15
SFT-00087,L3,M302,2025-04-22,B,14:00,22:00,30,15
SFT-00088,L3,M303,2025-04-22,B,14:00,22:00,30,15
SFT-00089,L3,M304,2025-04-22,B,14:00,22:00,30,15
SFT-00090,L3,M305,2025-04-22,B,14:00,22:00,30,15
SFT-00091,L1,M101,2025-04-22,C,22:00,06:00,30,0
SFT-00092,L1,M102,2025-04-22,C,22:00,06:00,30,0
SFT-00093,L1,M103,2025-04-22,C,22:00,06:00,30,0
SFT-00094,L1,M104,2025-04-22,C,22:00,06:00,30,0
SFT-00095,L1,M105,2025-04-22,C,22:00,06:00,30,0
SFT-00096,L1,M106,2025-04-22,C,22:00,06:00,30,0
SFT-00097,L1,M107,2025-04-22,C,22:00,06:00,30,0
SFT-00098,L2,M201,2025-04-22,C,22:00,06:00,30,0
SFT-00099,L2,M202,2025-04-22,C,22:00,06:00,30,0
SFT-00100,L2,M203,2025-04-22,C,22:00,06:00,30,0
SFT-00101,L2,M204,2025-04-22,C,22:00,06:00,30,0
SFT-00102,L2,M205,2025-04-22,C,22:00,06:00,30,0
SFT-00103,L2,M206,2025-04-22,C,22:00,06:00,30,0
SFT-00104,L3,M301,2025-04-22,C,22:00,06:00,30,0
SFT-00105,L3,M302,2025-04-22,C,22:00,06:00,30,0
SFT-00106,L3,M303,2025-04-22,C,22:00,06:00,30,0
SFT-00107,L3,M304,2025-04-22,C,22:00,06:00,30,0
SFT-00108,L3,M305,2025-04-22,C,22:00,06:00,30,0
SFT-00109,L1,M101,2025-04-23,A,06:00,14:00,30,10
SFT-00110,L1,M102,2025-04-23,A,06:00,14:00,30,10
SFT-00111,L1,M103,2025-04-23,A,06:00,14:00,30,10
SFT-00112,L1,M104,2025-04-23,A,06:00,14:00,30,10
SFT-00113,L1,M105,2025-04-23,A,06:00,14:00,30,10
SFT-00114,L1,M106,2025-04-23,A,06:00,14:00,30,10
SFT-00115,L1,M107,2025-04-23,A,06:00,14:00,30,10
SFT-00116,L2,M201,2025-04-23,A,06:00,14:00,30,10
SFT-00117,L2,M202,2025-04-23,A,06:00,14:00,30,10
SFT-00118,L2,M203,2025-04-23,A,06:00,14:00,30,10
SFT-00119,L2,M204,2025-04-23,A,06:00,14:00,30,10
SFT-00120,L2,M205,2025-04-23,A,06:00,14:00,30,10
SFT-00121,L2,M206,2025-04-23,A,06:00,14:00,30,10
SFT-00122,L3,M301,2025-04-23,A,06:00,14:00,30,10
SFT-00123,L3,M302,2025-04-23,A,06:00,14:00,30,10
SFT-00124,L3,M303,2025-04-23,A,06:00,14:00,30,10
SFT-00125,L3,M304,2025-04-23,A,06:00,14:00,30,10
SFT-00126,L3,M305,2025-04-23,A,06:00,14:00,30,10
SFT-00127,L1,M101,2025-04-23,B,14:00,22:00,30,15
SFT-00128,L1,M102,2025-04-23,B,14:00,22:00,30,15
SFT-00129,L1,M103,2025-04-23,B,14:00,22:00,30,15
SFT-00130,L1,M104,2025-04-23,B,14:00,22:00,30,15
SFT-00131,L1,M105,2025-04-23,B,14:00,22:00,30,15
SFT-00132,L1,M106,2025-04-23,B,14:00,22:00,30,15
SFT-00133,L1,M107,2025-04-23,B,14:00,22:00,30,15
SFT-00134,L2,M201,2025-04-23,B,14:00,22:00,30,15
SFT-00135,L2,M202,2025-04-23,B,14:00,22:00,30,15
SFT-00136,L2,M203,2025-04-23,B,14:00,22:00,30,15
SFT-00137,L2,M204,2025-04-23,B,14:00,22:00,30,15
SFT-00138,L2,M205,2025-04-23,B,14:00,22:00,30,15
SFT-00139,L2,M206,2025-04-23,B,14:00,22:00,30,15
SFT-00140,L3,M301,2025-04-23,B,14:00,22:00,30,15
SFT-00141,L3,M302,2025-04-23,B,14:00,22:00,30,15
SFT-00142,L3,M303,2025-04-23,B,14:00,22:00,30,15
SFT-00143,L3,M304,2025-04-23,B,14:00,22:00,30,15
SFT-00144,L3,M305,2025-04-23,B,14:00,22:00,30,15
SFT-00145,L1,M101,2025-04-23,C,22:00,06:00,30,0
SFT-00146,L1,M102,2025-04-23,C,22:00,06:00,30,0
SFT-00147,L1,M103,2025-04-23,C,22:00,06:00,30,0
SFT-00148,L1,M104,2025-04-23,C,22:00,06:00,30,0
SFT-00149,L1,M105,2025-04-23,C,22:00,06:00,30,0
SFT-00150,L1,M106,2025-04-23,C,22:00,06:00,30,0
SFT-00151,L1,M107,2025-04-23,C,22:00,06:00,30,0
SFT-00152,L2,M201,2025-04-23,C,22:00,06:00,30,0
SFT-00153,L2,M202,2025-04-23,C,22:00,06:00,30,0
SFT-00154,L2,M203,2025-04-23,C,22:00,06:00,30,0
SFT-00155,L2,M204,2025-04-23,C,22:00,06:00,30,0
SFT-00156,L2,M205,2025-04-23,C,22:00,06:00,30,0
SFT-00157,L2,M206,2025-04-23,C,22:00,06:00,30,0
SFT-00158,L3,M301,2025-04-23,C,22:00,06:00,30,0
SFT-00159,L3,M302,2025-04-23,C,22:00,06:00,30,0
SFT-00160,L3,M303,2025-04-23,C,22:00,06:00,30,0
SFT-00161,L3,M304,2025-04-23,C,22:00,06:00,30,0
SFT-00162,L3,M305,2025-04-23,C,22:00,06:00,30,0
SFT-00163,L1,M101,2025-04-24,A,06:00,14:00,30,10
SFT-00164,L1,M102,2025-04-24,A,06:00,14:00,30,10
SFT-00165,L1,M103,2025-04-24,A,06:00,14:00,30,10
SFT-00166,L1,M104,2025-04-24,A,06:00,14:00,30,10
SFT-00167,L1,M105,2025-04-24,A,06:00,14:00,30,10
SFT-00168,L1,M106,2025-04-24,A,06:00,14:00,30,10
SFT-00169,L1,M107,2025-04-24,A,06:00,14:00,30,10
SFT-00170,L2,M201,2025-04-24,A,06:00,14:00,30,10
SFT-00171,L2,M202,2025-04-24,A,06:00,14:00,30,10
SFT-00172,L2,M203,2025-04-24,A,06:00,14:00,30,10
SFT-00173,L2,M204,2025-04-24,A,06:00,14:00,30,10
SFT-00174,L2,M205,2025-04-24,A,06:00,14:00,30,10
SFT-00175,L2,M206,2025-04-24,A,06:00,14:00,30,10
SFT-00176,L3,M301,2025-04-24,A,06:00,14:00,30,10
SFT-00177,L3,M302,2025-04-24,A,06:00,14:00,30,10
SFT-00178,L3,M303,2025-04-24,A,06:00,14:00,30,10
SFT-00179,L3,M304,2025-04-24,A,06:00,14:00,30,10
SFT-00180,L3,M305,2025-04-24,A,06:00,14:00,30,10
SFT-00181,L1,M101,2025-04-24,B,14:00,22:00,30,15
SFT-00182,L1,M102,2025-04-24,B,14:00,22:00,30,15
SFT-00183,L1,M103,2025-04-24,B,14:00,22:00,30,15
SFT-00184,L1,M104,2025-04-24,B,14:00,22:00,30,15
SFT-00185,L1,M105,2025-04-24,B,14:00,22:00,30,15
SFT-00186,L1,M106,2025-04-24,B,14:00,22:00,30,15
SFT-00187,L1,M107,2025-04-24,B,14:00,22:00,30,15
SFT-00188,L2,M201,2025-04-24,B,14:00,22:00,30,15
SFT-00189,L2,M202,2025-04-24,B,14:00,22:00,30,15
SFT-00190,L2,M203,2025-04-24,B,14:00,22:00,30,15
SFT-00191,L2,M204,2025-04-24,B,14:00,22:00,30,15
SFT-00192,L2,M205,2025-04-24,B,14:00,22:00,30,15
SFT-00193,L2,M206,2025-04-24,B,14:00,22:00,30,15
SFT-00194,L3,M301,2025-04-24,B,14:00,22:00,30,15
SFT-00195,L3,M302,2025-04-24,B,14:00,22:00,30,15
SFT-00196,L3,M303,2025-04-24,B,14:00,22:00,30,15
SFT-00197,L3,M304,2025-04-24,B,14:00,22:00,30,15
SFT-00198,L3,M305,2025-04-24,B,14:00,22:00,30,15
SFT-00199,L1,M101,2025-04-24,C,22:00,06:00,30,0
SFT-00200,L1,M102,2025-04-24,C,22:00,06:00,30,0
SFT-00201,L1,M103,2025-04-24,C,22:00,06:00,30,0
SFT-00202,L1,M104,2025-04-24,C,22:00,06:00,30,0
SFT-00203,L1,M105,2025-04-24,C,22:00,06:00,30,0
SFT-00204,L1,M106,2025-04-24,C,22:00,06:00,30,0
SFT-00205,L1,M107,2025-04-24,C,22:00,06:00,30,0
SFT-00206,L2,M201,2025-04-24,C,22:00,06:00,30,0
SFT-00207,L2,M202,2025-04-24,C,22:00,06:00,30,0
SFT-00208,L2,M203,2025-04-24,C,22:00,06:00,30,0
SFT-00209,L2,M204,2025-04-24,C,22:00,06:00,30,0
SFT-00210,L2,M205,2025-04-24,C,22:00,06:00,30,0
SFT-00211,L2,M206,2025-04-24,C,22:00,06:00,30,0
SFT-00212,L3,M301,2025-04-24,C,22:00,06:00,30,0
SFT-00213,L3,M302,2025-04-24,C,22:00,06:00,30,0
SFT-00214,L3,M303,2025-04-24,C,22:00,06:00,30,0
SFT-00215,L3,M304,2025-04-24,C,22:00,06:00,30,0
SFT-00216,L3,M305,2025-04-24,C,22:00,06:00,30,0
SFT-00217,L1,M101,2025-04-25,A,06:00,14:00,30,10
SFT-00218,L1,M102,2025-04-25,A,06:00,14:00,30,10
SFT-00219,L1,M103,2025-04-25,A,06:00,14:00,30,10
SFT-00220,L1,M104,2025-04-25,A,06:00,14:00,30,10
SFT-00221,L1,M105,2025-04-25,A,06:00,14:00,30,10
SFT-00222,L1,M106,2025-04-25,A,06:00,14:00,30,10
SFT-00223,L1,M107,2025-04-25,A,06:00,14:00,30,10
SFT-00224,L2,M201,2025-04-25,A,06:00,14:00,30,10
SFT-00225,L2,M202,2025-04-25,A,06:00,14:00,30,10
SFT-00226,L2,M203,2025-04-25,A,06:00,14:00,30,10
SFT-00227,L2,M204,2025-04-25,A,06:00,14:00,30,10
SFT-00228,L2,M205,2025-04-25,A,06:00,14:00,30,10
SFT-00229,L2,M206,2025-04-25,A,06:00,14:00,30,10
SFT-00230,L3,M301,2025-04-25,A,06:00,14:00,30,10
SFT-00231,L3,M302,2025-04-25,A,06:00,14:00,30,10
SFT-00232,L3,M303,2025-04-25,A,06:00,14:00,30,10
SFT-00233,L3,M304,2025-04-25,A,06:00,14:00,30,10
SFT-00234,L3,M305,2025-04-25,A,06:00,14:00,30,10
SFT-00235,L1,M101,2025-04-25,B,14:00,22:00,30,15
SFT-00236,L1,M102,2025-04-25,B,14:00,22:00,30,15
SFT-00237,L1,M103,2025-04-25,B,14:00,22:00,30,15
SFT-00238,L1,M104,2025-04-25,B,14:00,22:00,30,15
SFT-00239,L1,M105,2025-04-25,B,14:00,22:00,30,15
SFT-00240,L1,M106,2025-04-25,B,14:00,22:00,30,15
SFT-00241,L1,M107,2025-04-25,B,14:00,22:00,30,15
SFT-00242,L2,M201,2025-04-25,B,14:00,22:00,30,15
SFT-00243,L2,M202,2025-04-25,B,14:00,22:00,30,15
SFT-00244,L2,M203,2025-04-25,B,14:00,22:00,30,15
SFT-00245,L2,M204,2025-04-25,B,14:00,22:00,30,15
SFT-00246,L2,M205,2025-04-25,B,14:00,22:00,30,15
SFT-00247,L2,M206,2025-04-25,B,14:00,22:00,30,15
SFT-00248,L3,M301,2025-04-25,B,14:00,22:00,30,15
SFT-00249,L3,M302,2025-04-25,B,14:00,22:00,30,15
SFT-00250,L3,M303,2025-04-25,B,14:00,22:00,30,15
SFT-00251,L3,M304,2025-04-25,B,14:00,22:00,30,15
SFT-00252,L3,M305,2025-04-25,B,14:00,22:00,30,15
SFT-00253,L1,M101,2025-04-25,C,22:00,06:00,30,0
SFT-00254,L1,M102,2025-04-25,C,22:00,06:00,30,0
SFT-00255,L1,M103,2025-04-25,C,22:00,06:00,30,0
SFT-00256,L1,M104,2025-04-25,C,22:00,06:00,30,0
SFT-00257,L1,M105,2025-04-25,C,22:00,06:00,30,0
SFT-00258,L1,M106,2025-04-25,C,22:00,06:00,30,0
SFT-00259,L1,M107,2025-04-25,C,22:00,06:00,30,0
SFT-00260,L2,M201,2025-04-25,C,22:00,06:00,30,0
SFT-00261,L2,M202,2025-04-25,C,22:00,06:00,30,0
SFT-00262,L2,M203,2025-04-25,C,22:00,06:00,30,0
SFT-00263,L2,M204,2025-04-25,C,22:00,06:00,30,0
SFT-00264,L2,M205,2025-04-25,C,22:00,06:00,30,0
SFT-00265,L2,M206,2025-04-25,C,22:00,06:00,30,0
SFT-00266,L3,M301,2025-04-25,C,22:00,06:00,30,0
SFT-00267,L3,M302,2025-04-25,C,22:00,06:00,30,0
SFT-00268,L3,M303,2025-04-25,C,22:00,06:00,30,0
SFT-00269,L3,M304,2025-04-25,C,22:00,06:00,30,0
SFT-00270,L3,M305,2025-04-25,C,22:00,06:00,30,0
SFT-00271,L1,M101,2025-04-26,A,06:00,14:00,30,10
SFT-00272,L1,M102,2025-04-26,A,06:00,14:00,30,10
SFT-00273,L1,M103,2025-04-26,A,06:00,14:00,30,10
SFT-00274,L1,M104,2025-04-26,A,06:00,14:00,30,10
SFT-00275,L1,M105,2025-04-26,A,06:00,14:00,30,10
SFT-00276,L1,M106,2025-04-26,A,06:00,14:00,30,10
SFT-00277,L1,M107,2025-04-26,A,06:00,14:00,30,10
SFT-00278,L2,M201,2025-04-26,A,06:00,14:00,30,10
SFT-00279,L2,M202,2025-04-26,A,06:00,14:00,30,10
SFT-00280,L2,M203,2025-04-26,A,06:00,14:00,30,10
SFT-00281,L2,M204,2025-04-26,A,06:00,14:00,30,10
SFT-00282,L2,M205,2025-04-26,A,06:00,14:00,30,10
SFT-00283,L2,M206,2025-04-26,A,06:00,14:00,30,10
SFT-00284,L3,M301,2025-04-26,A,06:00,14:00,30,10
SFT-00285,L3,M302,2025-04-26,A,06:00,14:00,30,10
SFT-00286,L3,M303,2025-04-26,A,06:00,14:00,30,10
SFT-00287,L3,M304,2025-04-26,A,06:00,14:00,30,10
SFT-00288,L3,M305,2025-04-26,A,06:00,14:00,30,10
SFT-00289,L1,M101,2025-04-26,B,14:00,22:00,30,15
SFT-00290,L1,M102,2025-04-26,B,14:00,22:00,30,15
SFT-00291,L1,M103,2025-04-26,B,14:00,22:00,30,15
SFT-00292,L1,M104,2025-04-26,B,14:00,22:00,30,15
SFT-00293,L1,M105,2025-04-26,B,14:00,22:00,30,15
SFT-00294,L1,M106,2025-04-26,B,14:00,22:00,30,15
SFT-00295,L1,M107,2025-04-26,B,14:00,22:00,30,15
SFT-00296,L2,M201,2025-04-26,B,14:00,22:00,30,15
SFT-00297,L2,M202,2025-04-26,B,14:00,22:00,30,15
SFT-00298,L2,M203,2025-04-26,B,14:00,22:00,30,15
SFT-00299,L2,M204,2025-04-26,B,14:00,22:00,30,15
SFT-00300,L2,M205,2025-04-26,B,14:00,22:00,30,15
SFT-00301,L2,M206,2025-04-26,B,14:00,22:00,30,15
SFT-00302,L3,M301,2025-04-26,B,14:00,22:00,30,15
SFT-00303,L3,M302,2025-04-26,B,14:00,22:00,30,15
SFT-00304,L3,M303,2025-04-26,B,14:00,22:00,30,15
SFT-00305,L3,M304,2025-04-26,B,14:00,22:00,30,15
SFT-00306,L3,M305,2025-04-26,B,14:00,22:00,30,15
SFT-00307,L1,M101,2025-04-26,C,22:00,06:00,30,0
SFT-00308,L1,M102,2025-04-26,C,22:00,06:00,30,0
SFT-00309,L1,M103,2025-04-26,C,22:00,06:00,30,0
SFT-00310,L1,M104,2025-04-26,C,22:00,06:00,30,0
SFT-00311,L1,M105,2025-04-26,C,22:00,06:00,30,0
SFT-00312,L1,M106,2025-04-26,C,22:00,06:00,30,0
SFT-00313,L1,M107,2025-04-26,C,22:00,06:00,30,0
SFT-00314,L2,M201,2025-04-26,C,22:00,06:00,30,0
SFT-00315,L2,M202,2025-04-26,C,22:00,06:00,30,0
SFT-00316,L2,M203,2025-04-26,C,22:00,06:00,30,0
SFT-00317,L2,M204,2025-04-26,C,22:00,06:00,30,0
SFT-00318,L2,M205,2025-04-26,C,22:00,06:00,30,0
SFT-00319,L2,M206,2025-04-26,C,22:00,06:00,30,0
SFT-00320,L3,M301,2025-04-26,C,22:00,06:00,30,0
SFT-00321,L3,M302,2025-04-26,C,22:00,06:00,30,0
SFT-00322,L3,M303,2025-04-26,C,22:00,06:00,30,0
SFT-00323,L3,M304,2025-04-26,C,22:00,06:00,30,0
SFT-00324,L3,M305,2025-04-26,C,22:00,06:00,30,0
SFT-00325,L1,M101,2025-04-27,A,06:00,14:00,30,10
SFT-00326,L1,M102,2025-04-27,A,06:00,14:00,30,10
SFT-00327,L1,M103,2025-04-27,A,06:00,14:00,30,10
SFT-00328,L1,M104,2025-04-27,A,06:00,14:00,30,10
SFT-00329,L1,M105,2025-04-27,A,06:00,14:00,30,10
SFT-00330,L1,M106,2025-04-27,A,06:00,14:00,30,10
SFT-00331,L1,M107,2025-04-27,A,06:00,14:00,30,10
SFT-00332,L2,M201,2025-04-27,A,06:00,14:00,30,10
SFT-00333,L2,M202,2025-04-27,A,06:00,14:00,30,10
SFT-00334,L2,M203,2025-04-27,A,06:00,14:00,30,10
SFT-00335,L2,M204,2025-04-27,A,06:00,14:00,30,10
SFT-00336,L2,M205,2025-04-27,A,06:00,14:00,30,10
SFT-00337,L2,M206,2025-04-27,A,06:00,14:00,30,10
SFT-00338,L3,M301,2025-04-27,A,06:00,14:00,30,10
SFT-00339,L3,M302,2025-04-27,A,06:00,14:00,30,10
SFT-00340,L3,M303,2025-04-27,A,06:00,14:00,30,10
SFT-00341,L3,M304,2025-04-27,A,06:00,14:00,30,10
SFT-00342,L3,M305,2025-04-27,A,06:00,14:00,30,10
SFT-00343,L1,M101,2025-04-27,B,14:00,22:00,30,15
SFT-00344,L1,M102,2025-04-27,B,14:00,22:00,30,15
SFT-00345,L1,M103,2025-04-27,B,14:00,22:00,30,15
SFT-00346,L1,M104,2025-04-27,B,14:00,22:00,30,15
SFT-00347,L1,M105,2025-04-27,B,14:00,22:00,30,15
SFT-00348,L1,M106,2025-04-27,B,14:00,22:00,30,15
SFT-00349,L1,M107,2025-04-27,B,14:00,22:00,30,15
SFT-00350,L2,M201,2025-04-27,B,14:00,22:00,30,15
SFT-00351,L2,M202,2025-04-27,B,14:00,22:00,30,15
SFT-00352,L2,M203,2025-04-27,B,14:00,22:00,30,15
SFT-00353,L2,M204,2025-04-27,B,14:00,22:00,30,15
SFT-00354,L2,M205,2025-04-27,B,14:00,22:00,30,15
SFT-00355,L2,M206,2025-04-27,B,14:00,22:00,30,15
SFT-00356,L3,M301,2025-04-27,B,14:00,22:00,30,15
SFT-00357,L3,M302,2025-04-27,B,14:00,22:00,30,15
SFT-00358,L3,M303,2025-04-27,B,14:00,22:00,30,15
SFT-00359,L3,M304,2025-04-27,B,14:00,22:00,30,15
SFT-00360,L3,M305,2025-04-27,B,14:00,22:00,30,15
SFT-00361,L1,M101,2025-04-27,C,22:00,06:00,30,0
SFT-00362,L1,M102,2025-04-27,C,22:00,06:00,30,0
SFT-00363,L1,M103,2025-04-27,C,22:00,06:00,30,0
SFT-00364,L1,M104,2025-04-27,C,22:00,06:00,30,0
SFT-00365,L1,M105,2025-04-27,C,22:00,06:00,30,0
SFT-00366,L1,M106,2025-04-27,C,22:00,06:00,30,0
SFT-00367,L1,M107,2025-04-27,C,22:00,06:00,30,0
SFT-00368,L2,M201,2025-04-27,C,22:00,06:00,30,0
SFT-00369,L2,M202,2025-04-27,C,22:00,06:00,30,0
SFT-00370,L2,M203,2025-04-27,C,22:00,06:00,30,0
SFT-00371,L2,M204,2025-04-27,C,22:00,06:00,30,0
SFT-00372,L2,M205,2025-04-27,C,22:00,06:00,30,0
SFT-00373,L2,M206,2025-04-27,C,22:00,06:00,30,0
SFT-00374,L3,M301,2025-04-27,C,22:00,06:00,30,0
SFT-00375,L3,M302,2025-04-27,C,22:00,06:00,30,0
SFT-00376,L3,M303,2025-04-27,C,22:00,06:00,30,0
SFT-00377,L3,M304,2025-04-27,C,22:00,06:00,30,0
SFT-00378,L3,M305,2025-04-27,C,22:00,06:00,30,0
SFT-00379,L1,M101,2025-04-28,A,06:00,14:00,30,10
SFT-00380,L1,M102,2025-04-28,A,06:00,14:00,30,10
SFT-00381,L1,M103,2025-04-28,A,06:00,14:00,30,10
SFT-00382,L1,M104,2025-04-28,A,06:00,14:00,30,10
SFT-00383,L1,M105,2025-04-28,A,06:00,14:00,30,10
SFT-00384,L1,M106,2025-04-28,A,06:00,14:00,30,10
SFT-00385,L1,M107,2025-04-28,A,06:00,14:00,30,10
SFT-00386,L2,M201,2025-04-28,A,06:00,14:00,30,10
SFT-00387,L2,M202,2025-04-28,A,06:00,14:00,30,10
SFT-00388,L2,M203,2025-04-28,A,06:00,14:00,30,10
SFT-00389,L2,M204,2025-04-28,A,06:00,14:00,30,10
SFT-00390,L2,M205,2025-04-28,A,06:00,14:00,30,10
SFT-00391,L2,M206,2025-04-28,A,06:00,14:00,30,10
SFT-00392,L3,M301,2025-04-28,A,06:00,14:00,30,10
SFT-00393,L3,M302,2025-04-28,A,06:00,14:00,30,10
SFT-00394,L3,M303,2025-04-28,A,06:00,14:00,30,10
SFT-00395,L3,M304,2025-04-28,A,06:00,14:00,30,10
SFT-00396,L3,M305,2025-04-28,A,06:00,14:00,30,10
SFT-00397,L1,M101,2025-04-28,B,14:00,22:00,30,15
SFT-00398,L1,M102,2025-04-28,B,14:00,22:00,30,15
SFT-00399,L1,M103,2025-04-28,B,14:00,22:00,30,15
SFT-00400,L1,M104,2025-04-28,B,14:00,22:00,30,15
SFT-00401,L1,M105,2025-04-28,B,14:00,22:00,30,15
SFT-00402,L1,M106,2025-04-28,B,14:00,22:00,30,15
SFT-00403,L1,M107,2025-04-28,B,14:00,22:00,30,15
SFT-00404,L2,M201,2025-04-28,B,14:00,22:00,30,15
SFT-00405,L2,M202,2025-04-28,B,14:00,22:00,30,15
SFT-00406,L2,M203,2025-04-28,B,14:00,22:00,30,15
SFT-00407,L2,M204,2025-04-28,B,14:00,22:00,30,15
SFT-00408,L2,M205,2025-04-28,B,14:00,22:00,30,15
SFT-00409,L2,M206,2025-04-28,B,14:00,22:00,30,15
SFT-00410,L3,M301,2025-04-28,B,14:00,22:00,30,15
SFT-00411,L3,M302,2025-04-28,B,14:00,22:00,30,15
SFT-00412,L3,M303,2025-04-28,B,14:00,22:00,30,15
SFT-00413,L3,M304,2025-04-28,B,14:00,22:00,30,15
SFT-00414,L3,M305,2025-04-28,B,14:00,22:00,30,15
SFT-00415,L1,M101,2025-04-28,C,22:00,06:00,30,0
SFT-00416,L1,M102,2025-04-28,C,22:00,06:00,30,0
SFT-00417,L1,M103,2025-04-28,C,22:00,06:00,30,0
SFT-00418,L1,M104,2025-04-28,C,22:00,06:00,30,0
SFT-00419,L1,M105,2025-04-28,C,22:00,06:00,30,0
SFT-00420,L1,M106,2025-04-28,C,22:00,06:00,30,0
SFT-00421,L1,M107,2025-04-28,C,22:00,06:00,30,0
SFT-00422,L2,M201,2025-04-28,C,22:00,06:00,30,0
SFT-00423,L2,M202,2025-04-28,C,22:00,06:00,30,0
SFT-00424,L2,M203,2025-04-28,C,22:00,06:00,30,0
SFT-00425,L2,M204,2025-04-28,C,22:00,06:00,30,0
SFT-00426,L2,M205,2025-04-28,C,22:00,06:00,30,0
SFT-00427,L2,M206,2025-04-28,C,22:00,06:00,30,0
SFT-00428,L3,M301,2025-04-28,C,22:00,06:00,30,0
SFT-00429,L3,M302,2025-04-28,C,22:00,06:00,30,0
SFT-00430,L3,M303,2025-04-28,C,22:00,06:00,30,0
SFT-00431,L3,M304,2025-04-28,C,22:00,06:00,30,0
SFT-00432,L3,M305,2025-04-28,C,22:00,06:00,30,0
SFT-00433,L1,M101,2025-04-29,A,06:00,14:00,30,10
SFT-00434,L1,M102,2025-04-29,A,06:00,14:00,30,10
SFT-00435,L1,M103,2025-04-29,A,06:00,14:00,30,10
SFT-00436,L1,M104,2025-04-29,A,06:00,14:00,30,10
SFT-00437,L1,M105,2025-04-29,A,06:00,14:00,30,10
SFT-00438,L1,M106,2025-04-29,A,06:00,14:00,30,10
SFT-00439,L1,M107,2025-04-29,A,06:00,14:00,30,10
SFT-00440,L2,M201,2025-04-29,A,06:00,14:00,30,10
SFT-00441,L2,M202,2025-04-29,A,06:00,14:00,30,10
SFT-00442,L2,M203,2025-04-29,A,06:00,14:00,30,10
SFT-00443,L2,M204,2025-04-29,A,06:00,14:00,30,10
SFT-00444,L2,M205,2025-04-29,A,06:00,14:00,30,10
SFT-00445,L2,M206,2025-04-29,A,06:00,14:00,30,10
SFT-00446,L3,M301,2025-04-29,A,06:00,14:00,30,10
SFT-00447,L3,M302,2025-04-29,A,06:00,14:00,30,10
SFT-00448,L3,M303,2025-04-29,A,06:00,14:00,30,10
SFT-00449,L3,M304,2025-04-29,A,06:00,14:00,30,10
SFT-00450,L3,M305,2025-04-29,A,06:00,14:00,30,10
SFT-00451,L1,M101,2025-04-29,B,14:00,22:00,30,15
SFT-00452,L1,M102,2025-04-29,B,14:00,22:00,30,15
SFT-00453,L1,M103,2025-04-29,B,14:00,22:00,30,15
SFT-00454,L1,M104,2025-04-29,B,14:00,22:00,30,15
SFT-00455,L1,M105,2025-04-29,B,14:00,22:00,30,15
SFT-00456,L1,M106,2025-04-29,B,14:00,22:00,30,15
SFT-00457,L1,M107,2025-04-29,B,14:00,22:00,30,15
SFT-00458,L2,M201,2025-04-29,B,14:00,22:00,30,15
SFT-00459,L2,M202,2025-04-29,B,14:00,22:00,30,15
SFT-00460,L2,M203,2025-04-29,B,14:00,22:00,30,15
SFT-00461,L2,M204,2025-04-29,B,14:00,22:00,30,15
SFT-00462,L2,M205,2025-04-29,B,14:00,22:00,30,15
SFT-00463,L2,M206,2025-04-29,B,14:00,22:00,30,15
SFT-00464,L3,M301,2025-04-29,B,14:00,22:00,30,15
SFT-00465,L3,M302,2025-04-29,B,14:00,22:00,30,15
SFT-00466,L3,M303,2025-04-29,B,14:00,22:00,30,15
SFT-00467,L3,M304,2025-04-29,B,14:00,22:00,30,15
SFT-00468,L3,M305,2025-04-29,B,14:00,22:00,30,15
SFT-00469,L1,M101,2025-04-29,C,22:00,06:00,30,0
SFT-00470,L1,M102,2025-04-29,C,22:00,06:00,30,0
SFT-00471,L1,M103,2025-04-29,C,22:00,06:00,30,0
SFT-00472,L1,M104,2025-04-29,C,22:00,06:00,30,0
SFT-00473,L1,M105,2025-04-29,C,22:00,06:00,30,0
SFT-00474,L1,M106,2025-04-29,C,22:00,06:00,30,0
SFT-00475,L1,M107,2025-04-29,C,22:00,06:00,30,0
SFT-00476,L2,M201,2025-04-29,C,22:00,06:00,30,0
SFT-00477,L2,M202,2025-04-29,C,22:00,06:00,30,0
SFT-00478,L2,M203,2025-04-29,C,22:00,06:00,30,0
SFT-00479,L2,M204,2025-04-29,C,22:00,06:00,30,0
SFT-00480,L2,M205,2025-04-29,C,22:00,06:00,30,0
SFT-00481,L2,M206,2025-04-29,C,22:00,06:00,30,0
SFT-00482,L3,M301,2025-04-29,C,22:00,06:00,30,0
SFT-00483,L3,M302,2025-04-29,C,22:00,06:00,30,0
SFT-00484,L3,M303,2025-04-29,C,22:00,06:00,30,0
SFT-00485,L3,M304,2025-04-29,C,22:00,06:00,30,0
SFT-00486,L3,M305,2025-04-29,C,22:00,06:00,30,0
SFT-00487,L1,M101,2025-04-30,A,06:00,14:00,30,10
SFT-00488,L1,M102,2025-04-30,A,06:00,14:00,30,10
SFT-00489,L1,M103,2025-04-30,A,06:00,14:00,30,10
SFT-00490,L1,M104,2025-04-30,A,06:00,14:00,30,10
SFT-00491,L1,M105,2025-04-30,A,06:00,14:00,30,10
SFT-00492,L1,M106,2025-04-30,A,06:00,14:00,30,10
SFT-00493,L1,M107,2025-04-30,A,06:00,14:00,30,10
SFT-00494,L2,M201,2025-04-30,A,06:00,14:00,30,10
SFT-00495,L2,M202,2025-04-30,A,06:00,14:00,30,10
SFT-00496,L2,M203,2025-04-30,A,06:00,14:00,30,10
SFT-00497,L2,M204,2025-04-30,A,06:00,14:00,30,10
SFT-00498,L2,M205,2025-04-30,A,06:00,14:00,30,10
SFT-00499,L2,M206,2025-04-30,A,06:00,14:00,30,10
SFT-00500,L3,M301,2025-04-30,A,06:00,14:00,30,10
SFT-00501,L3,M302,2025-04-30,A,06:00,14:00,30,10
SFT-00502,L3,M303,2025-04-30,A,06:00,14:00,30,10
SFT-00503,L3,M304,2025-04-30,A,06:00,14:00,30,10
SFT-00504,L3,M305,2025-04-30,A,06:00,14:00,30,10
SFT-00505,L1,M101,2025-04-30,B,14:00,22:00,30,15
SFT-00506,L1,M102,2025-04-30,B,14:00,22:00,30,15
SFT-00507,L1,M103,2025-04-30,B,14:00,22:00,30,15
SFT-00508,L1,M104,2025-04-30,B,14:00,22:00,30,15
SFT-00509,L1,M105,2025-04-30,B,14:00,22:00,30,15
SFT-00510,L1,M106,2025-04-30,B,14:00,22:00,30,15
SFT-00511,L1,M107,2025-04-30,B,14:00,22:00,30,15
SFT-00512,L2,M201,2025-04-30,B,14:00,22:00,30,15
SFT-00513,L2,M202,2025-04-30,B,14:00,22:00,30,15
SFT-00514,L2,M203,2025-04-30,B,14:00,22:00,30,15
SFT-00515,L2,M204,2025-04-30,B,14:00,22:00,30,15
SFT-00516,L2,M205,2025-04-30,B,14:00,22:00,30,15
SFT-00517,L2,M206,2025-04-30,B,14:00,22:00,30,15
SFT-00518,L3,M301,2025-04-30,B,14:00,22:00,30,15
SFT-00519,L3,M302,2025-04-30,B,14:00,22:00,30,15
SFT-00520,L3,M303,2025-04-30,B,14:00,22:00,30,15
SFT-00521,L3,M304,2025-04-30,B,14:00,22:00,30,15
SFT-00522,L3,M305,2025-04-30,B,14:00,22:00,30,15
SFT-00523,L1,M101,2025-04-30,C,22:00,06:00,30,0
SFT-00524,L1,M102,2025-04-30,C,22:00,06:00,30,0
SFT-00525,L1,M103,2025-04-30,C,22:00,06:00,30,0
SFT-00526,L1,M104,2025-04-30,C,22:00,06:00,30,0
SFT-00527,L1,M105,2025-04-30,C,22:00,06:00,30,0
SFT-00528,L1,M106,2025-04-30,C,22:00,06:00,30,0
SFT-00529,L1,M107,2025-04-30,C,22:00,06:00,30,0
SFT-00530,L2,M201,2025-04-30,C,22:00,06:00,30,0
SFT-00531,L2,M202,2025-04-30,C,22:00,06:00,30,0
SFT-00532,L2,M203,2025-04-30,C,22:00,06:00,30,0
SFT-00533,L2,M204,2025-04-30,C,22:00,06:00,30,0
SFT-00534,L2,M205,2025-04-30,C,22:00,06:00,30,0
SFT-00535,L2,M206,2025-04-30,C,22:00,06:00,30,0
SFT-00536,L3,M301,2025-04-30,C,22:00,06:00,30,0
SFT-00537,L3,M302,2025-04-30,C,22:00,06:00,30,0
SFT-00538,L3,M303,2025-04-30,C,22:00,06:00,30,0
SFT-00539,L3,M304,2025-04-30,C,22:00,06:00,30,0
SFT-00540,L3,M305,2025-04-30,C,22:00,06:00,30,0
SFT-00541,L1,M101,2025-05-01,A,06:00,14:00,30,10
SFT-00542,L1,M102,2025-05-01,A,06:00,14:00,30,10
SFT-00543,L1,M103,2025-05-01,A,06:00,14:00,30,10
SFT-00544,L1,M104,2025-05-01,A,06:00,14:00,30,10
SFT-00545,L1,M105,2025-05-01,A,06:00,14:00,30,10
SFT-00546,L1,M106,2025-05-01,A,06:00,14:00,30,10
SFT-00547,L1,M107,2025-05-01,A,06:00,14:00,30,10
SFT-00548,L2,M201,2025-05-01,A,06:00,14:00,30,10
SFT-00549,L2,M202,2025-05-01,A,06:00,14:00,30,10
SFT-00550,L2,M203,2025-05-01,A,06:00,14:00,30,10
SFT-00551,L2,M204,2025-05-01,A,06:00,14:00,30,10
SFT-00552,L2,M205,2025-05-01,A,06:00,14:00,30,10
SFT-00553,L2,M206,2025-05-01,A,06:00,14:00,30,10
SFT-00554,L3,M301,2025-05-01,A,06:00,14:00,30,10
SFT-00555,L3,M302,2025-05-01,A,06:00,14:00,30,10
SFT-00556,L3,M303,2025-05-01,A,06:00,14:00,30,10
SFT-00557,L3,M304,2025-05-01,A,06:00,14:00,30,10
SFT-00558,L3,M305,2025-05-01,A,06:00,14:00,30,10
SFT-00559,L1,M101,2025-05-01,B,14:00,22:00,30,15
SFT-00560,L1,M102,2025-05-01,B,14:00,22:00,30,15
SFT-00561,L1,M103,2025-05-01,B,14:00,22:00,30,15
SFT-00562,L1,M104,2025-05-01,B,14:00,22:00,30,15
SFT-00563,L1,M105,2025-05-01,B,14:00,22:00,30,15
SFT-00564,L1,M106,2025-05-01,B,14:00,22:00,30,15
SFT-00565,L1,M107,2025-05-01,B,14:00,22:00,30,15
SFT-00566,L2,M201,2025-05-01,B,14:00,22:00,30,15
SFT-00567,L2,M202,2025-05-01,B,14:00,22:00,30,15
SFT-00568,L2,M203,2025-05-01,B,14:00,22:00,30,15
SFT-00569,L2,M204,2025-05-01,B,14:00,22:00,30,15
SFT-00570,L2,M205,2025-05-01,B,14:00,22:00,30,15
SFT-00571,L2,M206,2025-05-01,B,14:00,22:00,30,15
SFT-00572,L3,M301,2025-05-01,B,14:00,22:00,30,15
SFT-00573,L3,M302,2025-05-01,B,14:00,22:00,30,15
SFT-00574,L3,M303,2025-05-01,B,14:00,22:00,30,15
SFT-00575,L3,M304,2025-05-01,B,14:00,22:00,30,15
SFT-00576,L3,M305,2025-05-01,B,14:00,22:00,30,15
SFT-00577,L1,M101,2025-05-01,C,22:00,06:00,30,0
SFT-00578,L1,M102,2025-05-01,C,22:00,06:00,30,0
SFT-00579,L1,M103,2025-05-01,C,22:00,06:00,30,0
SFT-00580,L1,M104,2025-05-01,C,22:00,06:00,30,0
SFT-00581,L1,M105,2025-05-01,C,22:00,06:00,30,0
SFT-00582,L1,M106,2025-05-01,C,22:00,06:00,30,0
SFT-00583,L1,M107,2025-05-01,C,22:00,06:00,30,0
SFT-00584,L2,M201,2025-05-01,C,22:00,06:00,30,0
SFT-00585,L2,M202,2025-05-01,C,22:00,06:00,30,0
SFT-00586,L2,M203,2025-05-01,C,22:00,06:00,30,0
SFT-00587,L2,M204,2025-05-01,C,22:00,06:00,30,0
SFT-00588,L2,M205,2025-05-01,C,22:00,06:00,30,0
SFT-00589,L2,M206,2025-05-01,C,22:00,06:00,30,0
SFT-00590,L3,M301,2025-05-01,C,22:00,06:00,30,0
SFT-00591,L3,M302,2025-05-01,C,22:00,06:00,30,0
SFT-00592,L3,M303,2025-05-01,C,22:00,06:00,30,0
SFT-00593,L3,M304,2025-05-01,C,22:00,06:00,30,0
SFT-00594,L3,M305,2025-05-01,C,22:00,06:00,30,0
SFT-00595,L1,M101,2025-05-02,A,06:00,14:00,30,10
SFT-00596,L1,M102,2025-05-02,A,06:00,14:00,30,10
SFT-00597,L1,M103,2025-05-02,A,06:00,14:00,30,10
SFT-00598,L1,M104,2025-05-02,A,06:00,14:00,30,10
SFT-00599,L1,M105,2025-05-02,A,06:00,14:00,30,10
SFT-00600,L1,M106,2025-05-02,A,06:00,14:00,30,10
SFT-00601,L1,M107,2025-05-02,A,06:00,14:00,30,10
SFT-00602,L2,M201,2025-05-02,A,06:00,14:00,30,10
SFT-00603,L2,M202,2025-05-02,A,06:00,14:00,30,10
SFT-00604,L2,M203,2025-05-02,A,06:00,14:00,30,10
SFT-00605,L2,M204,2025-05-02,A,06:00,14:00,30,10
SFT-00606,L2,M205,2025-05-02,A,06:00,14:00,30,10
SFT-00607,L2,M206,2025-05-02,A,06:00,14:00,30,10
SFT-00608,L3,M301,2025-05-02,A,06:00,14:00,30,10
SFT-00609,L3,M302,2025-05-02,A,06:00,14:00,30,10
SFT-00610,L3,M303,2025-05-02,A,06:00,14:00,30,10
SFT-00611,L3,M304,2025-05-02,A,06:00,14:00,30,10
SFT-00612,L3,M305,2025-05-02,A,06:00,14:00,30,10
SFT-00613,L1,M101,2025-05-02,B,14:00,22:00,30,15
SFT-00614,L1,M102,2025-05-02,B,14:00,22:00,30,15
SFT-00615,L1,M103,2025-05-02,B,14:00,22:00,30,15
SFT-00616,L1,M104,2025-05-02,B,14:00,22:00,30,15
SFT-00617,L1,M105,2025-05-02,B,14:00,22:00,30,15
SFT-00618,L1,M106,2025-05-02,B,14:00,22:00,30,15
SFT-00619,L1,M107,2025-05-02,B,14:00,22:00,30,15
SFT-00620,L2,M201,2025-05-02,B,14:00,22:00,30,15
SFT-00621,L2,M202,2025-05-02,B,14:00,22:00,30,15
SFT-00622,L2,M203,2025-05-02,B,14:00,22:00,30,15
SFT-00623,L2,M204,2025-05-02,B,14:00,22:00,30,15
SFT-00624,L2,M205,2025-05-02,B,14:00,22:00,30,15
SFT-00625,L2,M206,2025-05-02,B,14:00,22:00,30,15
SFT-00626,L3,M301,2025-05-02,B,14:00,22:00,30,15
SFT-00627,L3,M302,2025-05-02,B,14:00,22:00,30,15
SFT-00628,L3,M303,2025-05-02,B,14:00,22:00,30,15
SFT-00629,L3,M304,2025-05-02,B,14:00,22:00,30,15
SFT-00630,L3,M305,2025-05-02,B,14:00,22:00,30,15
SFT-00631,L1,M101,2025-05-02,C,22:00,06:00,30,0
SFT-00632,L1,M102,2025-05-02,C,22:00,06:00,30,0
SFT-00633,L1,M103,2025-05-02,C,22:00,06:00,30,0
SFT-00634,L1,M104,2025-05-02,C,22:00,06:00,30,0
SFT-00635,L1,M105,2025-05-02,C,22:00,06:00,30,0
SFT-00636,L1,M106,2025-05-02,C,22:00,06:00,30,0
SFT-00637,L1,M107,2025-05-02,C,22:00,06:00,30,0
SFT-00638,L2,M201,2025-05-02,C,22:00,06:00,30,0
SFT-00639,L2,M202,2025-05-02,C,22:00,06:00,30,0
SFT-00640,L2,M203,2025-05-02,C,22:00,06:00,30,0
SFT-00641,L2,M204,2025-05-02,C,22:00,06:00,30,0
SFT-00642,L2,M205,2025-05-02,C,22:00,06:00,30,0
SFT-00643,L2,M206,2025-05-02,C,22:00,06:00,30,0
SFT-00644,L3,M301,2025-05-02,C,22:00,06:00,30,0
SFT-00645,L3,M302,2025-05-02,C,22:00,06:00,30,0
SFT-00646,L3,M303,2025-05-02,C,22:00,06:00,30,0
SFT-00647,L3,M304,2025-05-02,C,22:00,06:00,30,0
SFT-00648,L3,M305,2025-05-02,C,22:00,06:00,30,0
SFT-00649,L1,M101,2025-05-03,A,06:00,14:00,30,10
SFT-00650,L1,M102,2025-05-03,A,06:00,14:00,30,10
SFT-00651,L1,M103,2025-05-03,A,06:00,14:00,30,10
SFT-00652,L1,M104,2025-05-03,A,06:00,14:00,30,10
SFT-00653,L1,M105,2025-05-03,A,06:00,14:00,30,10
SFT-00654,L1,M106,2025-05-03,A,06:00,14:00,30,10
SFT-00655,L1,M107,2025-05-03,A,06:00,14:00,30,10
SFT-00656,L2,M201,2025-05-03,A,06:00,14:00,30,10
SFT-00657,L2,M202,2025-05-03,A,06:00,14:00,30,10
SFT-00658,L2,M203,2025-05-03,A,06:00,14:00,30,10
SFT-00659,L2,M204,2025-05-03,A,06:00,14:00,30,10
SFT-00660,L2,M205,2025-05-03,A,06:00,14:00,30,10
SFT-00661,L2,M206,2025-05-03,A,06:00,14:00,30,10
SFT-00662,L3,M301,2025-05-03,A,06:00,14:00,30,10
SFT-00663,L3,M302,2025-05-03,A,06:00,14:00,30,10
SFT-00664,L3,M303,2025-05-03,A,06:00,14:00,30,10
SFT-00665,L3,M304,2025-05-03,A,06:00,14:00,30,10
SFT-00666,L3,M305,2025-05-03,A,06:00,14:00,30,10
SFT-00667,L1,M101,2025-05-03,B,14:00,22:00,30,15
SFT-00668,L1,M102,2025-05-03,B,14:00,22:00,30,15
SFT-00669,L1,M103,2025-05-03,B,14:00,22:00,30,15
SFT-00670,L1,M104,2025-05-03,B,14:00,22:00,30,15
SFT-00671,L1,M105,2025-05-03,B,14:00,22:00,30,15
SFT-00672,L1,M106,2025-05-03,B,14:00,22:00,30,15
SFT-00673,L1,M107,2025-05-03,B,14:00,22:00,30,15
SFT-00674,L2,M201,2025-05-03,B,14:00,22:00,30,15
SFT-00675,L2,M202,2025-05-03,B,14:00,22:00,30,15
SFT-00676,L2,M203,2025-05-03,B,14:00,22:00,30,15
SFT-00677,L2,M204,2025-05-03,B,14:00,22:00,30,15
SFT-00678,L2,M205,2025-05-03,B,14:00,22:00,30,15
SFT-00679,L2,M206,2025-05-03,B,14:00,22:00,30,15
SFT-00680,L3,M301,2025-05-03,B,14:00,22:00,30,15
SFT-00681,L3,M302,2025-05-03,B,14:00,22:00,30,15
SFT-00682,L3,M303,2025-05-03,B,14:00,22:00,30,15
SFT-00683,L3,M304,2025-05-03,B,14:00,22:00,30,15
SFT-00684,L3,M305,2025-05-03,B,14:00,22:00,30,15
SFT-00685,L1,M101,2025-05-03,C,22:00,06:00,30,0
SFT-00686,L1,M102,2025-05-03,C,22:00,06:00,30,0
SFT-00687,L1,M103,2025-05-03,C,22:00,06:00,30,0
SFT-00688,L1,M104,2025-05-03,C,22:00,06:00,30,0
SFT-00689,L1,M105,2025-05-03,C,22:00,06:00,30,0
SFT-00690,L1,M106,2025-05-03,C,22:00,06:00,30,0
SFT-00691,L1,M107,2025-05-03,C,22:00,06:00,30,0
SFT-00692,L2,M201,2025-05-03,C,22:00,06:00,30,0
SFT-00693,L2,M202,2025-05-03,C,22:00,06:00,30,0
SFT-00694,L2,M203,2025-05-03,C,22:00,06:00,30,0
SFT-00695,L2,M204,2025-05-03,C,22:00,06:00,30,0
SFT-00696,L2,M205,2025-05-03,C,22:00,06:00,30,0
SFT-00697,L2,M206,2025-05-03,C,22:00,06:00,30,0
SFT-00698,L3,M301,2025-05-03,C,22:00,06:00,30,0
SFT-00699,L3,M302,2025-05-03,C,22:00,06:00,30,0
SFT-00700,L3,M303,2025-05-03,C,22:00,06:00,30,0
SFT-00701,L3,M304,2025-05-03,C,22:00,06:00,30,0
SFT-00702,L3,M305,2025-05-03,C,22:00,06:00,30,0
SFT-00703,L1,M101,2025-05-04,A,06:00,14:00,30,10
SFT-00704,L1,M102,2025-05-04,A,06:00,14:00,30,10
SFT-00705,L1,M103,2025-05-04,A,06:00,14:00,30,10
SFT-00706,L1,M104,2025-05-04,A,06:00,14:00,30,10
SFT-00707,L1,M105,2025-05-04,A,06:00,14:00,30,10
SFT-00708,L1,M106,2025-05-04,A,06:00,14:00,30,10
SFT-00709,L1,M107,2025-05-04,A,06:00,14:00,30,10
SFT-00710,L2,M201,2025-05-04,A,06:00,14:00,30,10
SFT-00711,L2,M202,2025-05-04,A,06:00,14:00,30,10
SFT-00712,L2,M203,2025-05-04,A,06:00,14:00,30,10
SFT-00713,L2,M204,2025-05-04,A,06:00,14:00,30,10
SFT-00714,L2,M205,2025-05-04,A,06:00,14:00,30,10
SFT-00715,L2,M206,2025-05-04,A,06:00,14:00,30,10
SFT-00716,L3,M301,2025-05-04,A,06:00,14:00,30,10
SFT-00717,L3,M302,2025-05-04,A,06:00,14:00,30,10
SFT-00718,L3,M303,2025-05-04,A,06:00,14:00,30,10
SFT-00719,L3,M304,2025-05-04,A,06:00,14:00,30,10
SFT-00720,L3,M305,2025-05-04,A,06:00,14:00,30,10
SFT-00721,L1,M101,2025-05-04,B,14:00,22:00,30,15
SFT-00722,L1,M102,2025-05-04,B,14:00,22:00,30,15
SFT-00723,L1,M103,2025-05-04,B,14:00,22:00,30,15
SFT-00724,L1,M104,2025-05-04,B,14:00,22:00,30,15
SFT-00725,L1,M105,2025-05-04,B,14:00,22:00,30,15
SFT-00726,L1,M106,2025-05-04,B,14:00,22:00,30,15
SFT-00727,L1,M107,2025-05-04,B,14:00,22:00,30,15
SFT-00728,L2,M201,2025-05-04,B,14:00,22:00,30,15
SFT-00729,L2,M202,2025-05-04,B,14:00,22:00,30,15
SFT-00730,L2,M203,2025-05-04,B,14:00,22:00,30,15
SFT-00731,L2,M204,2025-05-04,B,14:00,22:00,30,15
SFT-00732,L2,M205,2025-05-04,B,14:00,22:00,30,15
SFT-00733,L2,M206,2025-05-04,B,14:00,22:00,30,15
SFT-00734,L3,M301,2025-05-04,B,14:00,22:00,30,15
SFT-00735,L3,M302,2025-05-04,B,14:00,22:00,30,15
SFT-00736,L3,M303,2025-05-04,B,14:00,22:00,30,15
SFT-00737,L3,M304,2025-05-04,B,14:00,22:00,30,15
SFT-00738,L3,M305,2025-05-04,B,14:00,22:00,30,15
SFT-00739,L1,M101,2025-05-04,C,22:00,06:00,30,0
SFT-00740,L1,M102,2025-05-04,C,22:00,06:00,30,0
SFT-00741,L1,M103,2025-05-04,C,22:00,06:00,30,0
SFT-00742,L1,M104,2025-05-04,C,22:00,06:00,30,0
SFT-00743,L1,M105,2025-05-04,C,22:00,06:00,30,0
SFT-00744,L1,M106,2025-05-04,C,22:00,06:00,30,0
SFT-00745,L1,M107,2025-05-04,C,22:00,06:00,30,0
SFT-00746,L2,M201,2025-05-04,C,22:00,06:00,30,0
SFT-00747,L2,M202,2025-05-04,C,22:00,06:00,30,0
SFT-00748,L2,M203,2025-05-04,C,22:00,06:00,30,0
SFT-00749,L2,M204,2025-05-04,C,22:00,06:00,30,0
SFT-00750,L2,M205,2025-05-04,C,22:00,06:00,30,0
SFT-00751,L2,M206,2025-05-04,C,22:00,06:00,30,0
SFT-00752,L3,M301,2025-05-04,C,22:00,06:00,30,0
SFT-00753,L3,M302,2025-05-04,C,22:00,06:00,30,0
SFT-00754,L3,M303,2025-05-04,C,22:00,06:00,30,0
SFT-00755,L3,M304,2025-05-04,C,22:00,06:00,30,0
SFT-00756,L3,M305,2025-05-04,C,22:00,06:00,30,0
SFT-00757,L1,M101,2025-05-05,A,06:00,14:00,30,10
SFT-00758,L1,M102,2025-05-05,A,06:00,14:00,30,10
SFT-00759,L1,M103,2025-05-05,A,06:00,14:00,30,10
SFT-00760,L1,M104,2025-05-05,A,06:00,14:00,30,10
SFT-00761,L1,M105,2025-05-05,A,06:00,14:00,30,10
SFT-00762,L1,M106,2025-05-05,A,06:00,14:00,30,10
SFT-00763,L1,M107,2025-05-05,A,06:00,14:00,30,10
SFT-00764,L2,M201,2025-05-05,A,06:00,14:00,30,10
SFT-00765,L2,M202,2025-05-05,A,06:00,14:00,30,10
SFT-00766,L2,M203,2025-05-05,A,06:00,14:00,30,10
SFT-00767,L2,M204,2025-05-05,A,06:00,14:00,30,10
SFT-00768,L2,M205,2025-05-05,A,06:00,14:00,30,10
SFT-00769,L2,M206,2025-05-05,A,06:00,14:00,30,10
SFT-00770,L3,M301,2025-05-05,A,06:00,14:00,30,10
SFT-00771,L3,M302,2025-05-05,A,06:00,14:00,30,10
SFT-00772,L3,M303,2025-05-05,A,06:00,14:00,30,10
SFT-00773,L3,M304,2025-05-05,A,06:00,14:00,30,10
SFT-00774,L3,M305,2025-05-05,A,06:00,14:00,30,10
SFT-00775,L1,M101,2025-05-05,B,14:00,22:00,30,15
SFT-00776,L1,M102,2025-05-05,B,14:00,22:00,30,15
SFT-00777,L1,M103,2025-05-05,B,14:00,22:00,30,15
SFT-00778,L1,M104,2025-05-05,B,14:00,22:00,30,15
SFT-00779,L1,M105,2025-05-05,B,14:00,22:00,30,15
SFT-00780,L1,M106,2025-05-05,B,14:00,22:00,30,15
SFT-00781,L1,M107,2025-05-05,B,14:00,22:00,30,15
SFT-00782,L2,M201,2025-05-05,B,14:00,22:00,30,15
SFT-00783,L2,M202,2025-05-05,B,14:00,22:00,30,15
SFT-00784,L2,M203,2025-05-05,B,14:00,22:00,30,15
SFT-00785,L2,M204,2025-05-05,B,14:00,22:00,30,15
SFT-00786,L2,M205,2025-05-05,B,14:00,22:00,30,15
SFT-00787,L2,M206,2025-05-05,B,14:00,22:00,30,15
SFT-00788,L3,M301,2025-05-05,B,14:00,22:00,30,15
SFT-00789,L3,M302,2025-05-05,B,14:00,22:00,30,15
SFT-00790,L3,M303,2025-05-05,B,14:00,22:00,30,15
SFT-00791,L3,M304,2025-05-05,B,14:00,22:00,30,15
SFT-00792,L3,M305,2025-05-05,B,14:00,22:00,30,15
SFT-00793,L1,M101,2025-05-05,C,22:00,06:00,30,0
SFT-00794,L1,M102,2025-05-05,C,22:00,06:00,30,0
SFT-00795,L1,M103,2025-05-05,C,22:00,06:00,30,0
SFT-00796,L1,M104,2025-05-05,C,22:00,06:00,30,0
SFT-00797,L1,M105,2025-05-05,C,22:00,06:00,30,0
SFT-00798,L1,M106,2025-05-05,C,22:00,06:00,30,0
SFT-00799,L1,M107,2025-05-05,C,22:00,06:00,30,0
SFT-00800,L2,M201,2025-05-05,C,22:00,06:00,30,0
SFT-00801,L2,M202,2025-05-05,C,22:00,06:00,30,0
SFT-00802,L2,M203,2025-05-05,C,22:00,06:00,30,0
SFT-00803,L2,M204,2025-05-05,C,22:00,06:00,30,0
SFT-00804,L2,M205,2025-05-05,C,22:00,06:00,30,0
SFT-00805,L2,M206,2025-05-05,C,22:00,06:00,30,0
SFT-00806,L3,M301,2025-05-05,C,22:00,06:00,30,0
SFT-00807,L3,M302,2025-05-05,C,22:00,06:00,30,0
SFT-00808,L3,M303,2025-05-05,C,22:00,06:00,30,0
SFT-00809,L3,M304,2025-05-05,C,22:00,06:00,30,0
SFT-00810,L3,M305,2025-05-05,C,22:00,06:00,30,0
SFT-00811,L1,M101,2025-05-06,A,06:00,14:00,30,10
SFT-00812,L1,M102,2025-05-06,A,06:00,14:00,30,10
SFT-00813,L1,M103,2025-05-06,A,06:00,14:00,30,10
SFT-00814,L1,M104,2025-05-06,A,06:00,14:00,30,10
SFT-00815,L1,M105,2025-05-06,A,06:00,14:00,30,10
SFT-00816,L1,M106,2025-05-06,A,06:00,14:00,30,10
SFT-00817,L1,M107,2025-05-06,A,06:00,14:00,30,10
SFT-00818,L2,M201,2025-05-06,A,06:00,14:00,30,10
SFT-00819,L2,M202,2025-05-06,A,06:00,14:00,30,10
SFT-00820,L2,M203,2025-05-06,A,06:00,14:00,30,10
SFT-00821,L2,M204,2025-05-06,A,06:00,14:00,30,10
SFT-00822,L2,M205,2025-05-06,A,06:00,14:00,30,10
SFT-00823,L2,M206,2025-05-06,A,06:00,14:00,30,10
SFT-00824,L3,M301,2025-05-06,A,06:00,14:00,30,10
SFT-00825,L3,M302,2025-05-06,A,06:00,14:00,30,10
SFT-00826,L3,M303,2025-05-06,A,06:00,14:00,30,10
SFT-00827,L3,M304,2025-05-06,A,06:00,14:00,30,10
SFT-00828,L3,M305,2025-05-06,A,06:00,14:00,30,10
SFT-00829,L1,M101,2025-05-06,B,14:00,22:00,30,15
SFT-00830,L1,M102,2025-05-06,B,14:00,22:00,30,15
SFT-00831,L1,M103,2025-05-06,B,14:00,22:00,30,15
SFT-00832,L1,M104,2025-05-06,B,14:00,22:00,30,15
SFT-00833,L1,M105,2025-05-06,B,14:00,22:00,30,15
SFT-00834,L1,M106,2025-05-06,B,14:00,22:00,30,15
SFT-00835,L1,M107,2025-05-06,B,14:00,22:00,30,15
SFT-00836,L2,M201,2025-05-06,B,14:00,22:00,30,15
SFT-00837,L2,M202,2025-05-06,B,14:00,22:00,30,15
SFT-00838,L2,M203,2025-05-06,B,14:00,22:00,30,15
SFT-00839,L2,M204,2025-05-06,B,14:00,22:00,30,15
SFT-00840,L2,M205,2025-05-06,B,14:00,22:00,30,15
SFT-00841,L2,M206,2025-05-06,B,14:00,22:00,30,15
SFT-00842,L3,M301,2025-05-06,B,14:00,22:00,30,15
SFT-00843,L3,M302,2025-05-06,B,14:00,22:00,30,15
SFT-00844,L3,M303,2025-05-06,B,14:00,22:00,30,15
SFT-00845,L3,M304,2025-05-06,B,14:00,22:00,30,15
SFT-00846,L3,M305,2025-05-06,B,14:00,22:00,30,15
SFT-00847,L1,M101,2025-05-06,C,22:00,06:00,30,0
SFT-00848,L1,M102,2025-05-06,C,22:00,06:00,30,0
SFT-00849,L1,M103,2025-05-06,C,22:00,06:00,30,0
SFT-00850,L1,M104,2025-05-06,C,22:00,06:00,30,0
SFT-00851,L1,M105,2025-05-06,C,22:00,06:00,30,0
SFT-00852,L1,M106,2025-05-06,C,22:00,06:00,30,0
SFT-00853,L1,M107,2025-05-06,C,22:00,06:00,30,0
SFT-00854,L2,M201,2025-05-06,C,22:00,06:00,30,0
SFT-00855,L2,M202,2025-05-06,C,22:00,06:00,30,0
SFT-00856,L2,M203,2025-05-06,C,22:00,06:00,30,0
SFT-00857,L2,M204,2025-05-06,C,22:00,06:00,30,0
SFT-00858,L2,M205,2025-05-06,C,22:00,06:00,30,0
SFT-00859,L2,M206,2025-05-06,C,22:00,06:00,30,0
SFT-00860,L3,M301,2025-05-06,C,22:00,06:00,30,0
SFT-00861,L3,M302,2025-05-06,C,22:00,06:00,30,0
SFT-00862,L3,M303,2025-05-06,C,22:00,06:00,30,0
SFT-00863,L3,M304,2025-05-06,C,22:00,06:00,30,0
SFT-00864,L3,M305,2025-05-06,C,22:00,06:00,30,0
SFT-00865,L1,M101,2025-05-07,A,06:00,14:00,30,10
SFT-00866,L1,M102,2025-05-07,A,06:00,14:00,30,10
SFT-00867,L1,M103,2025-05-07,A,06:00,14:00,30,10
SFT-00868,L1,M104,2025-05-07,A,06:00,14:00,30,10
SFT-00869,L1,M105,2025-05-07,A,06:00,14:00,30,10
SFT-00870,L1,M106,2025-05-07,A,06:00,14:00,30,10
SFT-00871,L1,M107,2025-05-07,A,06:00,14:00,30,10
SFT-00872,L2,M201,2025-05-07,A,06:00,14:00,30,10
SFT-00873,L2,M202,2025-05-07,A,06:00,14:00,30,10
SFT-00874,L2,M203,2025-05-07,A,06:00,14:00,30,10
SFT-00875,L2,M204,2025-05-07,A,06:00,14:00,30,10
SFT-00876,L2,M205,2025-05-07,A,06:00,14:00,30,10
SFT-00877,L2,M206,2025-05-07,A,06:00,14:00,30,10
SFT-00878,L3,M301,2025-05-07,A,06:00,14:00,30,10
SFT-00879,L3,M302,2025-05-07,A,06:00,14:00,30,10
SFT-00880,L3,M303,2025-05-07,A,06:00,14:00,30,10
SFT-00881,L3,M304,2025-05-07,A,06:00,14:00,30,10
SFT-00882,L3,M305,2025-05-07,A,06:00,14:00,30,10
SFT-00883,L1,M101,2025-05-07,B,14:00,22:00,30,15
SFT-00884,L1,M102,2025-05-07,B,14:00,22:00,30,15
SFT-00885,L1,M103,2025-05-07,B,14:00,22:00,30,15
SFT-00886,L1,M104,2025-05-07,B,14:00,22:00,30,15
SFT-00887,L1,M105,2025-05-07,B,14:00,22:00,30,15
SFT-00888,L1,M106,2025-05-07,B,14:00,22:00,30,15
SFT-00889,L1,M107,2025-05-07,B,14:00,22:00,30,15
SFT-00890,L2,M201,2025-05-07,B,14:00,22:00,30,15
SFT-00891,L2,M202,2025-05-07,B,14:00,22:00,30,15
SFT-00892,L2,M203,2025-05-07,B,14:00,22:00,30,15
SFT-00893,L2,M204,2025-05-07,B,14:00,22:00,30,15
SFT-00894,L2,M205,2025-05-07,B,14:00,22:00,30,15
SFT-00895,L2,M206,2025-05-07,B,14:00,22:00,30,15
SFT-00896,L3,M301,2025-05-07,B,14:00,22:00,30,15
SFT-00897,L3,M302,2025-05-07,B,14:00,22:00,30,15
SFT-00898,L3,M303,2025-05-07,B,14:00,22:00,30,15
SFT-00899,L3,M304,2025-05-07,B,14:00,22:00,30,15
SFT-00900,L3,M305,2025-05-07,B,14:00,22:00,30,15
SFT-00901,L1,M101,2025-05-07,C,22:00,06:00,30,0
SFT-00902,L1,M102,2025-05-07,C,22:00,06:00,30,0
SFT-00903,L1,M103,2025-05-07,C,22:00,06:00,30,0
SFT-00904,L1,M104,2025-05-07,C,22:00,06:00,30,0
SFT-00905,L1,M105,2025-05-07,C,22:00,06:00,30,0
SFT-00906,L1,M106,2025-05-07,C,22:00,06:00,30,0
SFT-00907,L1,M107,2025-05-07,C,22:00,06:00,30,0
SFT-00908,L2,M201,2025-05-07,C,22:00,06:00,30,0
SFT-00909,L2,M202,2025-05-07,C,22:00,06:00,30,0
SFT-00910,L2,M203,2025-05-07,C,22:00,06:00,30,0
SFT-00911,L2,M204,2025-05-07,C,22:00,06:00,30,0
SFT-00912,L2,M205,2025-05-07,C,22:00,06:00,30,0
SFT-00913,L2,M206,2025-05-07,C,22:00,06:00,30,0
SFT-00914,L3,M301,2025-05-07,C,22:00,06:00,30,0
SFT-00915,L3,M302,2025-05-07,C,22:00,06:00,30,0
SFT-00916,L3,M303,2025-05-07,C,22:00,06:00,30,0
SFT-00917,L3,M304,2025-05-07,C,22:00,06:00,30,0
SFT-00918,L3,M305,2025-05-07,C,22:00,06:00,30,0
SFT-00919,L1,M101,2025-05-08,A,06:00,14:00,30,10
SFT-00920,L1,M102,2025-05-08,A,06:00,14:00,30,10
SFT-00921,L1,M103,2025-05-08,A,06:00,14:00,30,10
SFT-00922,L1,M104,2025-05-08,A,06:00,14:00,30,10
SFT-00923,L1,M105,2025-05-08,A,06:00,14:00,30,10
SFT-00924,L1,M106,2025-05-08,A,06:00,14:00,30,10
SFT-00925,L1,M107,2025-05-08,A,06:00,14:00,30,10
SFT-00926,L2,M201,2025-05-08,A,06:00,14:00,30,10
SFT-00927,L2,M202,2025-05-08,A,06:00,14:00,30,10
SFT-00928,L2,M203,2025-05-08,A,06:00,14:00,30,10
SFT-00929,L2,M204,2025-05-08,A,06:00,14:00,30,10
SFT-00930,L2,M205,2025-05-08,A,06:00,14:00,30,10
SFT-00931,L2,M206,2025-05-08,A,06:00,14:00,30,10
SFT-00932,L3,M301,2025-05-08,A,06:00,14:00,30,10
SFT-00933,L3,M302,2025-05-08,A,06:00,14:00,30,10
SFT-00934,L3,M303,2025-05-08,A,06:00,14:00,30,10
SFT-00935,L3,M304,2025-05-08,A,06:00,14:00,30,10
SFT-00936,L3,M305,2025-05-08,A,06:00,14:00,30,10
SFT-00937,L1,M101,2025-05-08,B,14:00,22:00,30,15
SFT-00938,L1,M102,2025-05-08,B,14:00,22:00,30,15
SFT-00939,L1,M103,2025-05-08,B,14:00,22:00,30,15
SFT-00940,L1,M104,2025-05-08,B,14:00,22:00,30,15
SFT-00941,L1,M105,2025-05-08,B,14:00,22:00,30,15
SFT-00942,L1,M106,2025-05-08,B,14:00,22:00,30,15
SFT-00943,L1,M107,2025-05-08,B,14:00,22:00,30,15
SFT-00944,L2,M201,2025-05-08,B,14:00,22:00,30,15
SFT-00945,L2,M202,2025-05-08,B,14:00,22:00,30,15
SFT-00946,L2,M203,2025-05-08,B,14:00,22:00,30,15
SFT-00947,L2,M204,2025-05-08,B,14:00,22:00,30,15
SFT-00948,L2,M205,2025-05-08,B,14:00,22:00,30,15
SFT-00949,L2,M206,2025-05-08,B,14:00,22:00,30,15
SFT-00950,L3,M301,2025-05-08,B,14:00,22:00,30,15
SFT-00951,L3,M302,2025-05-08,B,14:00,22:00,30,15
SFT-00952,L3,M303,2025-05-08,B,14:00,22:00,30,15
SFT-00953,L3,M304,2025-05-08,B,14:00,22:00,30,15
SFT-00954,L3,M305,2025-05-08,B,14:00,22:00,30,15
SFT-00955,L1,M101,2025-05-08,C,22:00,06:00,30,0
SFT-00956,L1,M102,2025-05-08,C,22:00,06:00,30,0
SFT-00957,L1,M103,2025-05-08,C,22:00,06:00,30,0
SFT-00958,L1,M104,2025-05-08,C,22:00,06:00,30,0
SFT-00959,L1,M105,2025-05-08,C,22:00,06:00,30,0
SFT-00960,L1,M106,2025-05-08,C,22:00,06:00,30,0
SFT-00961,L1,M107,2025-05-08,C,22:00,06:00,30,0
SFT-00962,L2,M201,2025-05-08,C,22:00,06:00,30,0
SFT-00963,L2,M202,2025-05-08,C,22:00,06:00,30,0
SFT-00964,L2,M203,2025-05-08,C,22:00,06:00,30,0
SFT-00965,L2,M204,2025-05-08,C,22:00,06:00,30,0
SFT-00966,L2,M205,2025-05-08,C,22:00,06:00,30,0
SFT-00967,L2,M206,2025-05-08,C,22:00,06:00,30,0
SFT-00968,L3,M301,2025-05-08,C,22:00,06:00,30,0
SFT-00969,L3,M302,2025-05-08,C,22:00,06:00,30,0
SFT-00970,L3,M303,2025-05-08,C,22:00,06:00,30,0
SFT-00971,L3,M304,2025-05-08,C,22:00,06:00,30,0
SFT-00972,L3,M305,2025-05-08,C,22:00,06:00,30,0
SFT-00973,L1,M101,2025-05-09,A,06:00,14:00,30,10
SFT-00974,L1,M102,2025-05-09,A,06:00,14:00,30,10
SFT-00975,L1,M103,2025-05-09,A,06:00,14:00,30,10
SFT-00976,L1,M104,2025-05-09,A,06:00,14:00,30,10
SFT-00977,L1,M105,2025-05-09,A,06:00,14:00,30,10
SFT-00978,L1,M106,2025-05-09,A,06:00,14:00,30,10
SFT-00979,L1,M107,2025-05-09,A,06:00,14:00,30,10
SFT-00980,L2,M201,2025-05-09,A,06:00,14:00,30,10
SFT-00981,L2,M202,2025-05-09,A,06:00,14:00,30,10
SFT-00982,L2,M203,2025-05-09,A,06:00,14:00,30,10
SFT-00983,L2,M204,2025-05-09,A,06:00,14:00,30,10
SFT-00984,L2,M205,2025-05-09,A,06:00,14:00,30,10
SFT-00985,L2,M206,2025-05-09,A,06:00,14:00,30,10
SFT-00986,L3,M301,2025-05-09,A,06:00,14:00,30,10
SFT-00987,L3,M302,2025-05-09,A,06:00,14:00,30,10
SFT-00988,L3,M303,2025-05-09,A,06:00,14:00,30,10
SFT-00989,L3,M304,2025-05-09,A,06:00,14:00,30,10
SFT-00990,L3,M305,2025-05-09,A,06:00,14:00,30,10
SFT-00991,L1,M101,2025-05-09,B,14:00,22:00,30,15
SFT-00992,L1,M102,2025-05-09,B,14:00,22:00,30,15
SFT-00993,L1,M103,2025-05-09,B,14:00,22:00,30,15
SFT-00994,L1,M104,2025-05-09,B,14:00,22:00,30,15
SFT-00995,L1,M105,2025-05-09,B,14:00,22:00,30,15
SFT-00996,L1,M106,2025-05-09,B,14:00,22:00,30,15
SFT-00997,L1,M107,2025-05-09,B,14:00,22:00,30,15
SFT-00998,L2,M201,2025-05-09,B,14:00,22:00,30,15
SFT-00999,L2,M202,2025-05-09,B,14:00,22:00,30,15
SFT-01000,L2,M203,2025-05-09,B,14:00,22:00,30,15
SFT-01001,L2,M204,2025-05-09,B,14:00,22:00,30,15
SFT-01002,L2,M205,2025-05-09,B,14:00,22:00,30,15
SFT-01003,L2,M206,2025-05-09,B,14:00,22:00,30,15
SFT-01004,L3,M301,2025-05-09,B,14:00,22:00,30,15
SFT-01005,L3,M302,2025-05-09,B,14:00,22:00,30,15
SFT-01006,L3,M303,2025-05-09,B,14:00,22:00,30,15
SFT-01007,L3,M304,2025-05-09,B,14:00,22:00,30,15
SFT-01008,L3,M305,2025-05-09,B,14:00,22:00,30,15
SFT-01009,L1,M101,2025-05-09,C,22:00,06:00,30,0
SFT-01010,L1,M102,2025-05-09,C,22:00,06:00,30,0
SFT-01011,L1,M103,2025-05-09,C,22:00,06:00,30,0
SFT-01012,L1,M104,2025-05-09,C,22:00,06:00,30,0
SFT-01013,L1,M105,2025-05-09,C,22:00,06:00,30,0
SFT-01014,L1,M106,2025-05-09,C,22:00,06:00,30,0
SFT-01015,L1,M107,2025-05-09,C,22:00,06:00,30,0
SFT-01016,L2,M201,2025-05-09,C,22:00,06:00,30,0
SFT-01017,L2,M202,2025-05-09,C,22:00,06:00,30,0
SFT-01018,L2,M203,2025-05-09,C,22:00,06:00,30,0
SFT-01019,L2,M204,2025-05-09,C,22:00,06:00,30,0
SFT-01020,L2,M205,2025-05-09,C,22:00,06:00,30,0
SFT-01021,L2,M206,2025-05-09,C,22:00,06:00,30,0
SFT-01022,L3,M301,2025-05-09,C,22:00,06:00,30,0
SFT-01023,L3,M302,2025-05-09,C,22:00,06:00,30,0
SFT-01024,L3,M303,2025-05-09,C,22:00,06:00,30,0
SFT-01025,L3,M304,2025-05-09,C,22:00,06:00,30,0
SFT-01026,L3,M305,2025-05-09,C,22:00,06:00,30,0
SFT-01027,L1,M101,2025-05-10,A,06:00,14:00,30,10
SFT-01028,L1,M102,2025-05-10,A,06:00,14:00,30,10
SFT-01029,L1,M103,2025-05-10,A,06:00,14:00,30,10
SFT-01030,L1,M104,2025-05-10,A,06:00,14:00,30,10
SFT-01031,L1,M105,2025-05-10,A,06:00,14:00,30,10
SFT-01032,L1,M106,2025-05-10,A,06:00,14:00,30,10
SFT-01033,L1,M107,2025-05-10,A,06:00,14:00,30,10
SFT-01034,L2,M201,2025-05-10,A,06:00,14:00,30,10
SFT-01035,L2,M202,2025-05-10,A,06:00,14:00,30,10
SFT-01036,L2,M203,2025-05-10,A,06:00,14:00,30,10
SFT-01037,L2,M204,2025-05-10,A,06:00,14:00,30,10
SFT-01038,L2,M205,2025-05-10,A,06:00,14:00,30,10
SFT-01039,L2,M206,2025-05-10,A,06:00,14:00,30,10
SFT-01040,L3,M301,2025-05-10,A,06:00,14:00,30,10
SFT-01041,L3,M302,2025-05-10,A,06:00,14:00,30,10
SFT-01042,L3,M303,2025-05-10,A,06:00,14:00,30,10
SFT-01043,L3,M304,2025-05-10,A,06:00,14:00,30,10
SFT-01044,L3,M305,2025-05-10,A,06:00,14:00,30,10
SFT-01045,L1,M101,2025-05-10,B,14:00,22:00,30,15
SFT-01046,L1,M102,2025-05-10,B,14:00,22:00,30,15
SFT-01047,L1,M103,2025-05-10,B,14:00,22:00,30,15
SFT-01048,L1,M104,2025-05-10,B,14:00,22:00,30,15
SFT-01049,L1,M105,2025-05-10,B,14:00,22:00,30,15
SFT-01050,L1,M106,2025-05-10,B,14:00,22:00,30,15
SFT-01051,L1,M107,2025-05-10,B,14:00,22:00,30,15
SFT-01052,L2,M201,2025-05-10,B,14:00,22:00,30,15
SFT-01053,L2,M202,2025-05-10,B,14:00,22:00,30,15
SFT-01054,L2,M203,2025-05-10,B,14:00,22:00,30,15
SFT-01055,L2,M204,2025-05-10,B,14:00,22:00,30,15
SFT-01056,L2,M205,2025-05-10,B,14:00,22:00,30,15
SFT-01057,L2,M206,2025-05-10,B,14:00,22:00,30,15
SFT-01058,L3,M301,2025-05-10,B,14:00,22:00,30,15
SFT-01059,L3,M302,2025-05-10,B,14:00,22:00,30,15
SFT-01060,L3,M303,2025-05-10,B,14:00,22:00,30,15
SFT-01061,L3,M304,2025-05-10,B,14:00,22:00,30,15
SFT-01062,L3,M305,2025-05-10,B,14:00,22:00,30,15
SFT-01063,L1,M101,2025-05-10,C,22:00,06:00,30,0
SFT-01064,L1,M102,2025-05-10,C,22:00,06:00,30,0
SFT-01065,L1,M103,2025-05-10,C,22:00,06:00,30,0
SFT-01066,L1,M104,2025-05-10,C,22:00,06:00,30,0
SFT-01067,L1,M105,2025-05-10,C,22:00,06:00,30,0
SFT-01068,L1,M106,2025-05-10,C,22:00,06:00,30,0
SFT-01069,L1,M107,2025-05-10,C,22:00,06:00,30,0
SFT-01070,L2,M201,2025-05-10,C,22:00,06:00,30,0
SFT-01071,L2,M202,2025-05-10,C,22:00,06:00,30,0
SFT-01072,L2,M203,2025-05-10,C,22:00,06:00,30,0
SFT-01073,L2,M204,2025-05-10,C,22:00,06:00,30,0
SFT-01074,L2,M205,2025-05-10,C,22:00,06:00,30,0
SFT-01075,L2,M206,2025-05-10,C,22:00,06:00,30,0
SFT-01076,L3,M301,2025-05-10,C,22:00,06:00,30,0
SFT-01077,L3,M302,2025-05-10,C,22:00,06:00,30,0
SFT-01078,L3,M303,2025-05-10,C,22:00,06:00,30,0
SFT-01079,L3,M304,2025-05-10,C,22:00,06:00,30,0
SFT-01080,L3,M305,2025-05-10,C,22:00,06:00,30,0
SFT-01081,L1,M101,2025-05-11,A,06:00,14:00,30,10
SFT-01082,L1,M102,2025-05-11,A,06:00,14:00,30,10
SFT-01083,L1,M103,2025-05-11,A,06:00,14:00,30,10
SFT-01084,L1,M104,2025-05-11,A,06:00,14:00,30,10
SFT-01085,L1,M105,2025-05-11,A,06:00,14:00,30,10
SFT-01086,L1,M106,2025-05-11,A,06:00,14:00,30,10
SFT-01087,L1,M107,2025-05-11,A,06:00,14:00,30,10
SFT-01088,L2,M201,2025-05-11,A,06:00,14:00,30,10
SFT-01089,L2,M202,2025-05-11,A,06:00,14:00,30,10
SFT-01090,L2,M203,2025-05-11,A,06:00,14:00,30,10
SFT-01091,L2,M204,2025-05-11,A,06:00,14:00,30,10
SFT-01092,L2,M205,2025-05-11,A,06:00,14:00,30,10
SFT-01093,L2,M206,2025-05-11,A,06:00,14:00,30,10
SFT-01094,L3,M301,2025-05-11,A,06:00,14:00,30,10
SFT-01095,L3,M302,2025-05-11,A,06:00,14:00,30,10
SFT-01096,L3,M303,2025-05-11,A,06:00,14:00,30,10
SFT-01097,L3,M304,2025-05-11,A,06:00,14:00,30,10
SFT-01098,L3,M305,2025-05-11,A,06:00,14:00,30,10
SFT-01099,L1,M101,2025-05-11,B,14:00,22:00,30,15
SFT-01100,L1,M102,2025-05-11,B,14:00,22:00,30,15
SFT-01101,L1,M103,2025-05-11,B,14:00,22:00,30,15
SFT-01102,L1,M104,2025-05-11,B,14:00,22:00,30,15
SFT-01103,L1,M105,2025-05-11,B,14:00,22:00,30,15
SFT-01104,L1,M106,2025-05-11,B,14:00,22:00,30,15
SFT-01105,L1,M107,2025-05-11,B,14:00,22:00,30,15
SFT-01106,L2,M201,2025-05-11,B,14:00,22:00,30,15
SFT-01107,L2,M202,2025-05-11,B,14:00,22:00,30,15
SFT-01108,L2,M203,2025-05-11,B,14:00,22:00,30,15
SFT-01109,L2,M204,2025-05-11,B,14:00,22:00,30,15
SFT-01110,L2,M205,2025-05-11,B,14:00,22:00,30,15
SFT-01111,L2,M206,2025-05-11,B,14:00,22:00,30,15
SFT-01112,L3,M301,2025-05-11,B,14:00,22:00,30,15
SFT-01113,L3,M302,2025-05-11,B,14:00,22:00,30,15
SFT-01114,L3,M303,2025-05-11,B,14:00,22:00,30,15
SFT-01115,L3,M304,2025-05-11,B,14:00,22:00,30,15
SFT-01116,L3,M305,2025-05-11,B,14:00,22:00,30,15
SFT-01117,L1,M101,2025-05-11,C,22:00,06:00,30,0
SFT-01118,L1,M102,2025-05-11,C,22:00,06:00,30,0
SFT-01119,L1,M103,2025-05-11,C,22:00,06:00,30,0
SFT-01120,L1,M104,2025-05-11,C,22:00,06:00,30,0
SFT-01121,L1,M105,2025-05-11,C,22:00,06:00,30,0
SFT-01122,L1,M106,2025-05-11,C,22:00,06:00,30,0
SFT-01123,L1,M107,2025-05-11,C,22:00,06:00,30,0
SFT-01124,L2,M201,2025-05-11,C,22:00,06:00,30,0
SFT-01125,L2,M202,2025-05-11,C,22:00,06:00,30,0
SFT-01126,L2,M203,2025-05-11,C,22:00,06:00,30,0
SFT-01127,L2,M204,2025-05-11,C,22:00,06:00,30,0
SFT-01128,L2,M205,2025-05-11,C,22:00,06:00,30,0
SFT-01129,L2,M206,2025-05-11,C,22:00,06:00,30,0
SFT-01130,L3,M301,2025-05-11,C,22:00,06:00,30,0
SFT-01131,L3,M302,2025-05-11,C,22:00,06:00,30,0
SFT-01132,L3,M303,2025-05-11,C,22:00,06:00,30,0
SFT-01133,L3,M304,2025-05-11,C,22:00,06:00,30,0
SFT-01134,L3,M305,2025-05-11,C,22:00,06:00,30,0
SFT-01135,L1,M101,2025-05-12,A,06:00,14:00,30,10
SFT-01136,L1,M102,2025-05-12,A,06:00,14:00,30,10
SFT-01137,L1,M103,2025-05-12,A,06:00,14:00,30,10
SFT-01138,L1,M104,2025-05-12,A,06:00,14:00,30,10
SFT-01139,L1,M105,2025-05-12,A,06:00,14:00,30,10
SFT-01140,L1,M106,2025-05-12,A,06:00,14:00,30,10
SFT-01141,L1,M107,2025-05-12,A,06:00,14:00,30,10
SFT-01142,L2,M201,2025-05-12,A,06:00,14:00,30,10
SFT-01143,L2,M202,2025-05-12,A,06:00,14:00,30,10
SFT-01144,L2,M203,2025-05-12,A,06:00,14:00,30,10
SFT-01145,L2,M204,2025-05-12,A,06:00,14:00,30,10
SFT-01146,L2,M205,2025-05-12,A,06:00,14:00,30,10
SFT-01147,L2,M206,2025-05-12,A,06:00,14:00,30,10
SFT-01148,L3,M301,2025-05-12,A,06:00,14:00,30,10
SFT-01149,L3,M302,2025-05-12,A,06:00,14:00,30,10
SFT-01150,L3,M303,2025-05-12,A,06:00,14:00,30,10
SFT-01151,L3,M304,2025-05-12,A,06:00,14:00,30,10
SFT-01152,L3,M305,2025-05-12,A,06:00,14:00,30,10
SFT-01153,L1,M101,2025-05-12,B,14:00,22:00,30,15
SFT-01154,L1,M102,2025-05-12,B,14:00,22:00,30,15
SFT-01155,L1,M103,2025-05-12,B,14:00,22:00,30,15
SFT-01156,L1,M104,2025-05-12,B,14:00,22:00,30,15
SFT-01157,L1,M105,2025-05-12,B,14:00,22:00,30,15
SFT-01158,L1,M106,2025-05-12,B,14:00,22:00,30,15
SFT-01159,L1,M107,2025-05-12,B,14:00,22:00,30,15
SFT-01160,L2,M201,2025-05-12,B,14:00,22:00,30,15
SFT-01161,L2,M202,2025-05-12,B,14:00,22:00,30,15
SFT-01162,L2,M203,2025-05-12,B,14:00,22:00,30,15
SFT-01163,L2,M204,2025-05-12,B,14:00,22:00,30,15
SFT-01164,L2,M205,2025-05-12,B,14:00,22:00,30,15
SFT-01165,L2,M206,2025-05-12,B,14:00,22:00,30,15
SFT-01166,L3,M301,2025-05-12,B,14:00,22:00,30,15
SFT-01167,L3,M302,2025-05-12,B,14:00,22:00,30,15
SFT-01168,L3,M303,2025-05-12,B,14:00,22:00,30,15
SFT-01169,L3,M304,2025-05-12,B,14:00,22:00,30,15
SFT-01170,L3,M305,2025-05-12,B,14:00,22:00,30,15
SFT-01171,L1,M101,2025-05-12,C,22:00,06:00,30,0
SFT-01172,L1,M102,2025-05-12,C,22:00,06:00,30,0
SFT-01173,L1,M103,2025-05-12,C,22:00,06:00,30,0
SFT-01174,L1,M104,2025-05-12,C,22:00,06:00,30,0
SFT-01175,L1,M105,2025-05-12,C,22:00,06:00,30,0
SFT-01176,L1,M106,2025-05-12,C,22:00,06:00,30,0
SFT-01177,L1,M107,2025-05-12,C,22:00,06:00,30,0
SFT-01178,L2,M201,2025-05-12,C,22:00,06:00,30,0
SFT-01179,L2,M202,2025-05-12,C,22:00,06:00,30,0
SFT-01180,L2,M203,2025-05-12,C,22:00,06:00,30,0
SFT-01181,L2,M204,2025-05-12,C,22:00,06:00,30,0
SFT-01182,L2,M205,2025-05-12,C,22:00,06:00,30,0
SFT-01183,L2,M206,2025-05-12,C,22:00,06:00,30,0
SFT-01184,L3,M301,2025-05-12,C,22:00,06:00,30,0
SFT-01185,L3,M302,2025-05-12,C,22:00,06:00,30,0
SFT-01186,L3,M303,2025-05-12,C,22:00,06:00,30,0
SFT-01187,L3,M304,2025-05-12,C,22:00,06:00,30,0
SFT-01188,L3,M305,2025-05-12,C,22:00,06:00,30,0
SFT-01189,L1,M101,2025-05-13,A,06:00,14:00,30,10
SFT-01190,L1,M102,2025-05-13,A,06:00,14:00,30,10
SFT-01191,L1,M103,2025-05-13,A,06:00,14:00,30,10
SFT-01192,L1,M104,2025-05-13,A,06:00,14:00,30,10
SFT-01193,L1,M105,2025-05-13,A,06:00,14:00,30,10
SFT-01194,L1,M106,2025-05-13,A,06:00,14:00,30,10
SFT-01195,L1,M107,2025-05-13,A,06:00,14:00,30,10
SFT-01196,L2,M201,2025-05-13,A,06:00,14:00,30,10
SFT-01197,L2,M202,2025-05-13,A,06:00,14:00,30,10
SFT-01198,L2,M203,2025-05-13,A,06:00,14:00,30,10
SFT-01199,L2,M204,2025-05-13,A,06:00,14:00,30,10
SFT-01200,L2,M205,2025-05-13,A,06:00,14:00,30,10
SFT-01201,L2,M206,2025-05-13,A,06:00,14:00,30,10
SFT-01202,L3,M301,2025-05-13,A,06:00,14:00,30,10
SFT-01203,L3,M302,2025-05-13,A,06:00,14:00,30,10
SFT-01204,L3,M303,2025-05-13,A,06:00,14:00,30,10
SFT-01205,L3,M304,2025-05-13,A,06:00,14:00,30,10
SFT-01206,L3,M305,2025-05-13,A,06:00,14:00,30,10
SFT-01207,L1,M101,2025-05-13,B,14:00,22:00,30,15
SFT-01208,L1,M102,2025-05-13,B,14:00,22:00,30,15
SFT-01209,L1,M103,2025-05-13,B,14:00,22:00,30,15
SFT-01210,L1,M104,2025-05-13,B,14:00,22:00,30,15
SFT-01211,L1,M105,2025-05-13,B,14:00,22:00,30,15
SFT-01212,L1,M106,2025-05-13,B,14:00,22:00,30,15
SFT-01213,L1,M107,2025-05-13,B,14:00,22:00,30,15
SFT-01214,L2,M201,2025-05-13,B,14:00,22:00,30,15
SFT-01215,L2,M202,2025-05-13,B,14:00,22:00,30,15
SFT-01216,L2,M203,2025-05-13,B,14:00,22:00,30,15
SFT-01217,L2,M204,2025-05-13,B,14:00,22:00,30,15
SFT-01218,L2,M205,2025-05-13,B,14:00,22:00,30,15
SFT-01219,L2,M206,2025-05-13,B,14:00,22:00,30,15
SFT-01220,L3,M301,2025-05-13,B,14:00,22:00,30,15
SFT-01221,L3,M302,2025-05-13,B,14:00,22:00,30,15
SFT-01222,L3,M303,2025-05-13,B,14:00,22:00,30,15
SFT-01223,L3,M304,2025-05-13,B,14:00,22:00,30,15
SFT-01224,L3,M305,2025-05-13,B,14:00,22:00,30,15
SFT-01225,L1,M101,2025-05-13,C,22:00,06:00,30,0
SFT-01226,L1,M102,2025-05-13,C,22:00,06:00,30,0
SFT-01227,L1,M103,2025-05-13,C,22:00,06:00,30,0
SFT-01228,L1,M104,2025-05-13,C,22:00,06:00,30,0
SFT-01229,L1,M105,2025-05-13,C,22:00,06:00,30,0
SFT-01230,L1,M106,2025-05-13,C,22:00,06:00,30,0
SFT-01231,L1,M107,2025-05-13,C,22:00,06:00,30,0
SFT-01232,L2,M201,2025-05-13,C,22:00,06:00,30,0
SFT-01233,L2,M202,2025-05-13,C,22:00,06:00,30,0
SFT-01234,L2,M203,2025-05-13,C,22:00,06:00,30,0
SFT-01235,L2,M204,2025-05-13,C,22:00,06:00,30,0
SFT-01236,L2,M205,2025-05-13,C,22:00,06:00,30,0
SFT-01237,L2,M206,2025-05-13,C,22:00,06:00,30,0
SFT-01238,L3,M301,2025-05-13,C,22:00,06:00,30,0
SFT-01239,L3,M302,2025-05-13,C,22:00,06:00,30,0
SFT-01240,L3,M303,2025-05-13,C,22:00,06:00,30,0
SFT-01241,L3,M304,2025-05-13,C,22:00,06:00,30,0
SFT-01242,L3,M305,2025-05-13,C,22:00,06:00,30,0
SFT-01243,L1,M101,2025-05-14,A,06:00,14:00,30,10
SFT-01244,L1,M102,2025-05-14,A,06:00,14:00,30,10
SFT-01245,L1,M103,2025-05-14,A,06:00,14:00,30,10
SFT-01246,L1,M104,2025-05-14,A,06:00,14:00,30,10
SFT-01247,L1,M105,2025-05-14,A,06:00,14:00,30,10
SFT-01248,L1,M106,2025-05-14,A,06:00,14:00,30,10
SFT-01249,L1,M107,2025-05-14,A,06:00,14:00,30,10
SFT-01250,L2,M201,2025-05-14,A,06:00,14:00,30,10
SFT-01251,L2,M202,2025-05-14,A,06:00,14:00,30,10
SFT-01252,L2,M203,2025-05-14,A,06:00,14:00,30,10
SFT-01253,L2,M204,2025-05-14,A,06:00,14:00,30,10
SFT-01254,L2,M205,2025-05-14,A,06:00,14:00,30,10
SFT-01255,L2,M206,2025-05-14,A,06:00,14:00,30,10
SFT-01256,L3,M301,2025-05-14,A,06:00,14:00,30,10
SFT-01257,L3,M302,2025-05-14,A,06:00,14:00,30,10
SFT-01258,L3,M303,2025-05-14,A,06:00,14:00,30,10
SFT-01259,L3,M304,2025-05-14,A,06:00,14:00,30,10
SFT-01260,L3,M305,2025-05-14,A,06:00,14:00,30,10
SFT-01261,L1,M101,2025-05-14,B,14:00,22:00,30,15
SFT-01262,L1,M102,2025-05-14,B,14:00,22:00,30,15
SFT-01263,L1,M103,2025-05-14,B,14:00,22:00,30,15
SFT-01264,L1,M104,2025-05-14,B,14:00,22:00,30,15
SFT-01265,L1,M105,2025-05-14,B,14:00,22:00,30,15
SFT-01266,L1,M106,2025-05-14,B,14:00,22:00,30,15
SFT-01267,L1,M107,2025-05-14,B,14:00,22:00,30,15
SFT-01268,L2,M201,2025-05-14,B,14:00,22:00,30,15
SFT-01269,L2,M202,2025-05-14,B,14:00,22:00,30,15
SFT-01270,L2,M203,2025-05-14,B,14:00,22:00,30,15
SFT-01271,L2,M204,2025-05-14,B,14:00,22:00,30,15
SFT-01272,L2,M205,2025-05-14,B,14:00,22:00,30,15
SFT-01273,L2,M206,2025-05-14,B,14:00,22:00,30,15
SFT-01274,L3,M301,2025-05-14,B,14:00,22:00,30,15
SFT-01275,L3,M302,2025-05-14,B,14:00,22:00,30,15
SFT-01276,L3,M303,2025-05-14,B,14:00,22:00,30,15
SFT-01277,L3,M304,2025-05-14,B,14:00,22:00,30,15
SFT-01278,L3,M305,2025-05-14,B,14:00,22:00,30,15
SFT-01279,L1,M101,2025-05-14,C,22:00,06:00,30,0
SFT-01280,L1,M102,2025-05-14,C,22:00,06:00,30,0
SFT-01281,L1,M103,2025-05-14,C,22:00,06:00,30,0
SFT-01282,L1,M104,2025-05-14,C,22:00,06:00,30,0
SFT-01283,L1,M105,2025-05-14,C,22:00,06:00,30,0
SFT-01284,L1,M106,2025-05-14,C,22:00,06:00,30,0
SFT-01285,L1,M107,2025-05-14,C,22:00,06:00,30,0
SFT-01286,L2,M201,2025-05-14,C,22:00,06:00,30,0
SFT-01287,L2,M202,2025-05-14,C,22:00,06:00,30,0
SFT-01288,L2,M203,2025-05-14,C,22:00,06:00,30,0
SFT-01289,L2,M204,2025-05-14,C,22:00,06:00,30,0
SFT-01290,L2,M205,2025-05-14,C,22:00,06:00,30,0
SFT-01291,L2,M206,2025-05-14,C,22:00,06:00,30,0
SFT-01292,L3,M301,2025-05-14,C,22:00,06:00,30,0
SFT-01293,L3,M302,2025-05-14,C,22:00,06:00,30,0
SFT-01294,L3,M303,2025-05-14,C,22:00,06:00,30,0
SFT-01295,L3,M304,2025-05-14,C,22:00,06:00,30,0
SFT-01296,L3,M305,2025-05-14,C,22:00,06:00,30,0
SFT-01297,L1,M101,2025-05-15,A,06:00,14:00,30,10
SFT-01298,L1,M102,2025-05-15,A,06:00,14:00,30,10
SFT-01299,L1,M103,2025-05-15,A,06:00,14:00,30,10
SFT-01300,L1,M104,2025-05-15,A,06:00,14:00,30,10
SFT-01301,L1,M105,2025-05-15,A,06:00,14:00,30,10
SFT-01302,L1,M106,2025-05-15,A,06:00,14:00,30,10
SFT-01303,L1,M107,2025-05-15,A,06:00,14:00,30,10
SFT-01304,L2,M201,2025-05-15,A,06:00,14:00,30,10
SFT-01305,L2,M202,2025-05-15,A,06:00,14:00,30,10
SFT-01306,L2,M203,2025-05-15,A,06:00,14:00,30,10
SFT-01307,L2,M204,2025-05-15,A,06:00,14:00,30,10
SFT-01308,L2,M205,2025-05-15,A,06:00,14:00,30,10
SFT-01309,L2,M206,2025-05-15,A,06:00,14:00,30,10
SFT-01310,L3,M301,2025-05-15,A,06:00,14:00,30,10
SFT-01311,L3,M302,2025-05-15,A,06:00,14:00,30,10
SFT-01312,L3,M303,2025-05-15,A,06:00,14:00,30,10
SFT-01313,L3,M304,2025-05-15,A,06:00,14:00,30,10
SFT-01314,L3,M305,2025-05-15,A,06:00,14:00,30,10
SFT-01315,L1,M101,2025-05-15,B,14:00,22:00,30,15
SFT-01316,L1,M102,2025-05-15,B,14:00,22:00,30,15
SFT-01317,L1,M103,2025-05-15,B,14:00,22:00,30,15
SFT-01318,L1,M104,2025-05-15,B,14:00,22:00,30,15
SFT-01319,L1,M105,2025-05-15,B,14:00,22:00,30,15
SFT-01320,L1,M106,2025-05-15,B,14:00,22:00,30,15
SFT-01321,L1,M107,2025-05-15,B,14:00,22:00,30,15
SFT-01322,L2,M201,2025-05-15,B,14:00,22:00,30,15
SFT-01323,L2,M202,2025-05-15,B,14:00,22:00,30,15
SFT-01324,L2,M203,2025-05-15,B,14:00,22:00,30,15
SFT-01325,L2,M204,2025-05-15,B,14:00,22:00,30,15
SFT-01326,L2,M205,2025-05-15,B,14:00,22:00,30,15
SFT-01327,L2,M206,2025-05-15,B,14:00,22:00,30,15
SFT-01328,L3,M301,2025-05-15,B,14:00,22:00,30,15
SFT-01329,L3,M302,2025-05-15,B,14:00,22:00,30,15
SFT-01330,L3,M303,2025-05-15,B,14:00,22:00,30,15
SFT-01331,L3,M304,2025-05-15,B,14:00,22:00,30,15
SFT-01332,L3,M305,2025-05-15,B,14:00,22:00,30,15
SFT-01333,L1,M101,2025-05-15,C,22:00,06:00,30,0
SFT-01334,L1,M102,2025-05-15,C,22:00,06:00,30,0
SFT-01335,L1,M103,2025-05-15,C,22:00,06:00,30,0
SFT-01336,L1,M104,2025-05-15,C,22:00,06:00,30,0
SFT-01337,L1,M105,2025-05-15,C,22:00,06:00,30,0
SFT-01338,L1,M106,2025-05-15,C,22:00,06:00,30,0
SFT-01339,L1,M107,2025-05-15,C,22:00,06:00,30,0
SFT-01340,L2,M201,2025-05-15,C,22:00,06:00,30,0
SFT-01341,L2,M202,2025-05-15,C,22:00,06:00,30,0
SFT-01342,L2,M203,2025-05-15,C,22:00,06:00,30,0
SFT-01343,L2,M204,2025-05-15,C,22:00,06:00,30,0
SFT-01344,L2,M205,2025-05-15,C,22:00,06:00,30,0
SFT-01345,L2,M206,2025-05-15,C,22:00,06:00,30,0
SFT-01346,L3,M301,2025-05-15,C,22:00,06:00,30,0
SFT-01347,L3,M302,2025-05-15,C,22:00,06:00,30,0
SFT-01348,L3,M303,2025-05-15,C,22:00,06:00,30,0
SFT-01349,L3,M304,2025-05-15,C,22:00,06:00,30,0
SFT-01350,L3,M305,2025-05-15,C,22:00,06:00,30,0
SFT-01351,L1,M101,2025-05-16,A,06:00,14:00,30,10
SFT-01352,L1,M102,2025-05-16,A,06:00,14:00,30,10
SFT-01353,L1,M103,2025-05-16,A,06:00,14:00,30,10
SFT-01354,L1,M104,2025-05-16,A,06:00,14:00,30,10
SFT-01355,L1,M105,2025-05-16,A,06:00,14:00,30,10
SFT-01356,L1,M106,2025-05-16,A,06:00,14:00,30,10
SFT-01357,L1,M107,2025-05-16,A,06:00,14:00,30,10
SFT-01358,L2,M201,2025-05-16,A,06:00,14:00,30,10
SFT-01359,L2,M202,2025-05-16,A,06:00,14:00,30,10
SFT-01360,L2,M203,2025-05-16,A,06:00,14:00,30,10
SFT-01361,L2,M204,2025-05-16,A,06:00,14:00,30,10
SFT-01362,L2,M205,2025-05-16,A,06:00,14:00,30,10
SFT-01363,L2,M206,2025-05-16,A,06:00,14:00,30,10
SFT-01364,L3,M301,2025-05-16,A,06:00,14:00,30,10
SFT-01365,L3,M302,2025-05-16,A,06:00,14:00,30,10
SFT-01366,L3,M303,2025-05-16,A,06:00,14:00,30,10
SFT-01367,L3,M304,2025-05-16,A,06:00,14:00,30,10
SFT-01368,L3,M305,2025-05-16,A,06:00,14:00,30,10
SFT-01369,L1,M101,2025-05-16,B,14:00,22:00,30,15
SFT-01370,L1,M102,2025-05-16,B,14:00,22:00,30,15
SFT-01371,L1,M103,2025-05-16,B,14:00,22:00,30,15
SFT-01372,L1,M104,2025-05-16,B,14:00,22:00,30,15
SFT-01373,L1,M105,2025-05-16,B,14:00,22:00,30,15
SFT-01374,L1,M106,2025-05-16,B,14:00,22:00,30,15
SFT-01375,L1,M107,2025-05-16,B,14:00,22:00,30,15
SFT-01376,L2,M201,2025-05-16,B,14:00,22:00,30,15
SFT-01377,L2,M202,2025-05-16,B,14:00,22:00,30,15
SFT-01378,L2,M203,2025-05-16,B,14:00,22:00,30,15
SFT-01379,L2,M204,2025-05-16,B,14:00,22:00,30,15
SFT-01380,L2,M205,2025-05-16,B,14:00,22:00,30,15
SFT-01381,L2,M206,2025-05-16,B,14:00,22:00,30,15
SFT-01382,L3,M301,2025-05-16,B,14:00,22:00,30,15
SFT-01383,L3,M302,2025-05-16,B,14:00,22:00,30,15
SFT-01384,L3,M303,2025-05-16,B,14:00,22:00,30,15
SFT-01385,L3,M304,2025-05-16,B,14:00,22:00,30,15
SFT-01386,L3,M305,2025-05-16,B,14:00,22:00,30,15
SFT-01387,L1,M101,2025-05-16,C,22:00,06:00,30,0
SFT-01388,L1,M102,2025-05-16,C,22:00,06:00,30,0
SFT-01389,L1,M103,2025-05-16,C,22:00,06:00,30,0
SFT-01390,L1,M104,2025-05-16,C,22:00,06:00,30,0
SFT-01391,L1,M105,2025-05-16,C,22:00,06:00,30,0
SFT-01392,L1,M106,2025-05-16,C,22:00,06:00,30,0
SFT-01393,L1,M107,2025-05-16,C,22:00,06:00,30,0
SFT-01394,L2,M201,2025-05-16,C,22:00,06:00,30,0
SFT-01395,L2,M202,2025-05-16,C,22:00,06:00,30,0
SFT-01396,L2,M203,2025-05-16,C,22:00,06:00,30,0
SFT-01397,L2,M204,2025-05-16,C,22:00,06:00,30,0
SFT-01398,L2,M205,2025-05-16,C,22:00,06:00,30,0
SFT-01399,L2,M206,2025-05-16,C,22:00,06:00,30,0
SFT-01400,L3,M301,2025-05-16,C,22:00,06:00,30,0
SFT-01401,L3,M302,2025-05-16,C,22:00,06:00,30,0
SFT-01402,L3,M303,2025-05-16,C,22:00,06:00,30,0
SFT-01403,L3,M304,2025-05-16,C,22:00,06:00,30,0
SFT-01404,L3,M305,2025-05-16,C,22:00,06:00,30,0
SFT-01405,L1,M101,2025-05-17,A,06:00,14:00,30,10
SFT-01406,L1,M102,2025-05-17,A,06:00,14:00,30,10
SFT-01407,L1,M103,2025-05-17,A,06:00,14:00,30,10
SFT-01408,L1,M104,2025-05-17,A,06:00,14:00,30,10
SFT-01409,L1,M105,2025-05-17,A,06:00,14:00,30,10
SFT-01410,L1,M106,2025-05-17,A,06:00,14:00,30,10
SFT-01411,L1,M107,2025-05-17,A,06:00,14:00,30,10
SFT-01412,L2,M201,2025-05-17,A,06:00,14:00,30,10
SFT-01413,L2,M202,2025-05-17,A,06:00,14:00,30,10
SFT-01414,L2,M203,2025-05-17,A,06:00,14:00,30,10
SFT-01415,L2,M204,2025-05-17,A,06:00,14:00,30,10
SFT-01416,L2,M205,2025-05-17,A,06:00,14:00,30,10
SFT-01417,L2,M206,2025-05-17,A,06:00,14:00,30,10
SFT-01418,L3,M301,2025-05-17,A,06:00,14:00,30,10
SFT-01419,L3,M302,2025-05-17,A,06:00,14:00,30,10
SFT-01420,L3,M303,2025-05-17,A,06:00,14:00,30,10
SFT-01421,L3,M304,2025-05-17,A,06:00,14:00,30,10
SFT-01422,L3,M305,2025-05-17,A,06:00,14:00,30,10
SFT-01423,L1,M101,2025-05-17,B,14:00,22:00,30,15
SFT-01424,L1,M102,2025-05-17,B,14:00,22:00,30,15
SFT-01425,L1,M103,2025-05-17,B,14:00,22:00,30,15
SFT-01426,L1,M104,2025-05-17,B,14:00,22:00,30,15
SFT-01427,L1,M105,2025-05-17,B,14:00,22:00,30,15
SFT-01428,L1,M106,2025-05-17,B,14:00,22:00,30,15
SFT-01429,L1,M107,2025-05-17,B,14:00,22:00,30,15
SFT-01430,L2,M201,2025-05-17,B,14:00,22:00,30,15
SFT-01431,L2,M202,2025-05-17,B,14:00,22:00,30,15
SFT-01432,L2,M203,2025-05-17,B,14:00,22:00,30,15
SFT-01433,L2,M204,2025-05-17,B,14:00,22:00,30,15
SFT-01434,L2,M205,2025-05-17,B,14:00,22:00,30,15
SFT-01435,L2,M206,2025-05-17,B,14:00,22:00,30,15
SFT-01436,L3,M301,2025-05-17,B,14:00,22:00,30,15
SFT-01437,L3,M302,2025-05-17,B,14:00,22:00,30,15
SFT-01438,L3,M303,2025-05-17,B,14:00,22:00,30,15
SFT-01439,L3,M304,2025-05-17,B,14:00,22:00,30,15
SFT-01440,L3,M305,2025-05-17,B,14:00,22:00,30,15
SFT-01441,L1,M101,2025-05-17,C,22:00,06:00,30,0
SFT-01442,L1,M102,2025-05-17,C,22:00,06:00,30,0
SFT-01443,L1,M103,2025-05-17,C,22:00,06:00,30,0
SFT-01444,L1,M104,2025-05-17,C,22:00,06:00,30,0
SFT-01445,L1,M105,2025-05-17,C,22:00,06:00,30,0
SFT-01446,L1,M106,2025-05-17,C,22:00,06:00,30,0
SFT-01447,L1,M107,2025-05-17,C,22:00,06:00,30,0
SFT-01448,L2,M201,2025-05-17,C,22:00,06:00,30,0
SFT-01449,L2,M202,2025-05-17,C,22:00,06:00,30,0
SFT-01450,L2,M203,2025-05-17,C,22:00,06:00,30,0
SFT-01451,L2,M204,2025-05-17,C,22:00,06:00,30,0
SFT-01452,L2,M205,2025-05-17,C,22:00,06:00,30,0
SFT-01453,L2,M206,2025-05-17,C,22:00,06:00,30,0
SFT-01454,L3,M301,2025-05-17,C,22:00,06:00,30,0
SFT-01455,L3,M302,2025-05-17,C,22:00,06:00,30,0
SFT-01456,L3,M303,2025-05-17,C,22:00,06:00,30,0
SFT-01457,L3,M304,2025-05-17,C,22:00,06:00,30,0
SFT-01458,L3,M305,2025-05-17,C,22:00,06:00,30,0
SFT-01459,L1,M101,2025-05-18,A,06:00,14:00,30,10
SFT-01460,L1,M102,2025-05-18,A,06:00,14:00,30,10
SFT-01461,L1,M103,2025-05-18,A,06:00,14:00,30,10
SFT-01462,L1,M104,2025-05-18,A,06:00,14:00,30,10
SFT-01463,L1,M105,2025-05-18,A,06:00,14:00,30,10
SFT-01464,L1,M106,2025-05-18,A,06:00,14:00,30,10
SFT-01465,L1,M107,2025-05-18,A,06:00,14:00,30,10
SFT-01466,L2,M201,2025-05-18,A,06:00,14:00,30,10
SFT-01467,L2,M202,2025-05-18,A,06:00,14:00,30,10
SFT-01468,L2,M203,2025-05-18,A,06:00,14:00,30,10
SFT-01469,L2,M204,2025-05-18,A,06:00,14:00,30,10
SFT-01470,L2,M205,2025-05-18,A,06:00,14:00,30,10
SFT-01471,L2,M206,2025-05-18,A,06:00,14:00,30,10
SFT-01472,L3,M301,2025-05-18,A,06:00,14:00,30,10
SFT-01473,L3,M302,2025-05-18,A,06:00,14:00,30,10
SFT-01474,L3,M303,2025-05-18,A,06:00,14:00,30,10
SFT-01475,L3,M304,2025-05-18,A,06:00,14:00,30,10
SFT-01476,L3,M305,2025-05-18,A,06:00,14:00,30,10
SFT-01477,L1,M101,2025-05-18,B,14:00,22:00,30,15
SFT-01478,L1,M102,2025-05-18,B,14:00,22:00,30,15
SFT-01479,L1,M103,2025-05-18,B,14:00,22:00,30,15
SFT-01480,L1,M104,2025-05-18,B,14:00,22:00,30,15
SFT-01481,L1,M105,2025-05-18,B,14:00,22:00,30,15
SFT-01482,L1,M106,2025-05-18,B,14:00,22:00,30,15
SFT-01483,L1,M107,2025-05-18,B,14:00,22:00,30,15
SFT-01484,L2,M201,2025-05-18,B,14:00,22:00,30,15
SFT-01485,L2,M202,2025-05-18,B,14:00,22:00,30,15
SFT-01486,L2,M203,2025-05-18,B,14:00,22:00,30,15
SFT-01487,L2,M204,2025-05-18,B,14:00,22:00,30,15
SFT-01488,L2,M205,2025-05-18,B,14:00,22:00,30,15
SFT-01489,L2,M206,2025-05-18,B,14:00,22:00,30,15
SFT-01490,L3,M301,2025-05-18,B,14:00,22:00,30,15
SFT-01491,L3,M302,2025-05-18,B,14:00,22:00,30,15
SFT-01492,L3,M303,2025-05-18,B,14:00,22:00,30,15
SFT-01493,L3,M304,2025-05-18,B,14:00,22:00,30,15
SFT-01494,L3,M305,2025-05-18,B,14:00,22:00,30,15
SFT-01495,L1,M101,2025-05-18,C,22:00,06:00,30,0
SFT-01496,L1,M102,2025-05-18,C,22:00,06:00,30,0
SFT-01497,L1,M103,2025-05-18,C,22:00,06:00,30,0
SFT-01498,L1,M104,2025-05-18,C,22:00,06:00,30,0
SFT-01499,L1,M105,2025-05-18,C,22:00,06:00,30,0
SFT-01500,L1,M106,2025-05-18,C,22:00,06:00,30,0
SFT-01501,L1,M107,2025-05-18,C,22:00,06:00,30,0
SFT-01502,L2,M201,2025-05-18,C,22:00,06:00,30,0
SFT-01503,L2,M202,2025-05-18,C,22:00,06:00,30,0
SFT-01504,L2,M203,2025-05-18,C,22:00,06:00,30,0
SFT-01505,L2,M204,2025-05-18,C,22:00,06:00,30,0
SFT-01506,L2,M205,2025-05-18,C,22:00,06:00,30,0
SFT-01507,L2,M206,2025-05-18,C,22:00,06:00,30,0
SFT-01508,L3,M301,2025-05-18,C,22:00,06:00,30,0
SFT-01509,L3,M302,2025-05-18,C,22:00,06:00,30,0
SFT-01510,L3,M303,2025-05-18,C,22:00,06:00,30,0
SFT-01511,L3,M304,2025-05-18,C,22:00,06:00,30,0
SFT-01512,L3,M305,2025-05-18,C,22:00,06:00,30,0
SFT-01513,L1,M101,2025-05-19,A,06:00,14:00,30,10
SFT-01514,L1,M102,2025-05-19,A,06:00,14:00,30,10
SFT-01515,L1,M103,2025-05-19,A,06:00,14:00,30,10
SFT-01516,L1,M104,2025-05-19,A,06:00,14:00,30,10
SFT-01517,L1,M105,2025-05-19,A,06:00,14:00,30,10
SFT-01518,L1,M106,2025-05-19,A,06:00,14:00,30,10
SFT-01519,L1,M107,2025-05-19,A,06:00,14:00,30,10
SFT-01520,L2,M201,2025-05-19,A,06:00,14:00,30,10
SFT-01521,L2,M202,2025-05-19,A,06:00,14:00,30,10
SFT-01522,L2,M203,2025-05-19,A,06:00,14:00,30,10
SFT-01523,L2,M204,2025-05-19,A,06:00,14:00,30,10
SFT-01524,L2,M205,2025-05-19,A,06:00,14:00,30,10
SFT-01525,L2,M206,2025-05-19,A,06:00,14:00,30,10
SFT-01526,L3,M301,2025-05-19,A,06:00,14:00,30,10
SFT-01527,L3,M302,2025-05-19,A,06:00,14:00,30,10
SFT-01528,L3,M303,2025-05-19,A,06:00,14:00,30,10
SFT-01529,L3,M304,2025-05-19,A,06:00,14:00,30,10
SFT-01530,L3,M305,2025-05-19,A,06:00,14:00,30,10
SFT-01531,L1,M101,2025-05-19,B,14:00,22:00,30,15
SFT-01532,L1,M102,2025-05-19,B,14:00,22:00,30,15
SFT-01533,L1,M103,2025-05-19,B,14:00,22:00,30,15
SFT-01534,L1,M104,2025-05-19,B,14:00,22:00,30,15
SFT-01535,L1,M105,2025-05-19,B,14:00,22:00,30,15
SFT-01536,L1,M106,2025-05-19,B,14:00,22:00,30,15
SFT-01537,L1,M107,2025-05-19,B,14:00,22:00,30,15
SFT-01538,L2,M201,2025-05-19,B,14:00,22:00,30,15
SFT-01539,L2,M202,2025-05-19,B,14:00,22:00,30,15
SFT-01540,L2,M203,2025-05-19,B,14:00,22:00,30,15
SFT-01541,L2,M204,2025-05-19,B,14:00,22:00,30,15
SFT-01542,L2,M205,2025-05-19,B,14:00,22:00,30,15
SFT-01543,L2,M206,2025-05-19,B,14:00,22:00,30,15
SFT-01544,L3,M301,2025-05-19,B,14:00,22:00,30,15
SFT-01545,L3,M302,2025-05-19,B,14:00,22:00,30,15
SFT-01546,L3,M303,2025-05-19,B,14:00,22:00,30,15
SFT-01547,L3,M304,2025-05-19,B,14:00,22:00,30,15
SFT-01548,L3,M305,2025-05-19,B,14:00,22:00,30,15
SFT-01549,L1,M101,2025-05-19,C,22:00,06:00,30,0
SFT-01550,L1,M102,2025-05-19,C,22:00,06:00,30,0
SFT-01551,L1,M103,2025-05-19,C,22:00,06:00,30,0
SFT-01552,L1,M104,2025-05-19,C,22:00,06:00,30,0
SFT-01553,L1,M105,2025-05-19,C,22:00,06:00,30,0
SFT-01554,L1,M106,2025-05-19,C,22:00,06:00,30,0
SFT-01555,L1,M107,2025-05-19,C,22:00,06:00,30,0
SFT-01556,L2,M201,2025-05-19,C,22:00,06:00,30,0
SFT-01557,L2,M202,2025-05-19,C,22:00,06:00,30,0
SFT-01558,L2,M203,2025-05-19,C,22:00,06:00,30,0
SFT-01559,L2,M204,2025-05-19,C,22:00,06:00,30,0
SFT-01560,L2,M205,2025-05-19,C,22:00,06:00,30,0
SFT-01561,L2,M206,2025-05-19,C,22:00,06:00,30,0
SFT-01562,L3,M301,2025-05-19,C,22:00,06:00,30,0
SFT-01563,L3,M302,2025-05-19,C,22:00,06:00,30,0
SFT-01564,L3,M303,2025-05-19,C,22:00,06:00,30,0
SFT-01565,L3,M304,2025-05-19,C,22:00,06:00,30,0
SFT-01566,L3,M305,2025-05-19,C,22:00,06:00,30,0
SFT-01567,L1,M101,2025-05-20,A,06:00,14:00,30,10
SFT-01568,L1,M102,2025-05-20,A,06:00,14:00,30,10
SFT-01569,L1,M103,2025-05-20,A,06:00,14:00,30,10
SFT-01570,L1,M104,2025-05-20,A,06:00,14:00,30,10
SFT-01571,L1,M105,2025-05-20,A,06:00,14:00,30,10
SFT-01572,L1,M106,2025-05-20,A,06:00,14:00,30,10
SFT-01573,L1,M107,2025-05-20,A,06:00,14:00,30,10
SFT-01574,L2,M201,2025-05-20,A,06:00,14:00,30,10
SFT-01575,L2,M202,2025-05-20,A,06:00,14:00,30,10
SFT-01576,L2,M203,2025-05-20,A,06:00,14:00,30,10
SFT-01577,L2,M204,2025-05-20,A,06:00,14:00,30,10
SFT-01578,L2,M205,2025-05-20,A,06:00,14:00,30,10
SFT-01579,L2,M206,2025-05-20,A,06:00,14:00,30,10
SFT-01580,L3,M301,2025-05-20,A,06:00,14:00,30,10
SFT-01581,L3,M302,2025-05-20,A,06:00,14:00,30,10
SFT-01582,L3,M303,2025-05-20,A,06:00,14:00,30,10
SFT-01583,L3,M304,2025-05-20,A,06:00,14:00,30,10
SFT-01584,L3,M305,2025-05-20,A,06:00,14:00,30,10
SFT-01585,L1,M101,2025-05-20,B,14:00,22:00,30,15
SFT-01586,L1,M102,2025-05-20,B,14:00,22:00,30,15
SFT-01587,L1,M103,2025-05-20,B,14:00,22:00,30,15
SFT-01588,L1,M104,2025-05-20,B,14:00,22:00,30,15
SFT-01589,L1,M105,2025-05-20,B,14:00,22:00,30,15
SFT-01590,L1,M106,2025-05-20,B,14:00,22:00,30,15
SFT-01591,L1,M107,2025-05-20,B,14:00,22:00,30,15
SFT-01592,L2,M201,2025-05-20,B,14:00,22:00,30,15
SFT-01593,L2,M202,2025-05-20,B,14:00,22:00,30,15
SFT-01594,L2,M203,2025-05-20,B,14:00,22:00,30,15
SFT-01595,L2,M204,2025-05-20,B,14:00,22:00,30,15
SFT-01596,L2,M205,2025-05-20,B,14:00,22:00,30,15
SFT-01597,L2,M206,2025-05-20,B,14:00,22:00,30,15
SFT-01598,L3,M301,2025-05-20,B,14:00,22:00,30,15
SFT-01599,L3,M302,2025-05-20,B,14:00,22:00,30,15
SFT-01600,L3,M303,2025-05-20,B,14:00,22:00,30,15
SFT-01601,L3,M304,2025-05-20,B,14:00,22:00,30,15
SFT-01602,L3,M305,2025-05-20,B,14:00,22:00,30,15
SFT-01603,L1,M101,2025-05-20,C,22:00,06:00,30,0
SFT-01604,L1,M102,2025-05-20,C,22:00,06:00,30,0
SFT-01605,L1,M103,2025-05-20,C,22:00,06:00,30,0
SFT-01606,L1,M104,2025-05-20,C,22:00,06:00,30,0
SFT-01607,L1,M105,2025-05-20,C,22:00,06:00,30,0
SFT-01608,L1,M106,2025-05-20,C,22:00,06:00,30,0
SFT-01609,L1,M107,2025-05-20,C,22:00,06:00,30,0
SFT-01610,L2,M201,2025-05-20,C,22:00,06:00,30,0
SFT-01611,L2,M202,2025-05-20,C,22:00,06:00,30,0
SFT-01612,L2,M203,2025-05-20,C,22:00,06:00,30,0
SFT-01613,L2,M204,2025-05-20,C,22:00,06:00,30,0
SFT-01614,L2,M205,2025-05-20,C,22:00,06:00,30,0
SFT-01615,L2,M206,2025-05-20,C,22:00,06:00,30,0
SFT-01616,L3,M301,2025-05-20,C,22:00,06:00,30,0
SFT-01617,L3,M302,2025-05-20,C,22:00,06:00,30,0
SFT-01618,L3,M303,2025-05-20,C,22:00,06:00,30,0
SFT-01619,L3,M304,2025-05-20,C,22:00,06:00,30,0
SFT-01620,L3,M305,2025-05-20,C,22:00,06:00,30,0
