ShiftDate,ShiftName,MachineID,ProductID,PlannedQuantity,LineID,SimulatedActualUnits
2025-04-21,A,M101,BPA-117,494,L3,325
2025-04-21,A,M102,BPA-105,311,L1,334
2025-04-21,A,M103,BPA-116,494,L3,190
2025-04-21,A,M104,BPA-111,494,L3,283
2025-04-21,A,M105,BPA-100,311,L1,314
2025-04-21,A,M106,BPA-101,311,L1,530
2025-04-21,A,M106,BPA-105,494,L3,366
2025-04-21,A,M107,BPA-115,344,L2,401
2025-04-21,A,M201,EMB-204,494,L3,155
2025-04-21,A,M202,EMB-200,494,L3,207
2025-04-21,A,M203,EMB-210,494,L3,190
2025-04-21,A,M204,EMB-201,494,L3,269
2025-04-21,A,M205,EMB-206,311,L1,426
2025-04-21,A,M205,EMB-219,494,L3,190
2025-04-21,A,M206,EMB-209,344,L2,348
2025-04-21,A,M301,CSB-312,311,L1,398
2025-04-21,A,M302,CSB-307,344,L2,341
2025-04-21,A,M302,CSB-312,344,L2,273
2025-04-21,A,M303,CSB-318,344,L2,444
2025-04-21,A,M304,CSB-309,344,L2,392
2025-04-21,A,M304,CSB-317,311,L1,318
2025-04-21,A,M305,CSB-306,311,L1,454
2025-04-21,B,M101,BPA-108,344,L2,257
2025-04-21,B,M102,BPA-108,344,L2,313
2025-04-21,B,M102,BPA-116,311,L1,323
2025-04-21,B,M103,BPA-102,311,L1,249
2025-04-21,B,M103,BPA-110,311,L1,514
2025-04-21,B,M104,BPA-113,494,L3,201
2025-04-21,B,M105,BPA-100,494,L3,214
2025-04-21,B,M105,BPA-119,494,L3,209
2025-04-21,B,M106,BPA-111,344,L2,319
2025-04-21,B,M107,BPA-116,494,L3,263
2025-04-21,B,M201,EMB-212,344,L2,281
2025-04-21,B,M202,EMB-216,344,L2,215
2025-04-21,B,M203,EMB-205,494,L3,206
2025-04-21,B,M204,EMB-201,344,L2,307
2025-04-21,B,M204,EMB-207,494,L3,251
2025-04-21,B,M205,EMB-217,494,L3,220
2025-04-21,B,M206,EMB-214,311,L1,396
2025-04-21,B,M301,CSB-303,494,L3,314
2025-04-21,B,M302,CSB-313,311,L1,550
2025-04-21,B,M302,CSB-317,494,L3,203
2025-04-21,B,M303,CSB-303,494,L3,294
2025-04-21,B,M303,CSB-311,311,L1,283
2025-04-21,B,M304,CSB-304,311,L1,431
2025-04-21,B,M304,CSB-311,494,L3,172
2025-04-21,B,M305,CSB-303,344,L2,389
2025-04-21,C,M101,BPA-111,311,L1,0
2025-04-21,C,M101,BPA-116,344,L2,0
2025-04-21,C,M102,BPA-103,344,L2,0
2025-04-21,C,M102,BPA-109,344,L2,0
2025-04-21,C,M103,BPA-105,311,L1,0
2025-04-21,C,M103,BPA-117,344,L2,0
2025-04-21,C,M104,BPA-100,311,L1,0
2025-04-21,C,M104,BPA-115,344,L2,0
2025-04-21,C,M105,BPA-104,494,L3,0
2025-04-21,C,M105,BPA-113,494,L3,0
2025-04-21,C,M106,BPA-114,311,L1,0
2025-04-21,C,M107,BPA-115,494,L3,0
2025-04-21,C,M107,BPA-116,494,L3,0
2025-04-21,C,M201,EMB-206,344,L2,0
2025-04-21,C,M201,EMB-217,311,L1,0
2025-04-21,C,M202,EMB-203,344,L2,0
2025-04-21,C,M203,EMB-203,344,L2,0
2025-04-21,C,M203,EMB-213,344,L2,0
2025-04-21,C,M204,EMB-211,344,L2,0
2025-04-21,C,M205,EMB-203,344,L2,0
2025-04-21,C,M206,EMB-201,344,L2,0
2025-04-21,C,M206,EMB-219,344,L2,0
2025-04-21,C,M301,CSB-315,311,L1,0
2025-04-21,C,M302,CSB-310,494,L3,0
2025-04-21,C,M302,CSB-312,344,L2,0
2025-04-21,C,M303,CSB-310,344,L2,0
2025-04-21,C,M304,CSB-316,344,L2,0
2025-04-21,C,M305,CSB-316,344,L2,0
2025-04-22,A,M101,BPA-102,344,L2,227
2025-04-22,A,M101,BPA-114,344,L2,199
2025-04-22,A,M102,BPA-102,494,L3,196
2025-04-22,A,M103,BPA-110,494,L3,285
2025-04-22,A,M103,BPA-117,344,L2,410
2025-04-22,A,M104,BPA-107,494,L3,253
2025-04-22,A,M105,BPA-108,311,L1,378
2025-04-22,A,M106,BPA-105,344,L2,343
2025-04-22,A,M107,BPA-102,311,L1,367
2025-04-22,A,M107,BPA-106,311,L1,371
2025-04-22,A,M201,EMB-200,344,L2,300
2025-04-22,A,M202,EMB-211,494,L3,299
2025-04-22,A,M203,EMB-212,311,L1,285
2025-04-22,A,M204,EMB-208,344,L2,234
2025-04-22,A,M205,EMB-202,311,L1,398
2025-04-22,A,M206,EMB-206,311,L1,541
2025-04-22,A,M206,EMB-213,311,L1,351
2025-04-22,A,M301,CSB-311,311,L1,256
2025-04-22,A,M301,CSB-319,494,L3,304
2025-04-22,A,M302,CSB-301,311,L1,315
2025-04-22,A,M302,CSB-319,311,L1,476
2025-04-22,A,M303,CSB-318,311,L1,536
2025-04-22,A,M304,CSB-307,494,L3,255
2025-04-22,A,M305,CSB-313,311,L1,643
2025-04-22,A,M305,CSB-316,311,L1,373
2025-04-22,B,M101,BPA-117,494,L3,398
2025-04-22,B,M102,BPA-119,494,L3,173
2025-04-22,B,M103,BPA-113,494,L3,206
2025-04-22,B,M104,BPA-109,311,L1,299
2025-04-22,B,M105,BPA-108,494,L3,214
2025-04-22,B,M105,BPA-117,494,L3,356
2025-04-22,B,M106,BPA-109,311,L1,259
2025-04-22,B,M106,BPA-116,494,L3,214
2025-04-22,B,M107,BPA-100,311,L1,288
2025-04-22,B,M107,BPA-111,344,L2,414
2025-04-22,B,M201,EMB-216,494,L3,197
2025-04-22,B,M201,EMB-218,344,L2,268
2025-04-22,B,M202,EMB-214,311,L1,314
2025-04-22,B,M203,EMB-209,494,L3,236
2025-04-22,B,M204,EMB-212,311,L1,283
2025-04-22,B,M205,EMB-204,344,L2,198
2025-04-22,B,M205,EMB-213,311,L1,285
2025-04-22,B,M206,EMB-210,494,L3,186
2025-04-22,B,M206,EMB-211,494,L3,259
2025-04-22,B,M301,CSB-303,344,L2,296
2025-04-22,B,M301,CSB-316,311,L1,274
2025-04-22,B,M302,CSB-300,494,L3,220
2025-04-22,B,M302,CSB-309,344,L2,337
2025-04-22,B,M303,CSB-312,494,L3,240
2025-04-22,B,M304,CSB-308,494,L3,370
2025-04-22,B,M304,CSB-315,311,L1,587
2025-04-22,B,M305,CSB-309,494,L3,232
2025-04-22,C,M101,BPA-102,311,L1,0
2025-04-22,C,M102,BPA-103,494,L3,0
2025-04-22,C,M103,BPA-101,344,L2,0
2025-04-22,C,M103,BPA-103,494,L3,0
2025-04-22,C,M104,BPA-106,311,L1,0
2025-04-22,C,M104,BPA-111,311,L1,0
2025-04-22,C,M105,BPA-111,344,L2,0
2025-04-22,C,M106,BPA-108,494,L3,0
2025-04-22,C,M107,BPA-104,494,L3,0
2025-04-22,C,M201,EMB-216,344,L2,0
2025-04-22,C,M202,EMB-210,494,L3,0
2025-04-22,C,M202,EMB-218,494,L3,0
2025-04-22,C,M203,EMB-206,311,L1,0
2025-04-22,C,M203,EMB-219,494,L3,0
2025-04-22,C,M204,EMB-205,494,L3,0
2025-04-22,C,M205,EMB-210,344,L2,0
2025-04-22,C,M205,EMB-213,344,L2,0
2025-04-22,C,M206,EMB-207,311,L1,0
2025-04-22,C,M206,EMB-215,494,L3,0
2025-04-22,C,M301,CSB-310,494,L3,0
2025-04-22,C,M301,CSB-316,494,L3,0
2025-04-22,C,M302,CSB-308,311,L1,0
2025-04-22,C,M302,CSB-309,311,L1,0
2025-04-22,C,M303,CSB-314,344,L2,0
2025-04-22,C,M304,CSB-303,311,L1,0
2025-04-22,C,M305,CSB-311,494,L3,0
2025-04-23,A,M101,BPA-106,494,L3,192
2025-04-23,A,M102,BPA-104,311,L1,294
2025-04-23,A,M102,BPA-111,494,L3,318
2025-04-23,A,M103,BPA-106,494,L3,216
2025-04-23,A,M103,BPA-115,311,L1,378
2025-04-23,A,M104,BPA-106,311,L1,395
2025-04-23,A,M105,BPA-108,494,L3,208
2025-04-23,A,M106,BPA-114,494,L3,179
2025-04-23,A,M106,BPA-115,494,L3,332
2025-04-23,A,M107,BPA-104,344,L2,314
2025-04-23,A,M201,EMB-214,344,L2,324
2025-04-23,A,M202,EMB-201,344,L2,419
2025-04-23,A,M203,EMB-215,311,L1,261
2025-04-23,A,M204,EMB-200,344,L2,300
2025-04-23,A,M205,EMB-202,311,L1,453
2025-04-23,A,M205,EMB-208,311,L1,334
2025-04-23,A,M206,EMB-202,344,L2,292
2025-04-23,A,M206,EMB-203,344,L2,218
2025-04-23,A,M301,CSB-300,344,L2,363
2025-04-23,A,M301,CSB-314,494,L3,259
2025-04-23,A,M302,CSB-308,344,L2,443
2025-04-23,A,M302,CSB-318,494,L3,312
2025-04-23,A,M303,CSB-301,311,L1,390
2025-04-23,A,M303,CSB-313,494,L3,358
2025-04-23,A,M304,CSB-318,344,L2,394
2025-04-23,A,M305,CSB-307,311,L1,330
2025-04-23,B,M101,BPA-104,311,L1,440
2025-04-23,B,M102,BPA-111,311,L1,466
2025-04-23,B,M103,BPA-109,494,L3,237
2025-04-23,B,M103,BPA-113,344,L2,200
2025-04-23,B,M104,BPA-102,311,L1,254
2025-04-23,B,M105,BPA-112,311,L1,365
2025-04-23,B,M105,BPA-114,311,L1,252
2025-04-23,B,M106,BPA-109,494,L3,189
2025-04-23,B,M106,BPA-113,494,L3,190
2025-04-23,B,M107,BPA-107,344,L2,323
2025-04-23,B,M107,BPA-109,494,L3,242
2025-04-23,B,M201,EMB-200,311,L1,354
2025-04-23,B,M201,EMB-203,344,L2,221
2025-04-23,B,M202,EMB-203,311,L1,218
2025-04-23,B,M203,EMB-214,311,L1,367
2025-04-23,B,M204,EMB-203,494,L3,190
2025-04-23,B,M205,EMB-207,344,L2,314
2025-04-23,B,M205,EMB-218,494,L3,177
2025-04-23,B,M206,EMB-204,494,L3,170
2025-04-23,B,M206,EMB-211,344,L2,323
2025-04-23,B,M301,CSB-306,311,L1,364
2025-04-23,B,M302,CSB-306,311,L1,360
2025-04-23,B,M303,CSB-314,344,L2,316
2025-04-23,B,M304,CSB-308,311,L1,560
2025-04-23,B,M305,CSB-302,344,L2,368
2025-04-23,B,M305,CSB-316,344,L2,276
2025-04-23,C,M101,BPA-105,494,L3,0
2025-04-23,C,M101,BPA-118,344,L2,0
2025-04-23,C,M102,BPA-102,494,L3,0
2025-04-23,C,M102,BPA-110,311,L1,0
2025-04-23,C,M103,BPA-106,311,L1,0
2025-04-23,C,M104,BPA-118,311,L1,0
2025-04-23,C,M105,BPA-100,311,L1,0
2025-04-23,C,M105,BPA-101,494,L3,0
2025-04-23,C,M106,BPA-108,311,L1,0
2025-04-23,C,M107,BPA-103,344,L2,0
2025-04-23,C,M201,EMB-200,344,L2,0
2025-04-23,C,M202,EMB-214,344,L2,0
2025-04-23,C,M203,EMB-219,494,L3,0
2025-04-23,C,M204,EMB-204,311,L1,0
2025-04-23,C,M204,EMB-205,311,L1,0
2025-04-23,C,M205,EMB-201,311,L1,0
2025-04-23,C,M205,EMB-205,494,L3,0
2025-04-23,C,M206,EMB-215,344,L2,0
2025-04-23,C,M301,CSB-314,344,L2,0
2025-04-23,C,M302,CSB-303,311,L1,0
2025-04-23,C,M303,CSB-307,344,L2,0
2025-04-23,C,M303,CSB-310,344,L2,0
2025-04-23,C,M304,CSB-315,494,L3,0
2025-04-23,C,M305,CSB-319,494,L3,0
2025-04-24,A,M101,BPA-105,494,L3,263
2025-04-24,A,M102,BPA-112,494,L3,217
2025-04-24,A,M103,BPA-114,311,L1,288
2025-04-24,A,M104,BPA-117,494,L3,284
2025-04-24,A,M105,BPA-107,344,L2,313
2025-04-24,A,M105,BPA-113,311,L1,351
2025-04-24,A,M106,BPA-114,344,L2,207
2025-04-24,A,M107,BPA-115,344,L2,365
2025-04-24,A,M107,BPA-116,344,L2,287
2025-04-24,A,M201,EMB-211,494,L3,284
2025-04-24,A,M202,EMB-203,494,L3,200
2025-04-24,A,M202,EMB-207,311,L1,350
2025-04-24,A,M203,EMB-200,311,L1,261
2025-04-24,A,M203,EMB-217,494,L3,161
2025-04-24,A,M204,EMB-206,344,L2,410
2025-04-24,A,M205,EMB-211,311,L1,471
2025-04-24,A,M205,EMB-213,494,L3,222
2025-04-24,A,M206,EMB-206,494,L3,335
2025-04-24,A,M206,EMB-214,494,L3,214
2025-04-24,A,M301,CSB-305,344,L2,218
2025-04-24,A,M301,CSB-311,494,L3,161
2025-04-24,A,M302,CSB-319,494,L3,318
2025-04-24,A,M303,CSB-307,494,L3,265
2025-04-24,A,M304,CSB-301,494,L3,197
2025-04-24,A,M305,CSB-306,311,L1,412
2025-04-24,B,M101,BPA-104,311,L1,376
2025-04-24,B,M101,BPA-118,494,L3,170
2025-04-24,B,M102,BPA-117,344,L2,344
2025-04-24,B,M103,BPA-117,311,L1,429
2025-04-24,B,M104,BPA-115,494,L3,297
2025-04-24,B,M105,BPA-114,311,L1,328
2025-04-24,B,M106,BPA-104,311,L1,346
2025-04-24,B,M106,BPA-113,344,L2,204
2025-04-24,B,M107,BPA-105,494,L3,275
2025-04-24,B,M107,BPA-109,494,L3,183
2025-04-24,B,M201,EMB-211,344,L2,327
2025-04-24,B,M201,EMB-218,344,L2,196
2025-04-24,B,M202,EMB-215,494,L3,178
2025-04-24,B,M202,EMB-218,494,L3,171
2025-04-24,B,M203,EMB-211,344,L2,396
2025-04-24,B,M203,EMB-214,311,L1,435
2025-04-24,B,M204,EMB-200,311,L1,294
2025-04-24,B,M204,EMB-203,344,L2,200
2025-04-24,B,M205,EMB-211,311,L1,377
2025-04-24,B,M206,EMB-200,344,L2,230
2025-04-24,B,M206,EMB-218,311,L1,255
2025-04-24,B,M301,CSB-303,311,L1,401
2025-04-24,B,M302,CSB-313,494,L3,291
2025-04-24,B,M303,CSB-310,494,L3,297
2025-04-24,B,M303,CSB-316,311,L1,280
2025-04-24,B,M304,CSB-312,311,L1,599
2025-04-24,B,M305,CSB-301,494,L3,213
2025-04-24,B,M305,CSB-316,494,L3,228
2025-04-24,C,M101,BPA-108,494,L3,0
2025-04-24,C,M102,BPA-104,344,L2,0
2025-04-24,C,M103,BPA-101,311,L1,0
2025-04-24,C,M104,BPA-111,494,L3,0
2025-04-24,C,M105,BPA-105,311,L1,0
2025-04-24,C,M105,BPA-119,344,L2,0
2025-04-24,C,M106,BPA-106,344,L2,0
2025-04-24,C,M107,BPA-101,494,L3,0
2025-04-24,C,M107,BPA-107,344,L2,0
2025-04-24,C,M201,EMB-215,311,L1,0
2025-04-24,C,M202,EMB-217,494,L3,0
2025-04-24,C,M203,EMB-204,311,L1,0
2025-04-24,C,M203,EMB-219,311,L1,0
2025-04-24,C,M204,EMB-203,344,L2,0
2025-04-24,C,M205,EMB-208,344,L2,0
2025-04-24,C,M206,EMB-206,344,L2,0
2025-04-24,C,M206,EMB-216,344,L2,0
2025-04-24,C,M301,CSB-315,344,L2,0
2025-04-24,C,M302,CSB-308,494,L3,0
2025-04-24,C,M303,CSB-301,311,L1,0
2025-04-24,C,M304,CSB-306,311,L1,0
2025-04-24,C,M305,CSB-318,311,L1,0
2025-04-25,A,M101,BPA-113,311,L1,303
2025-04-25,A,M101,BPA-116,344,L2,203
2025-04-25,A,M102,BPA-107,311,L1,398
2025-04-25,A,M103,BPA-118,494,L3,197
2025-04-25,A,M104,BPA-112,494,L3,226
2025-04-25,A,M105,BPA-103,311,L1,334
2025-04-25,A,M105,BPA-116,311,L1,329
2025-04-25,A,M106,BPA-112,494,L3,253
2025-04-25,A,M107,BPA-103,494,L3,214
2025-04-25,A,M201,EMB-208,344,L2,231
2025-04-25,A,M202,EMB-209,494,L3,226
2025-04-25,A,M203,EMB-209,344,L2,269
2025-04-25,A,M204,EMB-209,344,L2,265
2025-04-25,A,M204,EMB-217,344,L2,270
2025-04-25,A,M205,EMB-218,344,L2,288
2025-04-25,A,M206,EMB-217,344,L2,278
2025-04-25,A,M301,CSB-314,311,L1,413
2025-04-25,A,M302,CSB-302,494,L3,308
2025-04-25,A,M302,CSB-306,344,L2,343
2025-04-25,A,M303,CSB-304,494,L3,240
2025-04-25,A,M303,CSB-313,494,L3,349
2025-04-25,A,M304,CSB-304,344,L2,271
2025-04-25,A,M305,CSB-301,311,L1,371
2025-04-25,A,M305,CSB-316,344,L2,256
2025-04-25,B,M101,BPA-107,311,L1,454
2025-04-25,B,M102,BPA-106,494,L3,248
2025-04-25,B,M102,BPA-107,311,L1,473
2025-04-25,B,M103,BPA-106,311,L1,294
2025-04-25,B,M103,BPA-113,311,L1,343
2025-04-25,B,M104,BPA-104,494,L3,277
2025-04-25,B,M104,BPA-115,494,L3,350
2025-04-25,B,M105,BPA-103,311,L1,285
2025-04-25,B,M106,BPA-110,311,L1,385
2025-04-25,B,M106,BPA-114,344,L2,199
2025-04-25,B,M107,BPA-100,311,L1,309
2025-04-25,B,M201,EMB-214,344,L2,354
2025-04-25,B,M202,EMB-201,311,L1,430
2025-04-25,B,M202,EMB-217,344,L2,220
2025-04-25,B,M203,EMB-213,494,L3,226
2025-04-25,B,M203,EMB-217,311,L1,318
2025-04-25,B,M204,EMB-204,311,L1,283
2025-04-25,B,M204,EMB-216,311,L1,314
2025-04-25,B,M205,EMB-211,311,L1,467
2025-04-25,B,M205,EMB-217,344,L2,275
2025-04-25,B,M206,EMB-213,311,L1,348
2025-04-25,B,M301,CSB-310,494,L3,268
2025-04-25,B,M301,CSB-319,494,L3,315
2025-04-25,B,M302,CSB-302,311,L1,426
2025-04-25,B,M302,CSB-319,494,L3,316
2025-04-25,B,M303,CSB-315,311,L1,550
2025-04-25,B,M304,CSB-314,311,L1,424
2025-04-25,B,M305,CSB-311,494,L3,191
2025-04-25,B,M305,CSB-319,311,L1,564
2025-04-25,C,M101,BPA-105,494,L3,0
2025-04-25,C,M102,BPA-105,344,L2,0
2025-04-25,C,M102,BPA-119,311,L1,0
2025-04-25,C,M103,BPA-105,344,L2,0
2025-04-25,C,M103,BPA-107,494,L3,0
2025-04-25,C,M104,BPA-109,344,L2,0
2025-04-25,C,M104,BPA-110,344,L2,0
2025-04-25,C,M105,BPA-110,494,L3,0
2025-04-25,C,M106,BPA-119,344,L2,0
2025-04-25,C,M107,BPA-104,344,L2,0
2025-04-25,C,M201,EMB-212,494,L3,0
2025-04-25,C,M201,EMB-215,344,L2,0
2025-04-25,C,M202,EMB-208,494,L3,0
2025-04-25,C,M202,EMB-212,344,L2,0
2025-04-25,C,M203,EMB-218,494,L3,0
2025-04-25,C,M203,EMB-219,494,L3,0
2025-04-25,C,M204,EMB-219,344,L2,0
2025-04-25,C,M205,EMB-210,344,L2,0
2025-04-25,C,M206,EMB-200,344,L2,0
2025-04-25,C,M206,EMB-208,311,L1,0
2025-04-25,C,M301,CSB-304,311,L1,0
2025-04-25,C,M301,CSB-306,311,L1,0
2025-04-25,C,M302,CSB-305,494,L3,0
2025-04-25,C,M303,CSB-301,344,L2,0
2025-04-25,C,M303,CSB-308,494,L3,0
2025-04-25,C,M304,CSB-319,311,L1,0
2025-04-25,C,M305,CSB-309,344,L2,0
2025-04-25,C,M305,CSB-318,494,L3,0
2025-04-26,A,M101,BPA-101,344,L2,363
2025-04-26,A,M101,BPA-109,494,L3,224
2025-04-26,A,M102,BPA-111,344,L2,343
2025-04-26,A,M102,BPA-114,311,L1,272
2025-04-26,A,M103,BPA-117,311,L1,434
2025-04-26,A,M104,BPA-105,344,L2,312
2025-04-26,A,M105,BPA-113,494,L3,175
2025-04-26,A,M106,BPA-101,311,L1,532
2025-04-26,A,M107,BPA-102,311,L1,272
2025-04-26,A,M107,BPA-106,311,L1,293
2025-04-26,A,M201,EMB-213,344,L2,235
2025-04-26,A,M201,EMB-216,344,L2,235
2025-04-26,A,M202,EMB-217,494,L3,178
2025-04-26,A,M203,EMB-206,494,L3,276
2025-04-26,A,M203,EMB-218,494,L3,149
2025-04-26,A,M204,EMB-210,344,L2,225
2025-04-26,A,M204,EMB-219,344,L2,189
2025-04-26,A,M205,EMB-217,494,L3,197
2025-04-26,A,M206,EMB-204,494,L3,149
2025-04-26,A,M301,CSB-305,344,L2,565
2025-04-26,A,M302,CSB-316,494,L3,224
2025-04-26,A,M303,CSB-303,311,L1,412
2025-04-26,A,M303,CSB-311,344,L2,260
2025-04-26,A,M304,CSB-304,494,L3,229
2025-04-26,A,M304,CSB-307,344,L2,344
2025-04-26,A,M305,CSB-309,311,L1,408
2025-04-26,A,M305,CSB-319,344,L2,327
2025-04-26,B,M101,BPA-111,344,L2,283
2025-04-26,B,M101,BPA-114,344,L2,223
2025-04-26,B,M102,BPA-112,344,L2,311
2025-04-26,B,M103,BPA-101,311,L1,469
2025-04-26,B,M103,BPA-110,344,L2,316
2025-04-26,B,M104,BPA-103,344,L2,197
2025-04-26,B,M104,BPA-110,494,L3,261
2025-04-26,B,M105,BPA-109,344,L2,203
2025-04-26,B,M105,BPA-113,494,L3,173
2025-04-26,B,M106,BPA-103,311,L1,285
2025-04-26,B,M106,BPA-106,311,L1,350
2025-04-26,B,M107,BPA-102,311,L1,294
2025-04-26,B,M201,EMB-209,311,L1,380
2025-04-26,B,M201,EMB-214,494,L3,236
2025-04-26,B,M202,EMB-205,344,L2,303
2025-04-26,B,M202,EMB-218,311,L1,225
2025-04-26,B,M203,EMB-211,344,L2,360
2025-04-26,B,M204,EMB-208,494,L3,239
2025-04-26,B,M205,EMB-215,494,L3,185
2025-04-26,B,M206,EMB-214,494,L3,226
2025-04-26,B,M301,CSB-307,311,L1,314
2025-04-26,B,M301,CSB-311,344,L2,251
2025-04-26,B,M302,CSB-313,344,L2,480
2025-04-26,B,M303,CSB-317,344,L2,239
2025-04-26,B,M304,CSB-310,494,L3,310
2025-04-26,B,M305,CSB-315,311,L1,520
2025-04-26,C,M101,BPA-110,494,L3,0
2025-04-26,C,M101,BPA-111,494,L3,0
2025-04-26,C,M102,BPA-100,344,L2,0
2025-04-26,C,M102,BPA-115,494,L3,0
2025-04-26,C,M103,BPA-102,344,L2,0
2025-04-26,C,M103,BPA-114,311,L1,0
2025-04-26,C,M104,BPA-100,344,L2,0
2025-04-26,C,M104,BPA-103,311,L1,0
2025-04-26,C,M105,BPA-105,344,L2,0
2025-04-26,C,M106,BPA-110,494,L3,0
2025-04-26,C,M106,BPA-116,494,L3,0
2025-04-26,C,M107,BPA-103,311,L1,0
2025-04-26,C,M107,BPA-117,311,L1,0
2025-04-26,C,M201,EMB-208,311,L1,0
2025-04-26,C,M202,EMB-207,344,L2,0
2025-04-26,C,M203,EMB-206,344,L2,0
2025-04-26,C,M203,EMB-212,311,L1,0
2025-04-26,C,M204,EMB-206,494,L3,0
2025-04-26,C,M204,EMB-213,344,L2,0
2025-04-26,C,M205,EMB-201,344,L2,0
2025-04-26,C,M206,EMB-206,344,L2,0
2025-04-26,C,M206,EMB-207,311,L1,0
2025-04-26,C,M301,CSB-307,311,L1,0
2025-04-26,C,M301,CSB-319,311,L1,0
2025-04-26,C,M302,CSB-304,311,L1,0
2025-04-26,C,M302,CSB-313,311,L1,0
2025-04-26,C,M303,CSB-314,494,L3,0
2025-04-26,C,M304,CSB-304,494,L3,0
2025-04-26,C,M304,CSB-316,311,L1,0
2025-04-26,C,M305,CSB-303,344,L2,0
2025-04-26,C,M305,CSB-304,311,L1,0
2025-04-27,A,M101,BPA-106,494,L3,182
2025-04-27,A,M102,BPA-109,494,L3,236
2025-04-27,A,M102,BPA-115,344,L2,352
2025-04-27,A,M103,BPA-101,494,L3,331
2025-04-27,A,M103,BPA-110,311,L1,400
2025-04-27,A,M104,BPA-119,344,L2,245
2025-04-27,A,M105,BPA-106,311,L1,320
2025-04-27,A,M105,BPA-108,311,L1,404
2025-04-27,A,M106,BPA-114,344,L2,259
2025-04-27,A,M107,BPA-103,311,L1,257
2025-04-27,A,M201,EMB-200,494,L3,200
2025-04-27,A,M202,EMB-206,311,L1,488
2025-04-27,A,M202,EMB-218,344,L2,200
2025-04-27,A,M203,EMB-212,344,L2,280
2025-04-27,A,M204,EMB-206,344,L2,358
2025-04-27,A,M205,EMB-201,311,L1,403
2025-04-27,A,M205,EMB-211,344,L2,288
2025-04-27,A,M206,EMB-208,344,L2,278
2025-04-27,A,M301,CSB-312,311,L1,346
2025-04-27,A,M301,CSB-318,494,L3,304
2025-04-27,A,M302,CSB-311,311,L1,266
2025-04-27,A,M303,CSB-301,344,L2,244
2025-04-27,A,M303,CSB-303,344,L2,292
2025-04-27,A,M304,CSB-312,311,L1,387
2025-04-27,A,M304,CSB-316,494,L3,228
2025-04-27,A,M305,CSB-302,344,L2,408
2025-04-27,A,M305,CSB-311,344,L2,237
2025-04-27,B,M101,BPA-101,344,L2,355
2025-04-27,B,M102,BPA-117,311,L1,511
2025-04-27,B,M103,BPA-102,344,L2,190
2025-04-27,B,M104,BPA-107,494,L3,242
2025-04-27,B,M104,BPA-110,344,L2,348
2025-04-27,B,M105,BPA-111,344,L2,337
2025-04-27,B,M106,BPA-117,494,L3,304
2025-04-27,B,M107,BPA-112,344,L2,312
2025-04-27,B,M201,EMB-214,311,L1,374
2025-04-27,B,M202,EMB-213,311,L1,377
2025-04-27,B,M202,EMB-215,311,L1,236
2025-04-27,B,M203,EMB-204,494,L3,150
2025-04-27,B,M204,EMB-212,344,L2,235
2025-04-27,B,M205,EMB-209,311,L1,339
2025-04-27,B,M206,EMB-215,494,L3,184
2025-04-27,B,M301,CSB-300,344,L2,348
2025-04-27,B,M302,CSB-317,494,L3,170
2025-04-27,B,M303,CSB-312,311,L1,634
2025-04-27,B,M304,CSB-300,311,L1,496
2025-04-27,B,M305,CSB-310,311,L1,451
2025-04-27,C,M101,BPA-101,494,L3,0
2025-04-27,C,M101,BPA-109,494,L3,0
2025-04-27,C,M102,BPA-105,311,L1,0
2025-04-27,C,M102,BPA-116,494,L3,0
2025-04-27,C,M103,BPA-105,311,L1,0
2025-04-27,C,M103,BPA-106,311,L1,0
2025-04-27,C,M104,BPA-104,344,L2,0
2025-04-27,C,M104,BPA-108,494,L3,0
2025-04-27,C,M105,BPA-102,311,L1,0
2025-04-27,C,M105,BPA-114,311,L1,0
2025-04-27,C,M106,BPA-100,494,L3,0
2025-04-27,C,M106,BPA-118,344,L2,0
2025-04-27,C,M107,BPA-102,344,L2,0
2025-04-27,C,M107,BPA-113,311,L1,0
2025-04-27,C,M201,EMB-200,494,L3,0
2025-04-27,C,M201,EMB-215,344,L2,0
2025-04-27,C,M202,EMB-208,494,L3,0
2025-04-27,C,M203,EMB-202,494,L3,0
2025-04-27,C,M203,EMB-203,311,L1,0
2025-04-27,C,M204,EMB-216,344,L2,0
2025-04-27,C,M205,EMB-212,311,L1,0
2025-04-27,C,M205,EMB-217,344,L2,0
2025-04-27,C,M206,EMB-205,344,L2,0
2025-04-27,C,M206,EMB-215,344,L2,0
2025-04-27,C,M301,CSB-312,344,L2,0
2025-04-27,C,M302,CSB-312,344,L2,0
2025-04-27,C,M303,CSB-303,494,L3,0
2025-04-27,C,M304,CSB-310,311,L1,0
2025-04-27,C,M305,CSB-311,494,L3,0
2025-04-28,A,M101,BPA-114,344,L2,248
2025-04-28,A,M101,BPA-116,311,L1,376
2025-04-28,A,M102,BPA-101,344,L2,294
2025-04-28,A,M102,BPA-113,311,L1,334
2025-04-28,A,M103,BPA-100,494,L3,162
2025-04-28,A,M103,BPA-107,311,L1,413
2025-04-28,A,M104,BPA-106,311,L1,311
2025-04-28,A,M104,BPA-118,311,L1,281
2025-04-28,A,M105,BPA-106,311,L1,318
2025-04-28,A,M105,BPA-118,311,L1,261
2025-04-28,A,M106,BPA-113,344,L2,226
2025-04-28,A,M107,BPA-113,311,L1,333
2025-04-28,A,M107,BPA-118,311,L1,328
2025-04-28,A,M201,EMB-219,494,L3,175
2025-04-28,A,M202,EMB-204,311,L1,261
2025-04-28,A,M203,EMB-218,494,L3,158
2025-04-28,A,M204,EMB-216,344,L2,300
2025-04-28,A,M205,EMB-208,311,L1,340
2025-04-28,A,M206,EMB-202,494,L3,298
2025-04-28,A,M206,EMB-206,494,L3,355
2025-04-28,A,M301,CSB-305,344,L2,224
2025-04-28,A,M302,CSB-302,311,L1,550
2025-04-28,A,M302,CSB-313,311,L1,551
2025-04-28,A,M303,CSB-315,494,L3,302
2025-04-28,A,M303,CSB-316,311,L1,327
2025-04-28,A,M304,CSB-300,494,L3,271
2025-04-28,A,M305,CSB-310,311,L1,415
2025-04-28,A,M305,CSB-315,494,L3,369
2025-04-28,B,M101,BPA-118,311,L1,280
2025-04-28,B,M101,BPA-119,344,L2,199
2025-04-28,B,M102,BPA-109,311,L1,264
2025-04-28,B,M103,BPA-117,311,L1,505
2025-04-28,B,M103,BPA-118,344,L2,203
2025-04-28,B,M104,BPA-110,311,L1,466
2025-04-28,B,M105,BPA-113,344,L2,251
2025-04-28,B,M106,BPA-113,311,L1,299
2025-04-28,B,M107,BPA-116,494,L3,185
2025-04-28,B,M201,EMB-215,494,L3,171
2025-04-28,B,M202,EMB-202,311,L1,365
2025-04-28,B,M202,EMB-207,311,L1,390
2025-04-28,B,M203,EMB-203,311,L1,270
2025-04-28,B,M203,EMB-218,494,L3,220
2025-04-28,B,M204,EMB-205,311,L1,449
2025-04-28,B,M205,EMB-211,494,L3,318
2025-04-28,B,M206,EMB-201,344,L2,389
2025-04-28,B,M301,CSB-307,494,L3,265
2025-04-28,B,M302,CSB-312,494,L3,226
2025-04-28,B,M302,CSB-319,344,L2,455
2025-04-28,B,M303,CSB-316,494,L3,243
2025-04-28,B,M304,CSB-303,311,L1,342
2025-04-28,B,M305,CSB-313,311,L1,489
2025-04-28,C,M101,BPA-117,494,L3,0
2025-04-28,C,M102,BPA-113,311,L1,0
2025-04-28,C,M102,BPA-116,494,L3,0
2025-04-28,C,M103,BPA-111,311,L1,0
2025-04-28,C,M104,BPA-101,311,L1,0
2025-04-28,C,M104,BPA-106,494,L3,0
2025-04-28,C,M105,BPA-111,311,L1,0
2025-04-28,C,M105,BPA-117,494,L3,0
2025-04-28,C,M106,BPA-102,311,L1,0
2025-04-28,C,M107,BPA-108,311,L1,0
2025-04-28,C,M107,BPA-111,344,L2,0
2025-04-28,C,M201,EMB-216,344,L2,0
2025-04-28,C,M202,EMB-204,494,L3,0
2025-04-28,C,M202,EMB-214,344,L2,0
2025-04-28,C,M203,EMB-206,494,L3,0
2025-04-28,C,M204,EMB-204,344,L2,0
2025-04-28,C,M204,EMB-212,311,L1,0
2025-04-28,C,M205,EMB-218,494,L3,0
2025-04-28,C,M206,EMB-204,494,L3,0
2025-04-28,C,M301,CSB-313,311,L1,0
2025-04-28,C,M302,CSB-302,494,L3,0
2025-04-28,C,M303,CSB-308,494,L3,0
2025-04-28,C,M303,CSB-318,344,L2,0
2025-04-28,C,M304,CSB-316,494,L3,0
2025-04-28,C,M304,CSB-317,311,L1,0
2025-04-28,C,M305,CSB-308,344,L2,0
2025-04-28,C,M305,CSB-314,344,L2,0
2025-04-29,A,M101,BPA-108,311,L1,368
2025-04-29,A,M101,BPA-118,311,L1,284
2025-04-29,A,M102,BPA-109,344,L2,267
2025-04-29,A,M102,BPA-117,494,L3,288
2025-04-29,A,M103,BPA-100,344,L2,223
2025-04-29,A,M104,BPA-106,311,L1,370
2025-04-29,A,M105,BPA-102,344,L2,256
2025-04-29,A,M105,BPA-111,311,L1,376
2025-04-29,A,M106,BPA-101,344,L2,349
2025-04-29,A,M107,BPA-116,494,L3,196
2025-04-29,A,M201,EMB-205,344,L2,303
2025-04-29,A,M202,EMB-205,344,L2,325
2025-04-29,A,M202,EMB-219,311,L1,274
2025-04-29,A,M203,EMB-211,311,L1,449
2025-04-29,A,M204,EMB-204,311,L1,623
2025-04-29,A,M205,EMB-201,344,L2,341
2025-04-29,A,M205,EMB-209,494,L3,230
2025-04-29,A,M206,EMB-205,311,L1,413
2025-04-29,A,M301,CSB-303,311,L1,403
2025-04-29,A,M302,CSB-314,344,L2,358
2025-04-29,A,M303,CSB-301,311,L1,392
2025-04-29,A,M303,CSB-311,494,L3,226
2025-04-29,A,M304,CSB-301,494,L3,193
2025-04-29,A,M304,CSB-304,311,L1,402
2025-04-29,A,M305,CSB-305,311,L1,330
2025-04-29,A,M305,CSB-307,344,L2,284
2025-04-29,B,M101,BPA-101,494,L3,304
2025-04-29,B,M102,BPA-115,494,L3,324
2025-04-29,B,M102,BPA-117,311,L1,392
2025-04-29,B,M103,BPA-108,344,L2,256
2025-04-29,B,M103,BPA-116,494,L3,184
2025-04-29,B,M104,BPA-101,494,L3,321
2025-04-29,B,M104,BPA-116,344,L2,280
2025-04-29,B,M105,BPA-103,344,L2,242
2025-04-29,B,M105,BPA-119,494,L3,208
2025-04-29,B,M106,BPA-101,494,L3,284
2025-04-29,B,M106,BPA-115,344,L2,379
2025-04-29,B,M107,BPA-107,494,L3,254
2025-04-29,B,M201,EMB-207,311,L1,337
2025-04-29,B,M201,EMB-216,311,L1,306
2025-04-29,B,M202,EMB-215,344,L2,253
2025-04-29,B,M203,EMB-212,344,L2,290
2025-04-29,B,M204,EMB-217,344,L2,262
2025-04-29,B,M205,EMB-209,311,L1,372
2025-04-29,B,M206,EMB-218,494,L3,215
2025-04-29,B,M206,EMB-219,311,L1,276
2025-04-29,B,M301,CSB-313,494,L3,355
2025-04-29,B,M301,CSB-318,311,L1,595
2025-04-29,B,M302,CSB-313,494,L3,306
2025-04-29,B,M303,CSB-312,311,L1,360
2025-04-29,B,M304,CSB-310,344,L2,302
2025-04-29,B,M305,CSB-305,311,L1,337
2025-04-29,C,M101,BPA-101,494,L3,0
2025-04-29,C,M101,BPA-117,311,L1,0
2025-04-29,C,M102,BPA-103,311,L1,0
2025-04-29,C,M102,BPA-108,311,L1,0
2025-04-29,C,M103,BPA-104,344,L2,0
2025-04-29,C,M103,BPA-119,311,L1,0
2025-04-29,C,M104,BPA-119,344,L2,0
2025-04-29,C,M105,BPA-100,344,L2,0
2025-04-29,C,M105,BPA-109,311,L1,0
2025-04-29,C,M106,BPA-118,311,L1,0
2025-04-29,C,M107,BPA-102,311,L1,0
2025-04-29,C,M107,BPA-103,494,L3,0
2025-04-29,C,M201,EMB-217,311,L1,0
2025-04-29,C,M201,EMB-218,344,L2,0
2025-04-29,C,M202,EMB-215,311,L1,0
2025-04-29,C,M203,EMB-212,494,L3,0
2025-04-29,C,M204,EMB-202,311,L1,0
2025-04-29,C,M204,EMB-219,494,L3,0
2025-04-29,C,M205,EMB-217,494,L3,0
2025-04-29,C,M206,EMB-206,311,L1,0
2025-04-29,C,M206,EMB-212,344,L2,0
2025-04-29,C,M301,CSB-311,494,L3,0
2025-04-29,C,M301,CSB-314,311,L1,0
2025-04-29,C,M302,CSB-302,311,L1,0
2025-04-29,C,M303,CSB-307,344,L2,0
2025-04-29,C,M303,CSB-309,494,L3,0
2025-04-29,C,M304,CSB-301,494,L3,0
2025-04-29,C,M304,CSB-317,311,L1,0
2025-04-29,C,M305,CSB-307,311,L1,0
2025-04-30,A,M101,BPA-112,344,L2,324
2025-04-30,A,M102,BPA-114,344,L2,206
2025-04-30,A,M103,BPA-108,494,L3,245
2025-04-30,A,M104,BPA-116,494,L3,197
2025-04-30,A,M105,BPA-100,311,L1,324
2025-04-30,A,M105,BPA-114,494,L3,186
2025-04-30,A,M106,BPA-104,344,L2,282
2025-04-30,A,M106,BPA-116,344,L2,237
2025-04-30,A,M107,BPA-119,311,L1,316
2025-04-30,A,M201,EMB-200,344,L2,243
2025-04-30,A,M201,EMB-211,344,L2,357
2025-04-30,A,M202,EMB-219,344,L2,175
2025-04-30,A,M203,EMB-218,344,L2,239
2025-04-30,A,M203,EMB-219,311,L1,244
2025-04-30,A,M204,EMB-207,311,L1,452
2025-04-30,A,M205,EMB-208,494,L3,178
2025-04-30,A,M206,EMB-209,344,L2,266
2025-04-30,A,M206,EMB-210,494,L3,210
2025-04-30,A,M301,CSB-305,311,L1,349
2025-04-30,A,M301,CSB-319,311,L1,443
2025-04-30,A,M302,CSB-317,311,L1,294
2025-04-30,A,M302,CSB-319,311,L1,443
2025-04-30,A,M303,CSB-303,311,L1,461
2025-04-30,A,M304,CSB-302,311,L1,465
2025-04-30,A,M305,CSB-301,311,L1,325
2025-04-30,A,M305,CSB-310,344,L2,437
2025-04-30,B,M101,BPA-118,494,L3,186
2025-04-30,B,M102,BPA-109,311,L1,272
2025-04-30,B,M103,BPA-108,344,L2,232
2025-04-30,B,M104,BPA-111,344,L2,340
2025-04-30,B,M104,BPA-114,494,L3,190
2025-04-30,B,M105,BPA-100,311,L1,259
2025-04-30,B,M106,BPA-106,494,L3,212
2025-04-30,B,M106,BPA-119,311,L1,268
2025-04-30,B,M107,BPA-104,344,L2,254
2025-04-30,B,M201,EMB-207,344,L2,321
2025-04-30,B,M202,EMB-209,344,L2,260
2025-04-30,B,M203,EMB-202,344,L2,303
2025-04-30,B,M203,EMB-211,494,L3,279
2025-04-30,B,M204,EMB-204,311,L1,225
2025-04-30,B,M204,EMB-214,311,L1,435
2025-04-30,B,M205,EMB-214,494,L3,262
2025-04-30,B,M205,EMB-217,311,L1,272
2025-04-30,B,M206,EMB-200,344,L2,240
2025-04-30,B,M206,EMB-208,311,L1,266
2025-04-30,B,M301,CSB-302,344,L2,384
2025-04-30,B,M301,CSB-314,494,L3,302
2025-04-30,B,M302,CSB-305,311,L1,300
2025-04-30,B,M302,CSB-311,494,L3,207
2025-04-30,B,M303,CSB-313,311,L1,595
2025-04-30,B,M304,CSB-304,344,L2,362
2025-04-30,B,M305,CSB-306,494,L3,265
2025-04-30,B,M305,CSB-309,311,L1,386
2025-04-30,C,M101,BPA-116,344,L2,0
2025-04-30,C,M102,BPA-116,494,L3,0
2025-04-30,C,M103,BPA-106,494,L3,0
2025-04-30,C,M103,BPA-119,311,L1,0
2025-04-30,C,M104,BPA-108,311,L1,0
2025-04-30,C,M105,BPA-115,311,L1,0
2025-04-30,C,M106,BPA-110,344,L2,0
2025-04-30,C,M107,BPA-114,311,L1,0
2025-04-30,C,M107,BPA-116,494,L3,0
2025-04-30,C,M201,EMB-204,494,L3,0
2025-04-30,C,M202,EMB-200,311,L1,0
2025-04-30,C,M202,EMB-203,311,L1,0
2025-04-30,C,M203,EMB-216,494,L3,0
2025-04-30,C,M204,EMB-201,344,L2,0
2025-04-30,C,M205,EMB-201,311,L1,0
2025-04-30,C,M205,EMB-218,311,L1,0
2025-04-30,C,M206,EMB-214,494,L3,0
2025-04-30,C,M206,EMB-215,311,L1,0
2025-04-30,C,M301,CSB-305,344,L2,0
2025-04-30,C,M302,CSB-312,494,L3,0
2025-04-30,C,M302,CSB-317,311,L1,0
2025-04-30,C,M303,CSB-303,494,L3,0
2025-04-30,C,M304,CSB-303,311,L1,0
2025-04-30,C,M304,CSB-314,311,L1,0
2025-04-30,C,M305,CSB-312,311,L1,0
2025-05-01,A,M101,BPA-102,344,L2,220
2025-05-01,A,M102,BPA-102,344,L2,221
2025-05-01,A,M102,BPA-117,494,L3,337
2025-05-01,A,M103,BPA-115,311,L1,409
2025-05-01,A,M104,BPA-116,311,L1,312
2025-05-01,A,M105,BPA-112,344,L2,323
2025-05-01,A,M106,BPA-103,311,L1,278
2025-05-01,A,M106,BPA-108,344,L2,257
2025-05-01,A,M107,BPA-103,311,L1,288
2025-05-01,A,M201,EMB-212,494,L3,209
2025-05-01,A,M202,EMB-202,311,L1,361
2025-05-01,A,M202,EMB-212,311,L1,316
2025-05-01,A,M203,EMB-206,344,L2,487
2025-05-01,A,M203,EMB-209,311,L1,298
2025-05-01,A,M204,EMB-213,311,L1,294
2025-05-01,A,M204,EMB-217,344,L2,254
2025-05-01,A,M205,EMB-203,494,L3,152
2025-05-01,A,M205,EMB-212,494,L3,166
2025-05-01,A,M206,EMB-207,344,L2,294
2025-05-01,A,M206,EMB-213,344,L2,280
2025-05-01,A,M301,CSB-302,344,L2,358
2025-05-01,A,M301,CSB-317,344,L2,259
2025-05-01,A,M302,CSB-314,344,L2,290
2025-05-01,A,M303,CSB-307,494,L3,207
2025-05-01,A,M303,CSB-311,494,L3,160
2025-05-01,A,M304,CSB-308,344,L2,372
2025-05-01,A,M304,CSB-316,311,L1,319
2025-05-01,A,M305,CSB-317,344,L2,278
2025-05-01,B,M101,BPA-110,311,L1,345
2025-05-01,B,M102,BPA-104,344,L2,274
2025-05-01,B,M102,BPA-110,344,L2,411
2025-05-01,B,M103,BPA-110,494,L3,224
2025-05-01,B,M103,BPA-119,311,L1,259
2025-05-01,B,M104,BPA-100,311,L1,298
2025-05-01,B,M104,BPA-107,494,L3,281
2025-05-01,B,M105,BPA-115,494,L3,347
2025-05-01,B,M105,BPA-116,494,L3,222
2025-05-01,B,M106,BPA-107,494,L3,292
2025-05-01,B,M106,BPA-116,311,L1,249
2025-05-01,B,M107,BPA-119,311,L1,288
2025-05-01,B,M201,EMB-213,344,L2,260
2025-05-01,B,M202,EMB-212,344,L2,241
2025-05-01,B,M202,EMB-219,494,L3,175
2025-05-01,B,M203,EMB-217,494,L3,158
2025-05-01,B,M204,EMB-212,494,L3,224
2025-05-01,B,M204,EMB-219,344,L2,225
2025-05-01,B,M205,EMB-203,344,L2,226
2025-05-01,B,M205,EMB-207,344,L2,287
2025-05-01,B,M206,EMB-204,344,L2,216
2025-05-01,B,M206,EMB-205,344,L2,287
2025-05-01,B,M301,CSB-314,344,L2,339
2025-05-01,B,M301,CSB-317,344,L2,239
2025-05-01,B,M302,CSB-316,494,L3,218
2025-05-01,B,M302,CSB-317,494,L3,183
2025-05-01,B,M303,CSB-316,494,L3,183
2025-05-01,B,M304,CSB-316,494,L3,224
2025-05-01,B,M304,CSB-319,344,L2,376
2025-05-01,B,M305,CSB-301,311,L1,320
2025-05-01,B,M305,CSB-307,344,L2,296
2025-05-01,C,M101,BPA-111,311,L1,0
2025-05-01,C,M102,BPA-107,494,L3,0
2025-05-01,C,M103,BPA-106,344,L2,0
2025-05-01,C,M103,BPA-117,494,L3,0
2025-05-01,C,M104,BPA-110,344,L2,0
2025-05-01,C,M105,BPA-109,494,L3,0
2025-05-01,C,M105,BPA-115,311,L1,0
2025-05-01,C,M106,BPA-106,311,L1,0
2025-05-01,C,M106,BPA-112,311,L1,0
2025-05-01,C,M107,BPA-106,344,L2,0
2025-05-01,C,M107,BPA-107,311,L1,0
2025-05-01,C,M201,EMB-201,344,L2,0
2025-05-01,C,M202,EMB-206,311,L1,0
2025-05-01,C,M202,EMB-218,311,L1,0
2025-05-01,C,M203,EMB-211,344,L2,0
2025-05-01,C,M203,EMB-214,344,L2,0
2025-05-01,C,M204,EMB-205,311,L1,0
2025-05-01,C,M204,EMB-208,344,L2,0
2025-05-01,C,M205,EMB-219,311,L1,0
2025-05-01,C,M206,EMB-216,344,L2,0
2025-05-01,C,M301,CSB-315,494,L3,0
2025-05-01,C,M301,CSB-316,494,L3,0
2025-05-01,C,M302,CSB-303,494,L3,0
2025-05-01,C,M302,CSB-314,494,L3,0
2025-05-01,C,M303,CSB-319,494,L3,0
2025-05-01,C,M304,CSB-302,311,L1,0
2025-05-01,C,M305,CSB-315,494,L3,0
2025-05-02,A,M101,BPA-116,494,L3,196
2025-05-02,A,M102,BPA-100,494,L3,185
2025-05-02,A,M102,BPA-110,494,L3,253
2025-05-02,A,M103,BPA-103,344,L2,240
2025-05-02,A,M104,BPA-105,311,L1,412
2025-05-02,A,M105,BPA-102,494,L3,183
2025-05-02,A,M106,BPA-110,494,L3,343
2025-05-02,A,M107,BPA-109,494,L3,226
2025-05-02,A,M201,EMB-205,311,L1,368
2025-05-02,A,M201,EMB-214,344,L2,267
2025-05-02,A,M202,EMB-210,311,L1,343
2025-05-02,A,M202,EMB-217,344,L2,229
2025-05-02,A,M203,EMB-206,494,L3,380
2025-05-02,A,M203,EMB-208,494,L3,220
2025-05-02,A,M204,EMB-205,311,L1,447
2025-05-02,A,M204,EMB-213,311,L1,417
2025-05-02,A,M205,EMB-212,344,L2,226
2025-05-02,A,M206,EMB-207,344,L2,352
2025-05-02,A,M206,EMB-217,311,L1,310
2025-05-02,A,M301,CSB-300,344,L2,364
2025-05-02,A,M301,CSB-301,311,L1,392
2025-05-02,A,M302,CSB-319,344,L2,467
2025-05-02,A,M303,CSB-312,311,L1,314
2025-05-02,A,M304,CSB-317,311,L1,289
2025-05-02,A,M305,CSB-303,311,L1,352
2025-05-02,A,M305,CSB-309,344,L2,337
2025-05-02,B,M101,BPA-106,344,L2,275
2025-05-02,B,M101,BPA-111,344,L2,312
2025-05-02,B,M102,BPA-100,311,L1,272
2025-05-02,B,M102,BPA-107,344,L2,294
2025-05-02,B,M103,BPA-110,344,L2,435
2025-05-02,B,M104,BPA-110,311,L1,458
2025-05-02,B,M105,BPA-106,494,L3,229
2025-05-02,B,M105,BPA-112,311,L1,486
2025-05-02,B,M106,BPA-109,344,L2,257
2025-05-02,B,M106,BPA-110,311,L1,415
2025-05-02,B,M107,BPA-112,494,L3,267
2025-05-02,B,M201,EMB-210,311,L1,227
2025-05-02,B,M202,EMB-203,344,L2,209
2025-05-02,B,M202,EMB-213,494,L3,208
2025-05-02,B,M203,EMB-211,344,L2,686
2025-05-02,B,M204,EMB-211,494,L3,315
2025-05-02,B,M204,EMB-219,494,L3,168
2025-05-02,B,M205,EMB-203,311,L1,252
2025-05-02,B,M206,EMB-201,311,L1,455
2025-05-02,B,M206,EMB-213,344,L2,275
2025-05-02,B,M301,CSB-308,311,L1,463
2025-05-02,B,M301,CSB-310,311,L1,499
2025-05-02,B,M302,CSB-306,494,L3,271
2025-05-02,B,M303,CSB-313,311,L1,421
2025-05-02,B,M303,CSB-314,494,L3,230
2025-05-02,B,M304,CSB-315,494,L3,366
2025-05-02,B,M305,CSB-308,494,L3,289
2025-05-02,B,M305,CSB-310,344,L2,382
2025-05-02,C,M101,BPA-119,344,L2,0
2025-05-02,C,M102,BPA-102,344,L2,0
2025-05-02,C,M103,BPA-101,494,L3,1
2025-05-02,C,M104,BPA-119,344,L2,0
2025-05-02,C,M105,BPA-111,344,L2,0
2025-05-02,C,M106,BPA-110,311,L1,0
2025-05-02,C,M106,BPA-115,344,L2,0
2025-05-02,C,M107,BPA-109,344,L2,0
2025-05-02,C,M107,BPA-112,494,L3,0
2025-05-02,C,M201,EMB-202,494,L3,0
2025-05-02,C,M201,EMB-211,494,L3,0
2025-05-02,C,M202,EMB-207,494,L3,0
2025-05-02,C,M203,EMB-211,494,L3,0
2025-05-02,C,M203,EMB-219,494,L3,0
2025-05-02,C,M204,EMB-215,344,L2,0
2025-05-02,C,M205,EMB-204,494,L3,0
2025-05-02,C,M206,EMB-210,494,L3,0
2025-05-02,C,M206,EMB-217,311,L1,0
2025-05-02,C,M301,CSB-305,344,L2,0
2025-05-02,C,M302,CSB-307,344,L2,0
2025-05-02,C,M302,CSB-316,344,L2,0
2025-05-02,C,M303,CSB-300,494,L3,0
2025-05-02,C,M303,CSB-301,494,L3,0
2025-05-02,C,M304,CSB-306,494,L3,0
2025-05-02,C,M305,CSB-313,311,L1,0
2025-05-03,A,M101,BPA-103,494,L3,174
2025-05-03,A,M102,BPA-116,311,L1,277
2025-05-03,A,M103,BPA-116,344,L2,255
2025-05-03,A,M104,BPA-118,494,L3,194
2025-05-03,A,M105,BPA-112,311,L1,379
2025-05-03,A,M105,BPA-114,311,L1,351
2025-05-03,A,M106,BPA-100,494,L3,177
2025-05-03,A,M106,BPA-102,344,L2,209
2025-05-03,A,M107,BPA-105,344,L2,345
2025-05-03,A,M201,EMB-211,344,L2,325
2025-05-03,A,M202,EMB-207,311,L1,418
2025-05-03,A,M203,EMB-207,311,L1,382
2025-05-03,A,M204,EMB-201,311,L1,433
2025-05-03,A,M205,EMB-215,311,L1,294
2025-05-03,A,M205,EMB-216,344,L2,242
2025-05-03,A,M206,EMB-202,494,L3,287
2025-05-03,A,M301,CSB-307,311,L1,325
2025-05-03,A,M301,CSB-309,311,L1,493
2025-05-03,A,M302,CSB-317,344,L2,282
2025-05-03,A,M303,CSB-307,494,L3,196
2025-05-03,A,M303,CSB-309,494,L3,283
2025-05-03,A,M304,CSB-306,344,L2,355
2025-05-03,A,M305,CSB-305,344,L2,229
2025-05-03,B,M101,BPA-115,494,L3,289
2025-05-03,B,M102,BPA-103,311,L1,235
2025-05-03,B,M102,BPA-118,494,L3,188
2025-05-03,B,M103,BPA-116,344,L2,273
2025-05-03,B,M104,BPA-100,311,L1,305
2025-05-03,B,M105,BPA-117,311,L1,555
2025-05-03,B,M106,BPA-107,344,L2,283
2025-05-03,B,M106,BPA-109,344,L2,296
2025-05-03,B,M107,BPA-113,344,L2,230
2025-05-03,B,M201,EMB-201,494,L3,254
2025-05-03,B,M202,EMB-213,494,L3,248
2025-05-03,B,M202,EMB-214,311,L1,381
2025-05-03,B,M203,EMB-200,344,L2,280
2025-05-03,B,M203,EMB-216,311,L1,334
2025-05-03,B,M204,EMB-200,311,L1,348
2025-05-03,B,M204,EMB-217,311,L1,285
2025-05-03,B,M205,EMB-217,311,L1,263
2025-05-03,B,M206,EMB-204,344,L2,235
2025-05-03,B,M206,EMB-217,311,L1,318
2025-05-03,B,M301,CSB-315,344,L2,447
2025-05-03,B,M301,CSB-317,344,L2,237
2025-05-03,B,M302,CSB-309,494,L3,261
2025-05-03,B,M302,CSB-319,344,L2,396
2025-05-03,B,M303,CSB-306,494,L3,240
2025-05-03,B,M304,CSB-305,344,L2,251
2025-05-03,B,M305,CSB-314,344,L2,312
2025-05-03,C,M101,BPA-106,344,L2,0
2025-05-03,C,M101,BPA-109,494,L3,0
2025-05-03,C,M102,BPA-114,494,L3,0
2025-05-03,C,M103,BPA-118,311,L1,0
2025-05-03,C,M104,BPA-115,494,L3,0
2025-05-03,C,M104,BPA-116,494,L3,0
2025-05-03,C,M105,BPA-115,494,L3,0
2025-05-03,C,M106,BPA-107,494,L3,0
2025-05-03,C,M106,BPA-109,311,L1,0
2025-05-03,C,M107,BPA-101,494,L3,0
2025-05-03,C,M107,BPA-109,344,L2,0
2025-05-03,C,M201,EMB-203,344,L2,0
2025-05-03,C,M201,EMB-207,494,L3,0
2025-05-03,C,M202,EMB-205,494,L3,0
2025-05-03,C,M202,EMB-213,344,L2,0
2025-05-03,C,M203,EMB-210,344,L2,0
2025-05-03,C,M203,EMB-217,311,L1,0
2025-05-03,C,M204,EMB-206,344,L2,0
2025-05-03,C,M204,EMB-216,344,L2,0
2025-05-03,C,M205,EMB-215,494,L3,0
2025-05-03,C,M205,EMB-218,344,L2,0
2025-05-03,C,M206,EMB-212,311,L1,0
2025-05-03,C,M206,EMB-219,344,L2,0
2025-05-03,C,M301,CSB-307,494,L3,0
2025-05-03,C,M302,CSB-306,494,L3,0
2025-05-03,C,M303,CSB-316,344,L2,0
2025-05-03,C,M303,CSB-319,494,L3,0
2025-05-03,C,M304,CSB-315,311,L1,0
2025-05-03,C,M305,CSB-313,311,L1,0
2025-05-04,A,M101,BPA-118,344,L2,200
2025-05-04,A,M102,BPA-104,344,L2,273
2025-05-04,A,M102,BPA-111,344,L2,307
2025-05-04,A,M103,BPA-111,494,L3,290
2025-05-04,A,M104,BPA-100,311,L1,247
2025-05-04,A,M104,BPA-114,311,L1,393
2025-05-04,A,M105,BPA-101,494,L3,247
2025-05-04,A,M105,BPA-114,311,L1,354
2025-05-04,A,M106,BPA-105,344,L2,400
2025-05-04,A,M106,BPA-114,344,L2,284
2025-05-04,A,M107,BPA-118,344,L2,200
2025-05-04,A,M201,EMB-219,311,L1,259
2025-05-04,A,M202,EMB-213,344,L2,288
2025-05-04,A,M202,EMB-214,494,L3,307
2025-05-04,A,M203,EMB-210,494,L3,158
2025-05-04,A,M203,EMB-219,311,L1,245
2025-05-04,A,M204,EMB-201,494,L3,237
2025-05-04,A,M205,EMB-201,494,L3,307
2025-05-04,A,M206,EMB-205,311,L1,350
2025-05-04,A,M206,EMB-210,344,L2,166
2025-05-04,A,M301,CSB-301,344,L2,267
2025-05-04,A,M302,CSB-313,344,L2,496
2025-05-04,A,M302,CSB-315,311,L1,657
2025-05-04,A,M303,CSB-303,494,L3,234
2025-05-04,A,M304,CSB-316,344,L2,323
2025-05-04,A,M305,CSB-305,344,L2,230
2025-05-04,A,M305,CSB-315,311,L1,560
2025-05-04,B,M101,BPA-110,344,L2,307
2025-05-04,B,M102,BPA-106,311,L1,325
2025-05-04,B,M103,BPA-109,494,L3,163
2025-05-04,B,M103,BPA-110,311,L1,469
2025-05-04,B,M104,BPA-115,311,L1,482
2025-05-04,B,M105,BPA-105,311,L1,382
2025-05-04,B,M106,BPA-112,311,L1,395
2025-05-04,B,M107,BPA-100,494,L3,168
2025-05-04,B,M201,EMB-217,494,L3,160
2025-05-04,B,M202,EMB-213,344,L2,262
2025-05-04,B,M202,EMB-218,494,L3,150
2025-05-04,B,M203,EMB-216,494,L3,188
2025-05-04,B,M204,EMB-201,344,L2,340
2025-05-04,B,M205,EMB-202,494,L3,243
2025-05-04,B,M205,EMB-213,311,L1,350
2025-05-04,B,M206,EMB-209,311,L1,381
2025-05-04,B,M206,EMB-214,344,L2,341
2025-05-04,B,M301,CSB-305,344,L2,282
2025-05-04,B,M301,CSB-315,344,L2,414
2025-05-04,B,M302,CSB-300,311,L1,533
2025-05-04,B,M303,CSB-302,494,L3,367
2025-05-04,B,M303,CSB-314,311,L1,386
2025-05-04,B,M304,CSB-312,344,L2,203
2025-05-04,B,M305,CSB-313,494,L3,368
2025-05-04,B,M305,CSB-315,494,L3,318
2025-05-04,C,M101,BPA-105,311,L1,0
2025-05-04,C,M102,BPA-109,344,L2,0
2025-05-04,C,M102,BPA-110,311,L1,0
2025-05-04,C,M103,BPA-111,494,L3,0
2025-05-04,C,M104,BPA-110,311,L1,0
2025-05-04,C,M105,BPA-112,311,L1,0
2025-05-04,C,M106,BPA-103,344,L2,0
2025-05-04,C,M106,BPA-119,344,L2,0
2025-05-04,C,M107,BPA-101,494,L3,0
2025-05-04,C,M201,EMB-209,311,L1,0
2025-05-04,C,M202,EMB-212,311,L1,0
2025-05-04,C,M203,EMB-205,311,L1,0
2025-05-04,C,M204,EMB-205,494,L3,0
2025-05-04,C,M205,EMB-203,494,L3,0
2025-05-04,C,M206,EMB-212,344,L2,0
2025-05-04,C,M301,CSB-304,344,L2,0
2025-05-04,C,M301,CSB-308,344,L2,0
2025-05-04,C,M302,CSB-314,311,L1,0
2025-05-04,C,M302,CSB-317,311,L1,0
2025-05-04,C,M303,CSB-309,344,L2,0
2025-05-04,C,M304,CSB-308,311,L1,0
2025-05-04,C,M305,CSB-301,344,L2,0
2025-05-04,C,M305,CSB-308,494,L3,0
2025-05-05,A,M101,BPA-111,344,L2,332
2025-05-05,A,M102,BPA-102,494,L3,165
2025-05-05,A,M102,BPA-112,311,L1,329
2025-05-05,A,M103,BPA-113,344,L2,245
2025-05-05,A,M103,BPA-115,311,L1,454
2025-05-05,A,M104,BPA-108,494,L3,259
2025-05-05,A,M105,BPA-108,494,L3,261
2025-05-05,A,M106,BPA-113,494,L3,179
2025-05-05,A,M107,BPA-113,311,L1,325
2025-05-05,A,M107,BPA-116,311,L1,368
2025-05-05,A,M201,EMB-211,311,L1,443
2025-05-05,A,M202,EMB-201,311,L1,511
2025-05-05,A,M202,EMB-208,494,L3,232
2025-05-05,A,M203,EMB-201,494,L3,295
2025-05-05,A,M204,EMB-215,344,L2,191
2025-05-05,A,M204,EMB-219,344,L2,216
2025-05-05,A,M205,EMB-200,311,L1,377
2025-05-05,A,M205,EMB-217,494,L3,161
2025-05-05,A,M206,EMB-205,494,L3,232
2025-05-05,A,M206,EMB-218,494,L3,194
2025-05-05,A,M301,CSB-305,344,L2,224
2025-05-05,A,M301,CSB-308,344,L2,370
2025-05-05,A,M302,CSB-306,494,L3,226
2025-05-05,A,M302,CSB-316,494,L3,216
2025-05-05,A,M303,CSB-319,494,L3,302
2025-05-05,A,M304,CSB-302,344,L2,361
2025-05-05,A,M305,CSB-308,494,L3,372
2025-05-05,A,M305,CSB-314,494,L3,215
2025-05-05,B,M101,BPA-118,311,L1,303
2025-05-05,B,M102,BPA-114,311,L1,320
2025-05-05,B,M102,BPA-118,344,L2,239
2025-05-05,B,M103,BPA-117,494,L3,327
2025-05-05,B,M104,BPA-109,494,L3,215
2025-05-05,B,M105,BPA-100,311,L1,311
2025-05-05,B,M105,BPA-106,344,L2,267
2025-05-05,B,M106,BPA-103,311,L1,289
2025-05-05,B,M106,BPA-119,311,L1,286
2025-05-05,B,M107,BPA-114,311,L1,320
2025-05-05,B,M201,EMB-218,311,L1,293
2025-05-05,B,M202,EMB-211,494,L3,260
2025-05-05,B,M202,EMB-215,494,L3,163
2025-05-05,B,M203,EMB-210,311,L1,276
2025-05-05,B,M204,EMB-208,344,L2,243
2025-05-05,B,M205,EMB-200,344,L2,262
2025-05-05,B,M206,EMB-210,344,L2,207
2025-05-05,B,M301,CSB-308,344,L2,395
2025-05-05,B,M302,CSB-307,311,L1,286
2025-05-05,B,M303,CSB-306,494,L3,256
2025-05-05,B,M303,CSB-307,344,L2,294
2025-05-05,B,M304,CSB-310,311,L1,380
2025-05-05,B,M304,CSB-316,344,L2,248
2025-05-05,B,M305,CSB-304,344,L2,287
2025-05-05,C,M101,BPA-116,311,L1,0
2025-05-05,C,M102,BPA-111,494,L3,0
2025-05-05,C,M103,BPA-109,494,L3,0
2025-05-05,C,M104,BPA-100,311,L1,0
2025-05-05,C,M105,BPA-102,494,L3,0
2025-05-05,C,M106,BPA-103,311,L1,0
2025-05-05,C,M106,BPA-106,311,L1,0
2025-05-05,C,M107,BPA-112,311,L1,0
2025-05-05,C,M107,BPA-113,494,L3,0
2025-05-05,C,M201,EMB-200,311,L1,0
2025-05-05,C,M202,EMB-205,344,L2,0
2025-05-05,C,M203,EMB-219,494,L3,0
2025-05-05,C,M204,EMB-203,494,L3,0
2025-05-05,C,M204,EMB-210,494,L3,0
2025-05-05,C,M205,EMB-203,494,L3,0
2025-05-05,C,M206,EMB-205,344,L2,0
2025-05-05,C,M206,EMB-219,494,L3,0
2025-05-05,C,M301,CSB-307,494,L3,0
2025-05-05,C,M302,CSB-307,311,L1,0
2025-05-05,C,M303,CSB-305,494,L3,0
2025-05-05,C,M304,CSB-302,344,L2,0
2025-05-05,C,M304,CSB-311,344,L2,0
2025-05-05,C,M305,CSB-303,344,L2,0
2025-05-06,A,M101,BPA-101,344,L2,303
2025-05-06,A,M101,BPA-108,494,L3,189
2025-05-06,A,M102,BPA-101,494,L3,363
2025-05-06,A,M102,BPA-110,344,L2,298
2025-05-06,A,M103,BPA-106,344,L2,225
2025-05-06,A,M104,BPA-100,494,L3,166
2025-05-06,A,M104,BPA-104,344,L2,292
2025-05-06,A,M105,BPA-114,311,L1,280
2025-05-06,A,M106,BPA-100,344,L2,190
2025-05-06,A,M107,BPA-113,344,L2,280
2025-05-06,A,M107,BPA-115,311,L1,404
2025-05-06,A,M201,EMB-206,311,L1,483
2025-05-06,A,M202,EMB-205,494,L3,272
2025-05-06,A,M202,EMB-207,494,L3,231
2025-05-06,A,M203,EMB-211,311,L1,383
2025-05-06,A,M204,EMB-213,311,L1,347
2025-05-06,A,M205,EMB-214,494,L3,252
2025-05-06,A,M206,EMB-219,344,L2,209
2025-05-06,A,M301,CSB-302,311,L1,466
2025-05-06,A,M301,CSB-315,494,L3,384
2025-05-06,A,M302,CSB-312,344,L2,247
2025-05-06,A,M303,CSB-300,311,L1,443
2025-05-06,A,M304,CSB-311,344,L2,200
2025-05-06,A,M305,CSB-318,494,L3,286
2025-05-06,B,M101,BPA-104,311,L1,415
2025-05-06,B,M102,BPA-116,344,L2,207
2025-05-06,B,M102,BPA-117,311,L1,496
2025-05-06,B,M103,BPA-114,344,L2,273
2025-05-06,B,M104,BPA-115,494,L3,345
2025-05-06,B,M104,BPA-116,494,L3,191
2025-05-06,B,M105,BPA-113,311,L1,275
2025-05-06,B,M106,BPA-115,344,L2,405
2025-05-06,B,M107,BPA-114,311,L1,314
2025-05-06,B,M107,BPA-118,311,L1,287
2025-05-06,B,M201,EMB-204,344,L2,178
2025-05-06,B,M201,EMB-210,344,L2,205
2025-05-06,B,M202,EMB-204,344,L2,239
2025-05-06,B,M203,EMB-218,494,L3,218
2025-05-06,B,M204,EMB-205,311,L1,370
2025-05-06,B,M204,EMB-209,311,L1,332
2025-05-06,B,M205,EMB-207,494,L3,289
2025-05-06,B,M206,EMB-207,344,L2,330
2025-05-06,B,M301,CSB-317,494,L3,181
2025-05-06,B,M302,CSB-302,494,L3,308
2025-05-06,B,M303,CSB-308,494,L3,389
2025-05-06,B,M303,CSB-314,311,L1,325
2025-05-06,B,M304,CSB-306,494,L3,292
2025-05-06,B,M305,CSB-306,311,L1,449
2025-05-06,B,M305,CSB-318,311,L1,455
2025-05-06,C,M101,BPA-100,311,L1,0
2025-05-06,C,M102,BPA-107,344,L2,0
2025-05-06,C,M103,BPA-100,311,L1,0
2025-05-06,C,M104,BPA-100,311,L1,0
2025-05-06,C,M104,BPA-110,344,L2,0
2025-05-06,C,M105,BPA-110,311,L1,0
2025-05-06,C,M105,BPA-114,494,L3,0
2025-05-06,C,M106,BPA-109,494,L3,0
2025-05-06,C,M107,BPA-101,311,L1,0
2025-05-06,C,M201,EMB-200,344,L2,0
2025-05-06,C,M201,EMB-214,494,L3,0
2025-05-06,C,M202,EMB-203,344,L2,0
2025-05-06,C,M202,EMB-211,344,L2,0
2025-05-06,C,M203,EMB-216,494,L3,0
2025-05-06,C,M204,EMB-215,344,L2,0
2025-05-06,C,M204,EMB-219,494,L3,0
2025-05-06,C,M205,EMB-201,344,L2,0
2025-05-06,C,M206,EMB-206,494,L3,0
2025-05-06,C,M206,EMB-209,311,L1,0
2025-05-06,C,M301,CSB-300,494,L3,0
2025-05-06,C,M302,CSB-305,494,L3,0
2025-05-06,C,M302,CSB-307,494,L3,0
2025-05-06,C,M303,CSB-300,494,L3,0
2025-05-06,C,M303,CSB-305,344,L2,0
2025-05-06,C,M304,CSB-302,311,L1,0
2025-05-06,C,M304,CSB-318,494,L3,0
2025-05-06,C,M305,CSB-314,344,L2,0
2025-05-07,A,M101,BPA-104,311,L1,328
2025-05-07,A,M101,BPA-116,311,L1,412
2025-05-07,A,M102,BPA-102,311,L1,307
2025-05-07,A,M102,BPA-115,311,L1,409
2025-05-07,A,M103,BPA-114,494,L3,189
2025-05-07,A,M104,BPA-109,494,L3,230
2025-05-07,A,M104,BPA-110,344,L2,375
2025-05-07,A,M105,BPA-105,344,L2,359
2025-05-07,A,M105,BPA-119,344,L2,237
2025-05-07,A,M106,BPA-114,311,L1,290
2025-05-07,A,M107,BPA-103,311,L1,275
2025-05-07,A,M107,BPA-113,494,L3,218
2025-05-07,A,M201,EMB-203,311,L1,297
2025-05-07,A,M201,EMB-208,311,L1,310
2025-05-07,A,M202,EMB-201,311,L1,483
2025-05-07,A,M203,EMB-203,344,L2,215
2025-05-07,A,M203,EMB-215,344,L2,235
2025-05-07,A,M204,EMB-200,494,L3,210
2025-05-07,A,M204,EMB-218,311,L1,292
2025-05-07,A,M205,EMB-218,311,L1,280
2025-05-07,A,M206,EMB-217,494,L3,171
2025-05-07,A,M301,CSB-318,311,L1,491
2025-05-07,A,M302,CSB-311,311,L1,371
2025-05-07,A,M303,CSB-306,344,L2,665
2025-05-07,A,M304,CSB-316,494,L3,256
2025-05-07,A,M305,CSB-309,494,L3,302
2025-05-07,A,M305,CSB-316,494,L3,217
2025-05-07,B,M101,BPA-115,494,L3,353
2025-05-07,B,M101,BPA-118,344,L2,223
2025-05-07,B,M102,BPA-110,344,L2,300
2025-05-07,B,M102,BPA-112,311,L1,341
2025-05-07,B,M103,BPA-103,311,L1,265
2025-05-07,B,M104,BPA-105,311,L1,451
2025-05-07,B,M104,BPA-115,311,L1,545
2025-05-07,B,M105,BPA-105,344,L2,345
2025-05-07,B,M106,BPA-104,494,L3,269
2025-05-07,B,M107,BPA-118,344,L2,221
2025-05-07,B,M201,EMB-200,311,L1,396
2025-05-07,B,M202,EMB-202,344,L2,355
2025-05-07,B,M203,EMB-212,494,L3,203
2025-05-07,B,M203,EMB-219,494,L3,192
2025-05-07,B,M204,EMB-201,344,L2,345
2025-05-07,B,M205,EMB-210,344,L2,205
2025-05-07,B,M206,EMB-200,344,L2,237
2025-05-07,B,M206,EMB-208,311,L1,381
2025-05-07,B,M301,CSB-317,344,L2,268
2025-05-07,B,M302,CSB-301,344,L2,303
2025-05-07,B,M303,CSB-308,344,L2,352
2025-05-07,B,M304,CSB-302,494,L3,338
2025-05-07,B,M304,CSB-311,494,L3,223
2025-05-07,B,M305,CSB-306,311,L1,394
2025-05-07,B,M305,CSB-313,311,L1,668
2025-05-07,C,M101,BPA-109,494,L3,0
2025-05-07,C,M101,BPA-111,494,L3,0
2025-05-07,C,M102,BPA-103,494,L3,0
2025-05-07,C,M102,BPA-119,344,L2,0
2025-05-07,C,M103,BPA-110,344,L2,0
2025-05-07,C,M104,BPA-110,494,L3,0
2025-05-07,C,M105,BPA-108,344,L2,0
2025-05-07,C,M106,BPA-103,344,L2,0
2025-05-07,C,M107,BPA-105,311,L1,0
2025-05-07,C,M201,EMB-208,494,L3,1
2025-05-07,C,M202,EMB-200,494,L3,0
2025-05-07,C,M202,EMB-206,344,L2,0
2025-05-07,C,M203,EMB-206,494,L3,0
2025-05-07,C,M203,EMB-209,311,L1,0
2025-05-07,C,M204,EMB-209,311,L1,0
2025-05-07,C,M205,EMB-200,311,L1,0
2025-05-07,C,M206,EMB-202,494,L3,0
2025-05-07,C,M301,CSB-309,494,L3,0
2025-05-07,C,M301,CSB-311,494,L3,0
2025-05-07,C,M302,CSB-303,494,L3,0
2025-05-07,C,M303,CSB-312,494,L3,0
2025-05-07,C,M304,CSB-308,311,L1,0
2025-05-07,C,M305,CSB-301,344,L2,0
2025-05-07,C,M305,CSB-304,311,L1,0
2025-05-08,A,M101,BPA-103,494,L3,170
2025-05-08,A,M101,BPA-119,311,L1,254
2025-05-08,A,M102,BPA-107,494,L3,284
2025-05-08,A,M102,BPA-109,494,L3,194
2025-05-08,A,M103,BPA-104,311,L1,363
2025-05-08,A,M104,BPA-100,494,L3,213
2025-05-08,A,M105,BPA-107,344,L2,282
2025-05-08,A,M105,BPA-116,494,L3,206
2025-05-08,A,M106,BPA-108,344,L2,275
2025-05-08,A,M107,BPA-118,344,L2,234
2025-05-08,A,M201,EMB-211,494,L3,267
2025-05-08,A,M201,EMB-217,311,L1,369
2025-05-08,A,M202,EMB-219,344,L2,255
2025-05-08,A,M203,EMB-210,311,L1,301
2025-05-08,A,M204,EMB-207,344,L2,322
2025-05-08,A,M204,EMB-213,494,L3,188
2025-05-08,A,M205,EMB-215,494,L3,156
2025-05-08,A,M206,EMB-216,344,L2,250
2025-05-08,A,M206,EMB-219,494,L3,185
2025-05-08,A,M301,CSB-308,344,L2,757
2025-05-08,A,M302,CSB-309,494,L3,302
2025-05-08,A,M303,CSB-305,311,L1,277
2025-05-08,A,M304,CSB-307,494,L3,270
2025-05-08,A,M304,CSB-312,311,L1,261
2025-05-08,A,M305,CSB-318,494,L3,304
2025-05-08,B,M101,BPA-101,311,L1,422
2025-05-08,B,M101,BPA-113,494,L3,173
2025-05-08,B,M102,BPA-117,311,L1,466
2025-05-08,B,M103,BPA-102,344,L2,225
2025-05-08,B,M103,BPA-103,344,L2,181
2025-05-08,B,M104,BPA-107,311,L1,426
2025-05-08,B,M104,BPA-114,494,L3,224
2025-05-08,B,M105,BPA-115,311,L1,980
2025-05-08,B,M106,BPA-113,494,L3,185
2025-05-08,B,M107,BPA-101,344,L2,388
2025-05-08,B,M107,BPA-104,494,L3,216
2025-05-08,B,M201,EMB-200,344,L2,234
2025-05-08,B,M201,EMB-210,494,L3,162
2025-05-08,B,M202,EMB-206,494,L3,360
2025-05-08,B,M203,EMB-204,494,L3,171
2025-05-08,B,M203,EMB-207,311,L1,345
2025-05-08,B,M204,EMB-209,311,L1,414
2025-05-08,B,M204,EMB-218,344,L2,265
2025-05-08,B,M205,EMB-219,344,L2,173
2025-05-08,B,M206,EMB-206,311,L1,989
2025-05-08,B,M301,CSB-318,344,L2,366
2025-05-08,B,M302,CSB-301,311,L1,330
2025-05-08,B,M302,CSB-305,494,L3,224
2025-05-08,B,M303,CSB-319,344,L2,343
2025-05-08,B,M304,CSB-300,344,L2,307
2025-05-08,B,M305,CSB-313,311,L1,572
2025-05-08,C,M101,BPA-110,344,L2,0
2025-05-08,C,M102,BPA-105,344,L2,0
2025-05-08,C,M103,BPA-104,494,L3,0
2025-05-08,C,M103,BPA-115,344,L2,0
2025-05-08,C,M104,BPA-106,494,L3,0
2025-05-08,C,M104,BPA-114,311,L1,0
2025-05-08,C,M105,BPA-108,344,L2,0
2025-05-08,C,M105,BPA-112,494,L3,0
2025-05-08,C,M106,BPA-111,311,L1,0
2025-05-08,C,M106,BPA-119,344,L2,0
2025-05-08,C,M107,BPA-101,311,L1,0
2025-05-08,C,M107,BPA-117,344,L2,0
2025-05-08,C,M201,EMB-214,311,L1,0
2025-05-08,C,M202,EMB-203,311,L1,0
2025-05-08,C,M203,EMB-206,494,L3,0
2025-05-08,C,M204,EMB-210,311,L1,0
2025-05-08,C,M204,EMB-217,344,L2,0
2025-05-08,C,M205,EMB-202,344,L2,0
2025-05-08,C,M205,EMB-212,494,L3,0
2025-05-08,C,M206,EMB-201,344,L2,0
2025-05-08,C,M206,EMB-218,344,L2,0
2025-05-08,C,M301,CSB-300,344,L2,0
2025-05-08,C,M302,CSB-300,311,L1,0
2025-05-08,C,M302,CSB-310,311,L1,0
2025-05-08,C,M303,CSB-303,344,L2,0
2025-05-08,C,M304,CSB-312,494,L3,0
2025-05-08,C,M305,CSB-312,311,L1,0
2025-05-08,C,M305,CSB-317,494,L3,0
2025-05-09,A,M101,BPA-119,344,L2,194
2025-05-09,A,M102,BPA-102,344,L2,235
2025-05-09,A,M102,BPA-107,311,L1,367
2025-05-09,A,M103,BPA-102,344,L2,182
2025-05-09,A,M104,BPA-102,311,L1,346
2025-05-09,A,M105,BPA-112,344,L2,348
2025-05-09,A,M105,BPA-114,344,L2,229
2025-05-09,A,M106,BPA-119,311,L1,341
2025-05-09,A,M107,BPA-108,311,L1,320
2025-05-09,A,M107,BPA-112,311,L1,369
2025-05-09,A,M201,EMB-202,344,L2,376
2025-05-09,A,M201,EMB-209,344,L2,311
2025-05-09,A,M202,EMB-204,494,L3,188
2025-05-09,A,M202,EMB-217,311,L1,299
2025-05-09,A,M203,EMB-217,344,L2,218
2025-05-09,A,M203,EMB-219,344,L2,190
2025-05-09,A,M204,EMB-204,311,L1,277
2025-05-09,A,M204,EMB-213,494,L3,259
2025-05-09,A,M205,EMB-201,311,L1,349
2025-05-09,A,M205,EMB-215,494,L3,174
2025-05-09,A,M206,EMB-206,344,L2,465
2025-05-09,A,M206,EMB-210,494,L3,170
2025-05-09,A,M301,CSB-308,344,L2,371
2025-05-09,A,M301,CSB-315,311,L1,502
2025-05-09,A,M302,CSB-303,311,L1,483
2025-05-09,A,M302,CSB-313,311,L1,536
2025-05-09,A,M303,CSB-304,494,L3,241
2025-05-09,A,M304,CSB-313,344,L2,379
2025-05-09,A,M305,CSB-302,311,L1,520
2025-05-09,A,M305,CSB-304,311,L1,499
2025-05-09,B,M101,BPA-115,344,L2,375
2025-05-09,B,M102,BPA-107,311,L1,400
2025-05-09,B,M103,BPA-119,344,L2,520
2025-05-09,B,M104,BPA-104,344,L2,301
2025-05-09,B,M104,BPA-117,344,L2,308
2025-05-09,B,M105,BPA-113,344,L2,259
2025-05-09,B,M106,BPA-110,344,L2,296
2025-05-09,B,M106,BPA-117,494,L3,337
2025-05-09,B,M107,BPA-116,311,L1,275
2025-05-09,B,M201,EMB-211,494,L3,306
2025-05-09,B,M201,EMB-216,311,L1,293
2025-05-09,B,M202,EMB-216,494,L3,196
2025-05-09,B,M203,EMB-201,344,L2,314
2025-05-09,B,M203,EMB-204,311,L1,235
2025-05-09,B,M204,EMB-201,311,L1,489
2025-05-09,B,M205,EMB-206,494,L3,283
2025-05-09,B,M206,EMB-209,494,L3,199
2025-05-09,B,M206,EMB-219,311,L1,238
2025-05-09,B,M301,CSB-313,494,L3,395
2025-05-09,B,M302,CSB-303,494,L3,268
2025-05-09,B,M303,CSB-301,494,L3,216
2025-05-09,B,M303,CSB-317,344,L2,207
2025-05-09,B,M304,CSB-301,344,L2,323
2025-05-09,B,M305,CSB-312,494,L3,189
2025-05-09,C,M101,BPA-103,494,L3,0
2025-05-09,C,M102,BPA-117,344,L2,0
2025-05-09,C,M103,BPA-104,344,L2,0
2025-05-09,C,M104,BPA-101,311,L1,0
2025-05-09,C,M104,BPA-110,311,L1,0
2025-05-09,C,M105,BPA-115,344,L2,0
2025-05-09,C,M106,BPA-107,494,L3,0
2025-05-09,C,M107,BPA-110,494,L3,0
2025-05-09,C,M201,EMB-200,494,L3,0
2025-05-09,C,M201,EMB-204,494,L3,0
2025-05-09,C,M202,EMB-211,311,L1,0
2025-05-09,C,M203,EMB-200,344,L2,0
2025-05-09,C,M204,EMB-200,494,L3,0
2025-05-09,C,M204,EMB-210,311,L1,0
2025-05-09,C,M205,EMB-207,494,L3,0
2025-05-09,C,M206,EMB-213,344,L2,0
2025-05-09,C,M206,EMB-218,311,L1,0
2025-05-09,C,M301,CSB-315,344,L2,0
2025-05-09,C,M302,CSB-300,344,L2,0
2025-05-09,C,M302,CSB-310,311,L1,0
2025-05-09,C,M303,CSB-311,311,L1,0
2025-05-09,C,M303,CSB-316,311,L1,0
2025-05-09,C,M304,CSB-309,311,L1,0
2025-05-09,C,M305,CSB-306,311,L1,0
2025-05-09,C,M305,CSB-313,311,L1,0
2025-05-10,A,M101,BPA-106,311,L1,294
2025-05-10,A,M102,BPA-119,494,L3,163
2025-05-10,A,M103,BPA-118,344,L2,203
2025-05-10,A,M104,BPA-106,311,L1,342
2025-05-10,A,M104,BPA-107,494,L3,293
2025-05-10,A,M105,BPA-103,494,L3,198
2025-05-10,A,M105,BPA-115,494,L3,324
2025-05-10,A,M106,BPA-115,344,L2,460
2025-05-10,A,M107,BPA-101,311,L1,502
2025-05-10,A,M201,EMB-200,494,L3,198
2025-05-10,A,M202,EMB-203,344,L2,207
2025-05-10,A,M202,EMB-216,344,L2,243
2025-05-10,A,M203,EMB-200,344,L2,235
2025-05-10,A,M204,EMB-208,494,L3,194
2025-05-10,A,M205,EMB-206,311,L1,440
2025-05-10,A,M205,EMB-209,494,L3,264
2025-05-10,A,M206,EMB-213,494,L3,231
2025-05-10,A,M301,CSB-312,311,L1,362
2025-05-10,A,M302,CSB-307,311,L1,361
2025-05-10,A,M302,CSB-309,311,L1,494
2025-05-10,A,M303,CSB-310,344,L2,322
2025-05-10,A,M304,CSB-305,311,L1,346
2025-05-10,A,M304,CSB-309,494,L3,269
2025-05-10,A,M305,CSB-309,311,L1,429
2025-05-10,B,M101,BPA-102,494,L3,153
2025-05-10,B,M102,BPA-114,344,L2,211
2025-05-10,B,M103,BPA-104,494,L3,191
2025-05-10,B,M104,BPA-103,494,L3,165
2025-05-10,B,M104,BPA-115,311,L1,608
2025-05-10,B,M105,BPA-102,311,L1,299
2025-05-10,B,M105,BPA-116,494,L3,259
2025-05-10,B,M106,BPA-100,311,L1,281
2025-05-10,B,M106,BPA-101,344,L2,310
2025-05-10,B,M107,BPA-105,344,L2,363
2025-05-10,B,M107,BPA-113,311,L1,303
2025-05-10,B,M201,EMB-215,344,L2,247
2025-05-10,B,M202,EMB-211,311,L1,422
2025-05-10,B,M202,EMB-213,494,L3,212
2025-05-10,B,M203,EMB-206,494,L3,413
2025-05-10,B,M204,EMB-203,344,L2,216
2025-05-10,B,M204,EMB-204,311,L1,265
2025-05-10,B,M205,EMB-206,311,L1,529
2025-05-10,B,M205,EMB-213,344,L2,294
2025-05-10,B,M206,EMB-212,494,L3,170
2025-05-10,B,M206,EMB-216,344,L2,262
2025-05-10,B,M301,CSB-308,494,L3,343
2025-05-10,B,M302,CSB-308,311,L1,531
2025-05-10,B,M302,CSB-315,494,L3,347
2025-05-10,B,M303,CSB-302,344,L2,427
2025-05-10,B,M303,CSB-317,311,L1,292
2025-05-10,B,M304,CSB-303,344,L2,323
2025-05-10,B,M304,CSB-308,344,L2,416
2025-05-10,B,M305,CSB-312,494,L3,206
2025-05-10,B,M305,CSB-318,344,L2,405
2025-05-10,C,M101,BPA-100,494,L3,0
2025-05-10,C,M101,BPA-117,311,L1,0
2025-05-10,C,M102,BPA-100,494,L3,0
2025-05-10,C,M102,BPA-109,311,L1,0
2025-05-10,C,M103,BPA-112,494,L3,0
2025-05-10,C,M104,BPA-110,344,L2,0
2025-05-10,C,M105,BPA-103,494,L3,0
2025-05-10,C,M105,BPA-113,494,L3,0
2025-05-10,C,M106,BPA-108,311,L1,0
2025-05-10,C,M107,BPA-102,344,L2,0
2025-05-10,C,M107,BPA-106,494,L3,0
2025-05-10,C,M201,EMB-201,344,L2,0
2025-05-10,C,M202,EMB-211,494,L3,0
2025-05-10,C,M202,EMB-216,494,L3,0
2025-05-10,C,M203,EMB-201,344,L2,0
2025-05-10,C,M203,EMB-204,494,L3,0
2025-05-10,C,M204,EMB-205,344,L2,0
2025-05-10,C,M204,EMB-219,494,L3,0
2025-05-10,C,M205,EMB-212,311,L1,0
2025-05-10,C,M206,EMB-212,344,L2,0
2025-05-10,C,M206,EMB-215,494,L3,0
2025-05-10,C,M301,CSB-314,494,L3,0
2025-05-10,C,M302,CSB-304,311,L1,0
2025-05-10,C,M302,CSB-314,344,L2,0
2025-05-10,C,M303,CSB-311,494,L3,0
2025-05-10,C,M304,CSB-309,311,L1,0
2025-05-10,C,M304,CSB-313,494,L3,0
2025-05-10,C,M305,CSB-307,344,L2,0
2025-05-10,C,M305,CSB-314,494,L3,0
2025-05-11,A,M101,BPA-117,494,L3,261
2025-05-11,A,M102,BPA-117,494,L3,279
2025-05-11,A,M103,BPA-104,494,L3,246
2025-05-11,A,M103,BPA-110,311,L1,485
2025-05-11,A,M104,BPA-108,311,L1,333
2025-05-11,A,M104,BPA-113,344,L2,218
2025-05-11,A,M105,BPA-104,311,L1,390
2025-05-11,A,M105,BPA-106,311,L1,390
2025-05-11,A,M106,BPA-110,344,L2,384
2025-05-11,A,M106,BPA-114,311,L1,288
2025-05-11,A,M107,BPA-117,311,L1,477
2025-05-11,A,M201,EMB-200,344,L2,284
2025-05-11,A,M201,EMB-205,344,L2,334
2025-05-11,A,M202,EMB-205,344,L2,284
2025-05-11,A,M202,EMB-217,494,L3,181
2025-05-11,A,M203,EMB-219,494,L3,169
2025-05-11,A,M204,EMB-201,344,L2,289
2025-05-11,A,M204,EMB-216,344,L2,243
2025-05-11,A,M205,EMB-213,344,L2,239
2025-05-11,A,M206,EMB-203,494,L3,190
2025-05-11,A,M206,EMB-206,494,L3,303
2025-05-11,A,M301,CSB-305,311,L1,276
2025-05-11,A,M302,CSB-300,311,L1,425
2025-05-11,A,M303,CSB-313,344,L2,335
2025-05-11,A,M304,CSB-317,494,L3,211
2025-05-11,A,M305,CSB-303,494,L3,298
2025-05-11,A,M305,CSB-313,494,L3,365
2025-05-11,B,M101,BPA-108,344,L2,250
2025-05-11,B,M102,BPA-101,311,L1,457
2025-05-11,B,M102,BPA-104,344,L2,332
2025-05-11,B,M103,BPA-116,311,L1,311
2025-05-11,B,M104,BPA-104,311,L1,297
2025-05-11,B,M104,BPA-111,344,L2,376
2025-05-11,B,M105,BPA-117,311,L1,971
2025-05-11,B,M106,BPA-119,311,L1,563
2025-05-11,B,M107,BPA-110,494,L3,294
2025-05-11,B,M201,EMB-213,311,L1,396
2025-05-11,B,M201,EMB-214,344,L2,338
2025-05-11,B,M202,EMB-204,344,L2,229
2025-05-11,B,M202,EMB-217,311,L1,279
2025-05-11,B,M203,EMB-200,494,L3,246
2025-05-11,B,M204,EMB-209,494,L3,261
2025-05-11,B,M204,EMB-215,311,L1,244
2025-05-11,B,M205,EMB-212,311,L1,289
2025-05-11,B,M206,EMB-212,344,L2,212
2025-05-11,B,M301,CSB-303,311,L1,405
2025-05-11,B,M301,CSB-319,494,L3,316
2025-05-11,B,M302,CSB-301,311,L1,327
2025-05-11,B,M302,CSB-303,344,L2,304
2025-05-11,B,M303,CSB-315,344,L2,389
2025-05-11,B,M304,CSB-305,344,L2,230
2025-05-11,B,M305,CSB-302,344,L2,417
2025-05-11,B,M305,CSB-319,344,L2,403
2025-05-11,C,M101,BPA-104,311,L1,0
2025-05-11,C,M102,BPA-109,311,L1,0
2025-05-11,C,M102,BPA-111,311,L1,0
2025-05-11,C,M103,BPA-105,311,L1,0
2025-05-11,C,M103,BPA-112,344,L2,0
2025-05-11,C,M104,BPA-106,494,L3,0
2025-05-11,C,M104,BPA-119,311,L1,0
2025-05-11,C,M105,BPA-118,494,L3,0
2025-05-11,C,M106,BPA-114,311,L1,0
2025-05-11,C,M107,BPA-110,311,L1,0
2025-05-11,C,M201,EMB-205,494,L3,0
2025-05-11,C,M201,EMB-219,344,L2,0
2025-05-11,C,M202,EMB-206,311,L1,0
2025-05-11,C,M203,EMB-204,311,L1,0
2025-05-11,C,M204,EMB-204,311,L1,0
2025-05-11,C,M205,EMB-207,494,L3,0
2025-05-11,C,M206,EMB-211,344,L2,0
2025-05-11,C,M301,CSB-300,494,L3,0
2025-05-11,C,M302,CSB-303,494,L3,0
2025-05-11,C,M302,CSB-317,344,L2,0
2025-05-11,C,M303,CSB-308,494,L3,0
2025-05-11,C,M304,CSB-302,344,L2,0
2025-05-11,C,M304,CSB-305,311,L1,0
2025-05-11,C,M305,CSB-306,344,L2,0
2025-05-11,C,M305,CSB-314,311,L1,0
2025-05-12,A,M101,BPA-115,494,L3,333
2025-05-12,A,M102,BPA-119,494,L3,165
2025-05-12,A,M103,BPA-106,311,L1,336
2025-05-12,A,M103,BPA-110,494,L3,284
2025-05-12,A,M104,BPA-101,344,L2,410
2025-05-12,A,M104,BPA-108,311,L1,400
2025-05-12,A,M105,BPA-100,494,L3,200
2025-05-12,A,M106,BPA-110,311,L1,460
2025-05-12,A,M107,BPA-101,344,L2,416
2025-05-12,A,M107,BPA-118,344,L2,188
2025-05-12,A,M201,EMB-207,494,L3,275
2025-05-12,A,M202,EMB-206,344,L2,407
2025-05-12,A,M202,EMB-211,311,L1,463
2025-05-12,A,M203,EMB-203,344,L2,214
2025-05-12,A,M204,EMB-214,311,L1,402
2025-05-12,A,M204,EMB-215,311,L1,272
2025-05-12,A,M205,EMB-206,344,L2,349
2025-05-12,A,M206,EMB-200,494,L3,241
2025-05-12,A,M301,CSB-312,344,L2,226
2025-05-12,A,M302,CSB-301,311,L1,333
2025-05-12,A,M302,CSB-312,311,L1,374
2025-05-12,A,M303,CSB-302,344,L2,389
2025-05-12,A,M304,CSB-313,494,L3,417
2025-05-12,A,M305,CSB-300,494,L3,267
2025-05-12,B,M101,BPA-101,311,L1,486
2025-05-12,B,M101,BPA-119,311,L1,261
2025-05-12,B,M102,BPA-100,494,L3,163
2025-05-12,B,M102,BPA-117,344,L2,376
2025-05-12,B,M103,BPA-113,311,L1,257
2025-05-12,B,M104,BPA-119,311,L1,285
2025-05-12,B,M105,BPA-104,494,L3,287
2025-05-12,B,M105,BPA-107,344,L2,291
2025-05-12,B,M106,BPA-106,494,L3,221
2025-05-12,B,M107,BPA-108,344,L2,227
2025-05-12,B,M201,EMB-218,344,L2,229
2025-05-12,B,M202,EMB-204,344,L2,198
2025-05-12,B,M202,EMB-218,311,L1,292
2025-05-12,B,M203,EMB-209,494,L3,186
2025-05-12,B,M204,EMB-209,494,L3,520
2025-05-12,B,M205,EMB-212,344,L2,200
2025-05-12,B,M205,EMB-214,311,L1,390
2025-05-12,B,M206,EMB-219,311,L1,243
2025-05-12,B,M301,CSB-319,494,L3,327
2025-05-12,B,M302,CSB-312,311,L1,289
2025-05-12,B,M303,CSB-307,311,L1,442
2025-05-12,B,M304,CSB-316,344,L2,277
2025-05-12,B,M305,CSB-313,311,L1,506
2025-05-12,C,M101,BPA-106,344,L2,0
2025-05-12,C,M101,BPA-117,494,L3,0
2025-05-12,C,M102,BPA-102,311,L1,0
2025-05-12,C,M103,BPA-109,494,L3,0
2025-05-12,C,M103,BPA-110,494,L3,0
2025-05-12,C,M104,BPA-101,311,L1,0
2025-05-12,C,M104,BPA-102,311,L1,0
2025-05-12,C,M105,BPA-104,494,L3,0
2025-05-12,C,M106,BPA-106,311,L1,0
2025-05-12,C,M106,BPA-108,344,L2,0
2025-05-12,C,M107,BPA-103,344,L2,0
2025-05-12,C,M201,EMB-210,311,L1,0
2025-05-12,C,M202,EMB-213,494,L3,0
2025-05-12,C,M202,EMB-215,311,L1,0
2025-05-12,C,M203,EMB-201,311,L1,0
2025-05-12,C,M204,EMB-215,494,L3,0
2025-05-12,C,M205,EMB-205,494,L3,0
2025-05-12,C,M205,EMB-209,344,L2,0
2025-05-12,C,M206,EMB-207,494,L3,0
2025-05-12,C,M301,CSB-309,344,L2,0
2025-05-12,C,M301,CSB-310,494,L3,0
2025-05-12,C,M302,CSB-306,311,L1,0
2025-05-12,C,M303,CSB-302,344,L2,0
2025-05-12,C,M303,CSB-309,344,L2,0
2025-05-12,C,M304,CSB-313,344,L2,0
2025-05-12,C,M305,CSB-305,311,L1,0
2025-05-13,A,M101,BPA-118,311,L1,317
2025-05-13,A,M102,BPA-107,311,L1,418
2025-05-13,A,M102,BPA-113,311,L1,334
2025-05-13,A,M103,BPA-109,311,L1,309
2025-05-13,A,M104,BPA-112,344,L2,329
2025-05-13,A,M105,BPA-106,311,L1,292
2025-05-13,A,M105,BPA-115,344,L2,487
2025-05-13,A,M106,BPA-110,311,L1,860
2025-05-13,A,M107,BPA-116,494,L3,189
2025-05-13,A,M201,EMB-208,344,L2,209
2025-05-13,A,M201,EMB-212,494,L3,190
2025-05-13,A,M202,EMB-213,344,L2,245
2025-05-13,A,M203,EMB-205,494,L3,235
2025-05-13,A,M203,EMB-206,311,L1,445
2025-05-13,A,M204,EMB-202,311,L1,367
2025-05-13,A,M204,EMB-213,311,L1,356
2025-05-13,A,M205,EMB-202,344,L2,287
2025-05-13,A,M205,EMB-210,494,L3,169
2025-05-13,A,M206,EMB-210,311,L1,333
2025-05-13,A,M206,EMB-214,494,L3,269
2025-05-13,A,M301,CSB-302,494,L3,365
2025-05-13,A,M301,CSB-317,311,L1,275
2025-05-13,A,M302,CSB-305,311,L1,340
2025-05-13,A,M302,CSB-317,494,L3,207
2025-05-13,A,M303,CSB-302,311,L1,631
2025-05-13,A,M304,CSB-303,311,L1,386
2025-05-13,A,M304,CSB-312,311,L1,294
2025-05-13,A,M305,CSB-304,344,L2,387
2025-05-13,A,M305,CSB-315,494,L3,409
2025-05-13,B,M101,BPA-103,494,L3,155
2025-05-13,B,M102,BPA-113,344,L2,264
2025-05-13,B,M103,BPA-110,494,L3,256
2025-05-13,B,M103,BPA-114,311,L1,330
2025-05-13,B,M104,BPA-107,494,L3,311
2025-05-13,B,M104,BPA-115,311,L1,514
2025-05-13,B,M105,BPA-107,344,L2,256
2025-05-13,B,M106,BPA-106,311,L1,264
2025-05-13,B,M107,BPA-106,494,L3,175
2025-05-13,B,M107,BPA-114,494,L3,194
2025-05-13,B,M201,EMB-210,494,L3,169
2025-05-13,B,M202,EMB-219,344,L2,208
2025-05-13,B,M203,EMB-202,344,L2,325
2025-05-13,B,M204,EMB-206,494,L3,260
2025-05-13,B,M204,EMB-216,311,L1,409
2025-05-13,B,M205,EMB-200,344,L2,246
2025-05-13,B,M205,EMB-209,494,L3,285
2025-05-13,B,M206,EMB-210,494,L3,183
2025-05-13,B,M206,EMB-218,344,L2,196
2025-05-13,B,M301,CSB-312,344,L2,277
2025-05-13,B,M302,CSB-313,344,L2,490
2025-05-13,B,M303,CSB-318,311,L1,505
2025-05-13,B,M304,CSB-305,311,L1,337
2025-05-13,B,M304,CSB-311,494,L3,192
2025-05-13,B,M305,CSB-304,344,L2,259
2025-05-13,B,M305,CSB-307,311,L1,337
2025-05-13,C,M101,BPA-105,344,L2,0
2025-05-13,C,M102,BPA-114,494,L3,0
2025-05-13,C,M103,BPA-108,311,L1,0
2025-05-13,C,M103,BPA-113,311,L1,0
2025-05-13,C,M104,BPA-100,311,L1,0
2025-05-13,C,M105,BPA-117,494,L3,0
2025-05-13,C,M106,BPA-112,344,L2,0
2025-05-13,C,M107,BPA-117,311,L1,0
2025-05-13,C,M107,BPA-118,494,L3,0
2025-05-13,C,M201,EMB-205,344,L2,0
2025-05-13,C,M202,EMB-200,494,L3,0
2025-05-13,C,M202,EMB-211,344,L2,0
2025-05-13,C,M203,EMB-210,494,L3,0
2025-05-13,C,M204,EMB-208,344,L2,0
2025-05-13,C,M204,EMB-215,311,L1,0
2025-05-13,C,M205,EMB-201,344,L2,0
2025-05-13,C,M205,EMB-210,494,L3,0
2025-05-13,C,M206,EMB-203,494,L3,0
2025-05-13,C,M206,EMB-211,344,L2,0
2025-05-13,C,M301,CSB-319,311,L1,0
2025-05-13,C,M302,CSB-306,311,L1,0
2025-05-13,C,M303,CSB-301,344,L2,0
2025-05-13,C,M303,CSB-315,344,L2,0
2025-05-13,C,M304,CSB-310,494,L3,0
2025-05-13,C,M305,CSB-318,311,L1,0
2025-05-14,A,M101,BPA-101,344,L2,460
2025-05-14,A,M101,BPA-115,311,L1,465
2025-05-14,A,M102,BPA-103,344,L2,237
2025-05-14,A,M102,BPA-110,344,L2,351
2025-05-14,A,M103,BPA-106,311,L1,339
2025-05-14,A,M104,BPA-102,344,L2,225
2025-05-14,A,M105,BPA-111,344,L2,307
2025-05-14,A,M105,BPA-112,494,L3,212
2025-05-14,A,M106,BPA-105,344,L2,394
2025-05-14,A,M107,BPA-103,344,L2,221
2025-05-14,A,M107,BPA-111,344,L2,369
2025-05-14,A,M201,EMB-202,494,L3,248
2025-05-14,A,M201,EMB-219,311,L1,270
2025-05-14,A,M202,EMB-208,494,L3,217
2025-05-14,A,M202,EMB-211,494,L3,346
2025-05-14,A,M203,EMB-202,311,L1,401
2025-05-14,A,M204,EMB-201,494,L3,290
2025-05-14,A,M204,EMB-203,311,L1,316
2025-05-14,A,M205,EMB-215,494,L3,178
2025-05-14,A,M206,EMB-210,311,L1,245
2025-05-14,A,M206,EMB-215,344,L2,238
2025-05-14,A,M301,CSB-302,494,L3,331
2025-05-14,A,M301,CSB-316,494,L3,216
2025-05-14,A,M302,CSB-309,494,L3,500
2025-05-14,A,M303,CSB-302,494,L3,339
2025-05-14,A,M304,CSB-313,344,L2,409
2025-05-14,A,M304,CSB-317,494,L3,193
2025-05-14,A,M305,CSB-316,344,L2,292
2025-05-14,B,M101,BPA-107,344,L2,266
2025-05-14,B,M102,BPA-116,344,L2,241
2025-05-14,B,M103,BPA-102,344,L2,232
2025-05-14,B,M103,BPA-109,311,L1,244
2025-05-14,B,M104,BPA-106,311,L1,305
2025-05-14,B,M105,BPA-103,494,L3,181
2025-05-14,B,M105,BPA-106,311,L1,265
2025-05-14,B,M106,BPA-100,311,L1,244
2025-05-14,B,M106,BPA-106,494,L3,208
2025-05-14,B,M107,BPA-106,494,L3,229
2025-05-14,B,M107,BPA-111,494,L3,280
2025-05-14,B,M201,EMB-201,311,L1,360
2025-05-14,B,M202,EMB-203,311,L1,303
2025-05-14,B,M203,EMB-205,494,L3,497
2025-05-14,B,M204,EMB-202,344,L2,317
2025-05-14,B,M205,EMB-209,494,L3,252
2025-05-14,B,M206,EMB-209,344,L2,271
2025-05-14,B,M206,EMB-212,344,L2,229
2025-05-14,B,M301,CSB-311,494,L3,193
2025-05-14,B,M301,CSB-313,494,L3,441
2025-05-14,B,M302,CSB-306,494,L3,320
2025-05-14,B,M302,CSB-308,311,L1,460
2025-05-14,B,M303,CSB-303,344,L2,274
2025-05-14,B,M303,CSB-305,311,L1,317
2025-05-14,B,M304,CSB-300,311,L1,412
2025-05-14,B,M304,CSB-314,494,L3,202
2025-05-14,B,M305,CSB-309,311,L1,407
2025-05-14,C,M101,BPA-101,494,L3,0
2025-05-14,C,M102,BPA-105,344,L2,0
2025-05-14,C,M102,BPA-107,494,L3,0
2025-05-14,C,M103,BPA-112,311,L1,0
2025-05-14,C,M104,BPA-117,311,L1,0
2025-05-14,C,M105,BPA-110,494,L3,0
2025-05-14,C,M106,BPA-108,494,L3,0
2025-05-14,C,M106,BPA-110,311,L1,0
2025-05-14,C,M107,BPA-112,344,L2,0
2025-05-14,C,M107,BPA-113,344,L2,0
2025-05-14,C,M201,EMB-218,494,L3,0
2025-05-14,C,M202,EMB-213,344,L2,0
2025-05-14,C,M203,EMB-214,311,L1,0
2025-05-14,C,M204,EMB-202,494,L3,0
2025-05-14,C,M204,EMB-211,311,L1,0
2025-05-14,C,M205,EMB-215,311,L1,0
2025-05-14,C,M206,EMB-202,344,L2,0
2025-05-14,C,M301,CSB-306,494,L3,0
2025-05-14,C,M301,CSB-317,494,L3,0
2025-05-14,C,M302,CSB-303,344,L2,0
2025-05-14,C,M302,CSB-316,311,L1,0
2025-05-14,C,M303,CSB-304,311,L1,0
2025-05-14,C,M303,CSB-311,311,L1,0
2025-05-14,C,M304,CSB-301,311,L1,0
2025-05-14,C,M305,CSB-307,494,L3,0
2025-05-15,A,M101,BPA-101,494,L3,261
2025-05-15,A,M101,BPA-114,344,L2,241
2025-05-15,A,M102,BPA-106,344,L2,225
2025-05-15,A,M103,BPA-103,494,L3,179
2025-05-15,A,M103,BPA-115,494,L3,288
2025-05-15,A,M104,BPA-100,311,L1,352
2025-05-15,A,M104,BPA-113,311,L1,300
2025-05-15,A,M105,BPA-102,344,L2,241
2025-05-15,A,M105,BPA-106,494,L3,204
2025-05-15,A,M106,BPA-105,344,L2,351
2025-05-15,A,M107,BPA-108,494,L3,176
2025-05-15,A,M107,BPA-109,311,L1,317
2025-05-15,A,M201,EMB-204,344,L2,209
2025-05-15,A,M201,EMB-206,344,L2,389
2025-05-15,A,M202,EMB-210,494,L3,192
2025-05-15,A,M203,EMB-201,311,L1,491
2025-05-15,A,M204,EMB-216,344,L2,239
2025-05-15,A,M204,EMB-217,311,L1,280
2025-05-15,A,M205,EMB-201,344,L2,355
2025-05-15,A,M205,EMB-202,311,L1,370
2025-05-15,A,M206,EMB-211,494,L3,254
2025-05-15,A,M301,CSB-307,344,L2,259
2025-05-15,A,M302,CSB-303,344,L2,394
2025-05-15,A,M302,CSB-315,311,L1,522
2025-05-15,A,M303,CSB-307,311,L1,396
2025-05-15,A,M304,CSB-304,344,L2,313
2025-05-15,A,M304,CSB-319,494,L3,312
2025-05-15,A,M305,CSB-307,311,L1,294
2025-05-15,B,M101,BPA-108,311,L1,330
2025-05-15,B,M101,BPA-114,311,L1,332
2025-05-15,B,M102,BPA-108,344,L2,282
2025-05-15,B,M103,BPA-104,344,L2,319
2025-05-15,B,M103,BPA-114,344,L2,224
2025-05-15,B,M104,BPA-104,344,L2,506
2025-05-15,B,M105,BPA-100,494,L3,209
2025-05-15,B,M105,BPA-110,494,L3,282
2025-05-15,B,M106,BPA-101,344,L2,307
2025-05-15,B,M106,BPA-103,494,L3,163
2025-05-15,B,M107,BPA-100,311,L1,280
2025-05-15,B,M107,BPA-119,311,L1,311
2025-05-15,B,M201,EMB-205,311,L1,387
2025-05-15,B,M202,EMB-204,344,L2,207
2025-05-15,B,M202,EMB-210,311,L1,307
2025-05-15,B,M203,EMB-214,494,L3,238
2025-05-15,B,M204,EMB-212,344,L2,265
2025-05-15,B,M204,EMB-216,494,L3,170
2025-05-15,B,M205,EMB-214,311,L1,455
2025-05-15,B,M205,EMB-219,311,L1,249
2025-05-15,B,M206,EMB-204,311,L1,283
2025-05-15,B,M206,EMB-207,344,L2,288
2025-05-15,B,M301,CSB-310,494,L3,345
2025-05-15,B,M301,CSB-318,344,L2,364
2025-05-15,B,M302,CSB-316,344,L2,259
2025-05-15,B,M302,CSB-318,311,L1,519
2025-05-15,B,M303,CSB-313,344,L2,422
2025-05-15,B,M304,CSB-305,344,L2,241
2025-05-15,B,M304,CSB-307,311,L1,376
2025-05-15,B,M305,CSB-311,344,L2,257
2025-05-15,C,M101,BPA-112,311,L1,0
2025-05-15,C,M102,BPA-101,311,L1,0
2025-05-15,C,M102,BPA-103,311,L1,0
2025-05-15,C,M103,BPA-119,311,L1,0
2025-05-15,C,M104,BPA-104,344,L2,0
2025-05-15,C,M104,BPA-117,311,L1,0
2025-05-15,C,M105,BPA-101,311,L1,0
2025-05-15,C,M106,BPA-100,344,L2,0
2025-05-15,C,M106,BPA-113,344,L2,0
2025-05-15,C,M107,BPA-104,494,L3,0
2025-05-15,C,M201,EMB-211,344,L2,0
2025-05-15,C,M201,EMB-215,344,L2,0
2025-05-15,C,M202,EMB-200,494,L3,0
2025-05-15,C,M203,EMB-214,344,L2,0
2025-05-15,C,M203,EMB-218,344,L2,0
2025-05-15,C,M204,EMB-200,344,L2,0
2025-05-15,C,M204,EMB-214,344,L2,0
2025-05-15,C,M205,EMB-200,494,L3,0
2025-05-15,C,M205,EMB-219,344,L2,0
2025-05-15,C,M206,EMB-201,344,L2,0
2025-05-15,C,M206,EMB-202,494,L3,0
2025-05-15,C,M301,CSB-316,311,L1,0
2025-05-15,C,M302,CSB-317,494,L3,0
2025-05-15,C,M302,CSB-318,311,L1,0
2025-05-15,C,M303,CSB-315,494,L3,0
2025-05-15,C,M303,CSB-317,494,L3,0
2025-05-15,C,M304,CSB-303,344,L2,0
2025-05-15,C,M304,CSB-310,311,L1,0
2025-05-15,C,M305,CSB-311,344,L2,0
2025-05-15,C,M305,CSB-318,311,L1,0
2025-05-16,A,M101,BPA-102,494,L3,170
2025-05-16,A,M102,BPA-101,494,L3,312
2025-05-16,A,M103,BPA-115,311,L1,494
2025-05-16,A,M104,BPA-102,344,L2,289
2025-05-16,A,M105,BPA-116,344,L2,248
2025-05-16,A,M105,BPA-118,344,L2,232
2025-05-16,A,M106,BPA-102,344,L2,246
2025-05-16,A,M107,BPA-115,494,L3,337
2025-05-16,A,M107,BPA-119,494,L3,163
2025-05-16,A,M201,EMB-203,494,L3,207
2025-05-16,A,M202,EMB-206,494,L3,292
2025-05-16,A,M203,EMB-209,494,L3,250
2025-05-16,A,M204,EMB-215,344,L2,194
2025-05-16,A,M204,EMB-219,344,L2,206
2025-05-16,A,M205,EMB-206,344,L2,363
2025-05-16,A,M205,EMB-210,344,L2,207
2025-05-16,A,M206,EMB-200,494,L3,405
2025-05-16,A,M301,CSB-310,494,L3,306
2025-05-16,A,M302,CSB-309,494,L3,295
2025-05-16,A,M302,CSB-313,311,L1,539
2025-05-16,A,M303,CSB-306,344,L2,306
2025-05-16,A,M303,CSB-311,344,L2,230
2025-05-16,A,M304,CSB-311,494,L3,175
2025-05-16,A,M305,CSB-303,344,L2,330
2025-05-16,B,M101,BPA-107,344,L2,340
2025-05-16,B,M101,BPA-112,494,L3,257
2025-05-16,B,M102,BPA-100,311,L1,359
2025-05-16,B,M102,BPA-107,311,L1,348
2025-05-16,B,M103,BPA-106,311,L1,272
2025-05-16,B,M104,BPA-105,494,L3,225
2025-05-16,B,M104,BPA-107,344,L2,323
2025-05-16,B,M105,BPA-112,494,L3,294
2025-05-16,B,M106,BPA-119,494,L3,201
2025-05-16,B,M107,BPA-105,344,L2,358
2025-05-16,B,M201,EMB-211,311,L1,507
2025-05-16,B,M201,EMB-219,311,L1,254
2025-05-16,B,M202,EMB-201,494,L3,311
2025-05-16,B,M203,EMB-210,311,L1,259
2025-05-16,B,M204,EMB-205,494,L3,247
2025-05-16,B,M205,EMB-211,494,L3,302
2025-05-16,B,M206,EMB-202,344,L2,259
2025-05-16,B,M206,EMB-208,344,L2,262
2025-05-16,B,M301,CSB-305,344,L2,233
2025-05-16,B,M302,CSB-304,494,L3,325
2025-05-16,B,M303,CSB-305,344,L2,268
2025-05-16,B,M304,CSB-303,311,L1,365
2025-05-16,B,M304,CSB-319,311,L1,580
2025-05-16,B,M305,CSB-302,494,L3,318
2025-05-16,C,M101,BPA-101,494,L3,0
2025-05-16,C,M102,BPA-103,344,L2,0
2025-05-16,C,M103,BPA-112,494,L3,1
2025-05-16,C,M104,BPA-112,494,L3,0
2025-05-16,C,M105,BPA-108,311,L1,0
2025-05-16,C,M105,BPA-113,311,L1,0
2025-05-16,C,M106,BPA-109,344,L2,0
2025-05-16,C,M106,BPA-118,494,L3,0
2025-05-16,C,M107,BPA-111,494,L3,0
2025-05-16,C,M107,BPA-117,311,L1,0
2025-05-16,C,M201,EMB-203,494,L3,0
2025-05-16,C,M202,EMB-219,311,L1,0
2025-05-16,C,M203,EMB-206,344,L2,0
2025-05-16,C,M203,EMB-216,311,L1,0
2025-05-16,C,M204,EMB-202,494,L3,0
2025-05-16,C,M204,EMB-210,344,L2,0
2025-05-16,C,M205,EMB-214,311,L1,0
2025-05-16,C,M206,EMB-214,311,L1,0
2025-05-16,C,M301,CSB-301,344,L2,0
2025-05-16,C,M301,CSB-313,344,L2,0
2025-05-16,C,M302,CSB-314,311,L1,0
2025-05-16,C,M303,CSB-310,494,L3,0
2025-05-16,C,M304,CSB-302,311,L1,0
2025-05-16,C,M305,CSB-302,344,L2,0
2025-05-17,A,M101,BPA-112,311,L1,438
2025-05-17,A,M102,BPA-116,344,L2,223
2025-05-17,A,M103,BPA-112,344,L2,291
2025-05-17,A,M104,BPA-119,494,L3,346
2025-05-17,A,M105,BPA-101,344,L2,424
2025-05-17,A,M106,BPA-108,344,L2,219
2025-05-17,A,M107,BPA-117,494,L3,279
2025-05-17,A,M201,EMB-209,344,L2,357
2025-05-17,A,M201,EMB-218,494,L3,186
2025-05-17,A,M202,EMB-205,494,L3,220
2025-05-17,A,M202,EMB-216,344,L2,288
2025-05-17,A,M203,EMB-202,344,L2,322
2025-05-17,A,M203,EMB-218,311,L1,267
2025-05-17,A,M204,EMB-206,494,L3,388
2025-05-17,A,M204,EMB-214,311,L1,353
2025-05-17,A,M205,EMB-207,344,L2,300
2025-05-17,A,M206,EMB-217,311,L1,280
2025-05-17,A,M206,EMB-218,494,L3,167
2025-05-17,A,M301,CSB-317,311,L1,289
2025-05-17,A,M302,CSB-319,494,L3,318
2025-05-17,A,M303,CSB-305,344,L2,269
2025-05-17,A,M304,CSB-302,344,L2,462
2025-05-17,A,M304,CSB-314,494,L3,206
2025-05-17,A,M305,CSB-304,344,L2,262
2025-05-17,A,M305,CSB-305,344,L2,277
2025-05-17,B,M101,BPA-107,344,L2,341
2025-05-17,B,M101,BPA-112,344,L2,316
2025-05-17,B,M102,BPA-101,494,L3,316
2025-05-17,B,M102,BPA-104,311,L1,327
2025-05-17,B,M103,BPA-115,311,L1,471
2025-05-17,B,M103,BPA-119,344,L2,218
2025-05-17,B,M104,BPA-112,311,L1,363
2025-05-17,B,M104,BPA-118,311,L1,263
2025-05-17,B,M105,BPA-101,344,L2,359
2025-05-17,B,M106,BPA-101,344,L2,366
2025-05-17,B,M106,BPA-102,311,L1,268
2025-05-17,B,M107,BPA-105,494,L3,232
2025-05-17,B,M107,BPA-117,344,L2,427
2025-05-17,B,M201,EMB-213,494,L3,225
2025-05-17,B,M202,EMB-215,311,L1,253
2025-05-17,B,M203,EMB-217,344,L2,219
2025-05-17,B,M204,EMB-207,494,L3,298
2025-05-17,B,M204,EMB-212,344,L2,289
2025-05-17,B,M205,EMB-200,311,L1,315
2025-05-17,B,M205,EMB-202,494,L3,209
2025-05-17,B,M206,EMB-213,311,L1,349
2025-05-17,B,M301,CSB-307,311,L1,345
2025-05-17,B,M302,CSB-300,344,L2,396
2025-05-17,B,M303,CSB-302,494,L3,340
2025-05-17,B,M303,CSB-316,311,L1,270
2025-05-17,B,M304,CSB-306,311,L1,399
2025-05-17,B,M304,CSB-312,494,L3,210
2025-05-17,B,M305,CSB-304,311,L1,802
2025-05-17,C,M101,BPA-103,311,L1,0
2025-05-17,C,M102,BPA-117,494,L3,0
2025-05-17,C,M103,BPA-108,494,L3,0
2025-05-17,C,M104,BPA-105,494,L3,0
2025-05-17,C,M105,BPA-104,494,L3,0
2025-05-17,C,M105,BPA-116,344,L2,0
2025-05-17,C,M106,BPA-100,494,L3,0
2025-05-17,C,M107,BPA-117,344,L2,0
2025-05-17,C,M201,EMB-213,344,L2,0
2025-05-17,C,M202,EMB-215,344,L2,0
2025-05-17,C,M203,EMB-207,311,L1,0
2025-05-17,C,M203,EMB-218,344,L2,0
2025-05-17,C,M204,EMB-204,344,L2,0
2025-05-17,C,M205,EMB-207,311,L1,0
2025-05-17,C,M206,EMB-202,311,L1,0
2025-05-17,C,M301,CSB-308,311,L1,0
2025-05-17,C,M302,CSB-306,494,L3,0
2025-05-17,C,M302,CSB-316,311,L1,0
2025-05-17,C,M303,CSB-303,311,L1,0
2025-05-17,C,M304,CSB-306,344,L2,0
2025-05-17,C,M305,CSB-308,311,L1,0
2025-05-17,C,M305,CSB-315,494,L3,0
2025-05-18,A,M101,BPA-110,311,L1,390
2025-05-18,A,M102,BPA-107,494,L3,301
2025-05-18,A,M102,BPA-118,311,L1,275
2025-05-18,A,M103,BPA-100,311,L1,289
2025-05-18,A,M103,BPA-117,311,L1,530
2025-05-18,A,M104,BPA-100,311,L1,285
2025-05-18,A,M105,BPA-103,494,L3,142
2025-05-18,A,M106,BPA-114,494,L3,206
2025-05-18,A,M107,BPA-118,344,L2,206
2025-05-18,A,M201,EMB-215,494,L3,208
2025-05-18,A,M202,EMB-203,311,L1,225
2025-05-18,A,M202,EMB-219,344,L2,223
2025-05-18,A,M203,EMB-213,344,L2,255
2025-05-18,A,M204,EMB-213,344,L2,307
2025-05-18,A,M205,EMB-203,311,L1,228
2025-05-18,A,M205,EMB-218,494,L3,181
2025-05-18,A,M206,EMB-215,311,L1,289
2025-05-18,A,M301,CSB-302,344,L2,509
2025-05-18,A,M301,CSB-303,311,L1,413
2025-05-18,A,M302,CSB-307,311,L1,356
2025-05-18,A,M303,CSB-302,494,L3,323
2025-05-18,A,M303,CSB-315,494,L3,302
2025-05-18,A,M304,CSB-308,344,L2,398
2025-05-18,A,M305,CSB-309,311,L1,381
2025-05-18,B,M101,BPA-104,311,L1,430
2025-05-18,B,M101,BPA-108,494,L3,208
2025-05-18,B,M102,BPA-109,311,L1,259
2025-05-18,B,M102,BPA-118,311,L1,270
2025-05-18,B,M103,BPA-110,311,L1,422
2025-05-18,B,M104,BPA-109,494,L3,199
2025-05-18,B,M104,BPA-117,344,L2,360
2025-05-18,B,M105,BPA-100,344,L2,193
2025-05-18,B,M106,BPA-107,311,L1,414
2025-05-18,B,M106,BPA-118,344,L2,218
2025-05-18,B,M107,BPA-115,494,L3,290
2025-05-18,B,M201,EMB-201,494,L3,276
2025-05-18,B,M202,EMB-219,344,L2,229
2025-05-18,B,M203,EMB-219,344,L2,249
2025-05-18,B,M204,EMB-214,311,L1,380
2025-05-18,B,M205,EMB-216,344,L2,232
2025-05-18,B,M206,EMB-211,311,L1,536
2025-05-18,B,M301,CSB-301,311,L1,341
2025-05-18,B,M301,CSB-313,494,L3,380
2025-05-18,B,M302,CSB-312,494,L3,212
2025-05-18,B,M303,CSB-304,494,L3,279
2025-05-18,B,M304,CSB-310,494,L3,239
2025-05-18,B,M305,CSB-310,344,L2,364
2025-05-18,C,M101,BPA-114,494,L3,0
2025-05-18,C,M101,BPA-118,344,L2,0
2025-05-18,C,M102,BPA-115,494,L3,0
2025-05-18,C,M102,BPA-117,344,L2,0
2025-05-18,C,M103,BPA-106,311,L1,0
2025-05-18,C,M104,BPA-105,344,L2,0
2025-05-18,C,M104,BPA-116,344,L2,0
2025-05-18,C,M105,BPA-112,494,L3,0
2025-05-18,C,M106,BPA-114,344,L2,0
2025-05-18,C,M107,BPA-109,311,L1,0
2025-05-18,C,M201,EMB-218,311,L1,0
2025-05-18,C,M202,EMB-219,494,L3,0
2025-05-18,C,M203,EMB-218,311,L1,0
2025-05-18,C,M204,EMB-202,344,L2,0
2025-05-18,C,M204,EMB-214,311,L1,0
2025-05-18,C,M205,EMB-204,494,L3,0
2025-05-18,C,M206,EMB-207,344,L2,0
2025-05-18,C,M206,EMB-216,494,L3,0
2025-05-18,C,M301,CSB-300,344,L2,0
2025-05-18,C,M301,CSB-309,311,L1,0
2025-05-18,C,M302,CSB-313,494,L3,0
2025-05-18,C,M303,CSB-307,494,L3,0
2025-05-18,C,M304,CSB-312,344,L2,0
2025-05-18,C,M304,CSB-319,494,L3,0
2025-05-18,C,M305,CSB-303,344,L2,0
2025-05-19,A,M101,BPA-102,344,L2,205
2025-05-19,A,M102,BPA-101,344,L2,337
2025-05-19,A,M103,BPA-102,344,L2,215
2025-05-19,A,M104,BPA-109,311,L1,289
2025-05-19,A,M105,BPA-110,344,L2,365
2025-05-19,A,M105,BPA-111,494,L3,271
2025-05-19,A,M106,BPA-117,311,L1,443
2025-05-19,A,M107,BPA-106,494,L3,223
2025-05-19,A,M107,BPA-110,311,L1,546
2025-05-19,A,M201,EMB-209,344,L2,296
2025-05-19,A,M202,EMB-215,311,L1,246
2025-05-19,A,M202,EMB-218,311,L1,240
2025-05-19,A,M203,EMB-210,494,L3,188
2025-05-19,A,M204,EMB-204,494,L3,188
2025-05-19,A,M205,EMB-205,344,L2,255
2025-05-19,A,M206,EMB-206,311,L1,522
2025-05-19,A,M206,EMB-217,311,L1,285
2025-05-19,A,M301,CSB-310,311,L1,1007
2025-05-19,A,M302,CSB-312,344,L2,220
2025-05-19,A,M303,CSB-305,344,L2,223
2025-05-19,A,M304,CSB-303,344,L2,372
2025-05-19,A,M304,CSB-305,344,L2,248
2025-05-19,A,M305,CSB-301,344,L2,273
2025-05-19,A,M305,CSB-310,494,L3,283
2025-05-19,B,M101,BPA-106,311,L1,289
2025-05-19,B,M102,BPA-105,311,L1,438
2025-05-19,B,M103,BPA-100,311,L1,367
2025-05-19,B,M103,BPA-104,311,L1,314
2025-05-19,B,M104,BPA-100,311,L1,289
2025-05-19,B,M104,BPA-101,311,L1,476
2025-05-19,B,M105,BPA-100,311,L1,265
2025-05-19,B,M106,BPA-106,311,L1,305
2025-05-19,B,M107,BPA-111,494,L3,240
2025-05-19,B,M201,EMB-205,311,L1,453
2025-05-19,B,M201,EMB-215,494,L3,183
2025-05-19,B,M202,EMB-215,344,L2,209
2025-05-19,B,M202,EMB-219,311,L1,300
2025-05-19,B,M203,EMB-207,344,L2,303
2025-05-19,B,M203,EMB-219,344,L2,218
2025-05-19,B,M204,EMB-210,344,L2,218
2025-05-19,B,M205,EMB-210,494,L3,186
2025-05-19,B,M206,EMB-217,344,L2,208
2025-05-19,B,M301,CSB-318,344,L2,447
2025-05-19,B,M302,CSB-312,344,L2,246
2025-05-19,B,M303,CSB-311,311,L1,302
2025-05-19,B,M304,CSB-300,311,L1,470
2025-05-19,B,M304,CSB-310,494,L3,240
2025-05-19,B,M305,CSB-301,494,L3,181
2025-05-19,B,M305,CSB-319,311,L1,464
2025-05-19,C,M101,BPA-107,494,L3,0
2025-05-19,C,M101,BPA-116,311,L1,0
2025-05-19,C,M102,BPA-119,344,L2,0
2025-05-19,C,M103,BPA-101,344,L2,0
2025-05-19,C,M104,BPA-116,494,L3,0
2025-05-19,C,M105,BPA-104,311,L1,0
2025-05-19,C,M105,BPA-112,311,L1,0
2025-05-19,C,M106,BPA-112,494,L3,0
2025-05-19,C,M107,BPA-101,311,L1,0
2025-05-19,C,M201,EMB-205,344,L2,0
2025-05-19,C,M201,EMB-218,494,L3,0
2025-05-19,C,M202,EMB-203,494,L3,0
2025-05-19,C,M203,EMB-206,311,L1,0
2025-05-19,C,M204,EMB-204,494,L3,0
2025-05-19,C,M204,EMB-208,311,L1,0
2025-05-19,C,M205,EMB-211,311,L1,0
2025-05-19,C,M206,EMB-206,311,L1,0
2025-05-19,C,M301,CSB-300,311,L1,0
2025-05-19,C,M301,CSB-313,311,L1,0
2025-05-19,C,M302,CSB-301,494,L3,0
2025-05-19,C,M302,CSB-311,344,L2,0
2025-05-19,C,M303,CSB-315,344,L2,0
2025-05-19,C,M304,CSB-308,494,L3,1
2025-05-19,C,M305,CSB-315,494,L3,0
2025-05-20,A,M101,BPA-103,344,L2,235
2025-05-20,A,M101,BPA-106,344,L2,253
2025-05-20,A,M102,BPA-108,344,L2,265
2025-05-20,A,M102,BPA-109,344,L2,219
2025-05-20,A,M103,BPA-118,344,L2,226
2025-05-20,A,M104,BPA-104,311,L1,340
2025-05-20,A,M104,BPA-113,494,L3,184
2025-05-20,A,M105,BPA-110,311,L1,390
2025-05-20,A,M105,BPA-112,344,L2,307
2025-05-20,A,M106,BPA-103,344,L2,266
2025-05-20,A,M106,BPA-110,344,L2,328
2025-05-20,A,M107,BPA-102,311,L1,320
2025-05-20,A,M107,BPA-111,311,L1,496
2025-05-20,A,M201,EMB-211,344,L2,360
2025-05-20,A,M202,EMB-219,311,L1,272
2025-05-20,A,M203,EMB-214,311,L1,320
2025-05-20,A,M203,EMB-216,344,L2,271
2025-05-20,A,M204,EMB-216,311,L1,275
2025-05-20,A,M205,EMB-217,494,L3,177
2025-05-20,A,M205,EMB-219,494,L3,155
2025-05-20,A,M206,EMB-219,494,L3,196
2025-05-20,A,M301,CSB-318,494,L3,309
2025-05-20,A,M302,CSB-302,344,L2,379
2025-05-20,A,M303,CSB-305,344,L2,262
2025-05-20,A,M303,CSB-309,344,L2,411
2025-05-20,A,M304,CSB-311,494,L3,236
2025-05-20,A,M305,CSB-308,494,L3,354
2025-05-20,A,M305,CSB-319,311,L1,438
2025-05-20,B,M101,BPA-107,311,L1,400
2025-05-20,B,M101,BPA-115,494,L3,271
2025-05-20,B,M102,BPA-110,494,L3,304
2025-05-20,B,M102,BPA-118,494,L3,166
2025-05-20,B,M103,BPA-100,494,L3,201
2025-05-20,B,M104,BPA-114,311,L1,342
2025-05-20,B,M105,BPA-103,494,L3,178
2025-05-20,B,M105,BPA-109,311,L1,354
2025-05-20,B,M106,BPA-102,494,L3,216
2025-05-20,B,M106,BPA-115,494,L3,324
2025-05-20,B,M107,BPA-102,494,L3,239
2025-05-20,B,M107,BPA-114,311,L1,314
2025-05-20,B,M201,EMB-205,311,L1,355
2025-05-20,B,M202,EMB-209,344,L2,282
2025-05-20,B,M203,EMB-206,494,L3,292
2025-05-20,B,M204,EMB-202,344,L2,271
2025-05-20,B,M205,EMB-210,344,L2,245
2025-05-20,B,M205,EMB-212,311,L1,275
2025-05-20,B,M206,EMB-201,311,L1,445
2025-05-20,B,M206,EMB-210,344,L2,227
2025-05-20,B,M301,CSB-304,494,L3,286
2025-05-20,B,M301,CSB-310,311,L1,454
2025-05-20,B,M302,CSB-314,494,L3,235
2025-05-20,B,M302,CSB-315,494,L3,303
2025-05-20,B,M303,CSB-303,344,L2,309
2025-05-20,B,M303,CSB-311,344,L2,218
2025-05-20,B,M304,CSB-309,344,L2,355
2025-05-20,B,M304,CSB-315,344,L2,389
2025-05-20,B,M305,CSB-314,311,L1,407
2025-05-20,C,M101,BPA-101,311,L1,0
2025-05-20,C,M102,BPA-100,344,L2,0
2025-05-20,C,M102,BPA-110,311,L1,0
2025-05-20,C,M103,BPA-108,344,L2,0
2025-05-20,C,M103,BPA-114,494,L3,0
2025-05-20,C,M104,BPA-103,494,L3,0
2025-05-20,C,M104,BPA-109,494,L3,0
2025-05-20,C,M105,BPA-108,344,L2,0
2025-05-20,C,M106,BPA-106,494,L3,0
2025-05-20,C,M106,BPA-113,311,L1,0
2025-05-20,C,M107,BPA-106,494,L3,0
2025-05-20,C,M201,EMB-200,494,L3,0
2025-05-20,C,M202,EMB-205,494,L3,0
2025-05-20,C,M203,EMB-200,311,L1,0
2025-05-20,C,M204,EMB-208,344,L2,0
2025-05-20,C,M205,EMB-206,311,L1,0
2025-05-20,C,M206,EMB-204,344,L2,0
2025-05-20,C,M301,CSB-301,344,L2,0
2025-05-20,C,M301,CSB-319,494,L3,0
2025-05-20,C,M302,CSB-305,344,L2,0
2025-05-20,C,M302,CSB-314,311,L1,0
2025-05-20,C,M303,CSB-318,311,L1,0
2025-05-20,C,M304,CSB-318,344,L2,0
2025-05-20,C,M305,CSB-302,494,L3,0
2025-05-20,C,M305,CSB-310,494,L3,0
