DefectID,ProductionID,NOKCategoryID,Count
DEF-00001,PRD-00001,5,1
DEF-00002,PRD-00002,3,2
DEF-00003,PRD-00003,14,4
DEF-00004,PRD-00003,8,4
DEF-00005,PRD-00004,12,2
DEF-00006,PRD-00005,11,2
DEF-00007,PRD-00006,4,5
DEF-00008,PRD-00006,3,2
DEF-00009,PRD-00007,2,1
DEF-00010,PRD-00007,8,1
DEF-00011,PRD-00008,14,1
DEF-00012,PRD-00009,1,5
DEF-00013,PRD-00009,13,1
DEF-00014,PRD-00010,7,2
DEF-00015,PRD-00010,8,5
DEF-00016,PRD-00011,13,1
DEF-00017,PRD-00013,14,5
DEF-00018,PRD-00014,8,2
DEF-00019,PRD-00014,10,1
DEF-00020,PRD-00015,8,2
DEF-00021,PRD-00015,6,4
DEF-00022,PRD-00015,11,1
DEF-00023,PRD-00016,11,1
DEF-00024,PRD-00016,4,1
DEF-00025,PRD-00017,9,2
DEF-00026,PRD-00017,11,1
DEF-00027,PRD-00017,5,1
DEF-00028,PRD-00018,1,1
DEF-00029,PRD-00019,12,3
DEF-00030,PRD-00019,13,4
DEF-00031,PRD-00020,2,2
DEF-00032,PRD-00020,6,1
DEF-00033,PRD-00021,12,3
DEF-00034,PRD-00021,2,3
DEF-00035,PRD-00021,9,5
DEF-00036,PRD-00022,9,2
DEF-00037,PRD-00023,9,2
DEF-00038,PRD-00024,2,1
DEF-00039,PRD-00025,6,1
DEF-00040,PRD-00025,11,2
DEF-00041,PRD-00026,6,1
DEF-00042,PRD-00026,5,1
DEF-00043,PRD-00027,2,5
DEF-00044,PRD-00028,11,1
DEF-00045,PRD-00029,10,2
DEF-00046,PRD-00029,3,2
DEF-00047,PRD-00030,1,5
DEF-00048,PRD-00031,9,4
DEF-00049,PRD-00031,12,4
DEF-00050,PRD-00032,12,1
DEF-00051,PRD-00032,7,2
DEF-00052,PRD-00033,11,5
DEF-00053,PRD-00033,5,1
DEF-00054,PRD-00033,7,5
DEF-00055,PRD-00034,11,1
DEF-00056,PRD-00035,11,2
DEF-00057,PRD-00036,2,2
DEF-00058,PRD-00036,8,3
DEF-00059,PRD-00036,12,1
DEF-00060,PRD-00037,8,4
DEF-00061,PRD-00037,3,2
DEF-00062,PRD-00037,8,3
DEF-00063,PRD-00038,8,3
DEF-00064,PRD-00039,13,1
DEF-00065,PRD-00040,14,1
DEF-00066,PRD-00040,7,1
DEF-00067,PRD-00040,10,1
DEF-00068,PRD-00042,1,4
DEF-00069,PRD-00042,15,4
DEF-00070,PRD-00043,7,1
DEF-00071,PRD-00044,1,1
DEF-00072,PRD-00045,11,1
DEF-00073,PRD-00045,9,2
DEF-00074,PRD-00046,13,1
DEF-00075,PRD-00046,4,4
DEF-00076,PRD-00046,12,1
DEF-00077,PRD-00048,14,1
DEF-00078,PRD-00048,11,1
DEF-00079,PRD-00048,7,2
DEF-00080,PRD-00049,13,3
DEF-00081,PRD-00049,13,1
DEF-00082,PRD-00050,15,1
DEF-00083,PRD-00051,10,5
DEF-00084,PRD-00051,3,3
DEF-00085,PRD-00051,3,1
DEF-00086,PRD-00052,2,1
DEF-00087,PRD-00053,12,1
DEF-00088,PRD-00054,1,4
DEF-00089,PRD-00054,13,1
DEF-00090,PRD-00054,9,2
DEF-00091,PRD-00055,1,1
DEF-00092,PRD-00056,10,2
DEF-00093,PRD-00057,13,2
DEF-00094,PRD-00057,8,5
DEF-00095,PRD-00057,11,5
DEF-00096,PRD-00058,9,3
DEF-00097,PRD-00060,4,5
DEF-00098,PRD-00060,10,5
DEF-00099,PRD-00061,13,5
DEF-00100,PRD-00063,13,1
DEF-00101,PRD-00064,8,1
DEF-00102,PRD-00064,14,3
DEF-00103,PRD-00064,10,3
DEF-00104,PRD-00065,12,1
DEF-00105,PRD-00066,12,2
DEF-00106,PRD-00067,5,1
DEF-00107,PRD-00069,5,5
DEF-00108,PRD-00069,10,3
DEF-00109,PRD-00070,15,5
DEF-00110,PRD-00070,1,4
DEF-00111,PRD-00071,15,2
DEF-00112,PRD-00071,13,1
DEF-00113,PRD-00073,10,4
DEF-00114,PRD-00073,4,2
DEF-00115,PRD-00074,13,1
DEF-00116,PRD-00075,14,4
DEF-00117,PRD-00076,7,2
DEF-00118,PRD-00076,10,4
DEF-00119,PRD-00077,10,1
DEF-00120,PRD-00078,7,1
DEF-00121,PRD-00078,1,1
DEF-00122,PRD-00079,10,5
DEF-00123,PRD-00080,15,1
DEF-00124,PRD-00081,2,5
DEF-00125,PRD-00082,6,2
DEF-00126,PRD-00082,12,1
DEF-00127,PRD-00082,8,1
DEF-00128,PRD-00083,5,1
DEF-00129,PRD-00084,6,2
DEF-00130,PRD-00084,10,1
DEF-00131,PRD-00085,12,3
DEF-00132,PRD-00085,1,1
DEF-00133,PRD-00085,5,3
DEF-00134,PRD-00086,8,1
DEF-00135,PRD-00086,6,2
DEF-00136,PRD-00087,6,4
DEF-00137,PRD-00088,6,4
DEF-00138,PRD-00088,10,4
DEF-00139,PRD-00090,1,2
DEF-00140,PRD-00091,13,3
DEF-00141,PRD-00092,13,1
DEF-00142,PRD-00093,15,4
DEF-00143,PRD-00093,12,3
DEF-00144,PRD-00094,6,1
DEF-00145,PRD-00095,14,5
DEF-00146,PRD-00096,2,4
DEF-00147,PRD-00096,12,2
DEF-00148,PRD-00097,10,3
DEF-00149,PRD-00099,3,3
DEF-00150,PRD-00099,1,3
DEF-00151,PRD-00099,12,1
DEF-00152,PRD-00100,2,5
DEF-00153,PRD-00100,4,3
DEF-00154,PRD-00101,12,1
DEF-00155,PRD-00101,8,1
DEF-00156,PRD-00102,1,4
DEF-00157,PRD-00103,14,1
DEF-00158,PRD-00103,13,1
DEF-00159,PRD-00104,5,1
DEF-00160,PRD-00105,15,1
DEF-00161,PRD-00105,4,4
DEF-00162,PRD-00106,3,1
DEF-00163,PRD-00107,11,1
DEF-00164,PRD-00108,14,2
DEF-00165,PRD-00108,14,1
DEF-00166,PRD-00110,13,1
DEF-00167,PRD-00110,13,1
DEF-00168,PRD-00111,12,4
DEF-00169,PRD-00111,14,1
DEF-00170,PRD-00112,15,2
DEF-00171,PRD-00113,3,1
DEF-00172,PRD-00114,7,1
DEF-00173,PRD-00115,9,4
DEF-00174,PRD-00115,15,3
DEF-00175,PRD-00115,1,1
DEF-00176,PRD-00117,6,2
DEF-00177,PRD-00118,11,1
DEF-00178,PRD-00119,3,2
DEF-00179,PRD-00120,15,3
DEF-00180,PRD-00121,9,3
DEF-00181,PRD-00121,1,2
DEF-00182,PRD-00122,13,1
DEF-00183,PRD-00122,15,1
DEF-00184,PRD-00123,3,3
DEF-00185,PRD-00123,1,4
DEF-00186,PRD-00123,10,2
DEF-00187,PRD-00124,11,2
DEF-00188,PRD-00124,13,3
DEF-00189,PRD-00124,9,4
DEF-00190,PRD-00125,4,1
DEF-00191,PRD-00126,14,1
DEF-00192,PRD-00127,1,3
DEF-00193,PRD-00127,4,1
DEF-00194,PRD-00128,2,2
DEF-00195,PRD-00129,6,2
DEF-00196,PRD-00129,13,2
DEF-00197,PRD-00130,6,2
DEF-00198,PRD-00130,8,3
DEF-00199,PRD-00130,11,1
DEF-00200,PRD-00131,13,4
DEF-00201,PRD-00132,9,2
DEF-00202,PRD-00134,5,2
DEF-00203,PRD-00135,4,4
DEF-00204,PRD-00135,10,4
DEF-00205,PRD-00135,11,2
DEF-00206,PRD-00136,12,3
DEF-00207,PRD-00137,4,2
DEF-00208,PRD-00138,15,3
DEF-00209,PRD-00138,12,2
DEF-00210,PRD-00139,1,2
DEF-00211,PRD-00139,6,2
DEF-00212,PRD-00140,10,1
DEF-00213,PRD-00141,6,2
DEF-00214,PRD-00142,5,5
DEF-00215,PRD-00142,7,4
DEF-00216,PRD-00144,3,2
DEF-00217,PRD-00145,7,3
DEF-00218,PRD-00146,11,2
DEF-00219,PRD-00147,3,2
DEF-00220,PRD-00147,12,4
DEF-00221,PRD-00147,5,2
DEF-00222,PRD-00148,8,3
DEF-00223,PRD-00150,15,5
DEF-00224,PRD-00150,15,4
DEF-00225,PRD-00151,9,2
DEF-00226,PRD-00151,6,2
DEF-00227,PRD-00152,8,3
DEF-00228,PRD-00153,9,5
DEF-00229,PRD-00154,4,3
DEF-00230,PRD-00155,14,2
DEF-00231,PRD-00156,15,1
DEF-00232,PRD-00157,5,5
DEF-00233,PRD-00157,9,1
DEF-00234,PRD-00158,13,1
DEF-00235,PRD-00158,1,4
DEF-00236,PRD-00159,5,2
DEF-00237,PRD-00159,5,5
DEF-00238,PRD-00160,3,4
DEF-00239,PRD-00161,2,1
DEF-00240,PRD-00161,11,1
DEF-00241,PRD-00162,15,1
DEF-00242,PRD-00162,12,2
DEF-00243,PRD-00163,12,4
DEF-00244,PRD-00165,5,5
DEF-00245,PRD-00166,14,1
DEF-00246,PRD-00167,13,1
DEF-00247,PRD-00168,5,1
DEF-00248,PRD-00168,9,3
DEF-00249,PRD-00168,9,2
DEF-00250,PRD-00169,15,5
DEF-00251,PRD-00171,5,3
DEF-00252,PRD-00171,3,4
DEF-00253,PRD-00172,5,1
DEF-00254,PRD-00172,1,1
DEF-00255,PRD-00173,15,1
DEF-00256,PRD-00174,11,3
DEF-00257,PRD-00174,6,2
DEF-00258,PRD-00175,9,3
DEF-00259,PRD-00177,14,2
DEF-00260,PRD-00177,10,1
DEF-00261,PRD-00177,11,1
DEF-00262,PRD-00178,6,3
DEF-00263,PRD-00179,10,1
DEF-00264,PRD-00180,15,2
DEF-00265,PRD-00182,15,1
DEF-00266,PRD-00183,8,4
DEF-00267,PRD-00184,3,1
DEF-00268,PRD-00186,5,2
DEF-00269,PRD-00187,8,5
DEF-00270,PRD-00187,5,3
DEF-00271,PRD-00188,13,1
DEF-00272,PRD-00189,14,3
DEF-00273,PRD-00189,13,1
DEF-00274,PRD-00191,9,2
DEF-00275,PRD-00191,4,1
DEF-00276,PRD-00193,14,2
DEF-00277,PRD-00193,14,3
DEF-00278,PRD-00193,6,1
DEF-00279,PRD-00194,14,1
DEF-00280,PRD-00194,7,1
DEF-00281,PRD-00195,6,4
DEF-00282,PRD-00195,3,2
DEF-00283,PRD-00196,12,5
DEF-00284,PRD-00196,4,5
DEF-00285,PRD-00198,4,2
DEF-00286,PRD-00198,10,2
DEF-00287,PRD-00199,7,3
DEF-00288,PRD-00201,3,4
DEF-00289,PRD-00202,11,1
DEF-00290,PRD-00203,7,2
DEF-00291,PRD-00204,1,3
DEF-00292,PRD-00205,3,3
DEF-00293,PRD-00205,13,2
DEF-00294,PRD-00207,2,1
DEF-00295,PRD-00207,2,3
DEF-00296,PRD-00207,7,5
DEF-00297,PRD-00208,5,5
DEF-00298,PRD-00208,2,1
DEF-00299,PRD-00209,1,2
DEF-00300,PRD-00210,8,4
DEF-00301,PRD-00210,2,1
DEF-00302,PRD-00211,7,3
DEF-00303,PRD-00211,14,1
DEF-00304,PRD-00212,11,1
DEF-00305,PRD-00213,12,1
DEF-00306,PRD-00213,5,3
DEF-00307,PRD-00214,2,5
DEF-00308,PRD-00214,3,1
DEF-00309,PRD-00216,1,2
DEF-00310,PRD-00216,14,2
DEF-00311,PRD-00217,9,3
DEF-00312,PRD-00217,13,5
DEF-00313,PRD-00218,10,2
DEF-00314,PRD-00219,14,2
DEF-00315,PRD-00221,9,2
DEF-00316,PRD-00221,2,1
DEF-00317,PRD-00222,3,1
DEF-00318,PRD-00222,1,5
DEF-00319,PRD-00222,4,4
DEF-00320,PRD-00223,13,5
DEF-00321,PRD-00223,1,4
DEF-00322,PRD-00224,11,1
DEF-00323,PRD-00225,2,4
DEF-00324,PRD-00226,9,1
DEF-00325,PRD-00226,11,3
DEF-00326,PRD-00226,1,5
DEF-00327,PRD-00228,5,2
DEF-00328,PRD-00229,10,1
DEF-00329,PRD-00229,10,2
DEF-00330,PRD-00230,4,1
DEF-00331,PRD-00231,1,3
DEF-00332,PRD-00232,13,1
DEF-00333,PRD-00232,10,5
DEF-00334,PRD-00233,6,1
DEF-00335,PRD-00234,10,5
DEF-00336,PRD-00235,10,1
DEF-00337,PRD-00236,6,2
DEF-00338,PRD-00237,10,1
DEF-00339,PRD-00237,15,2
DEF-00340,PRD-00237,4,5
DEF-00341,PRD-00238,11,5
DEF-00342,PRD-00238,12,4
DEF-00343,PRD-00239,2,1
DEF-00344,PRD-00240,4,5
DEF-00345,PRD-00241,1,3
DEF-00346,PRD-00242,14,1
DEF-00347,PRD-00242,14,1
DEF-00348,PRD-00242,5,1
DEF-00349,PRD-00244,9,1
DEF-00350,PRD-00244,13,3
DEF-00351,PRD-00245,15,1
DEF-00352,PRD-00246,11,3
DEF-00353,PRD-00247,12,1
DEF-00354,PRD-00248,1,2
DEF-00355,PRD-00249,5,4
DEF-00356,PRD-00249,5,3
DEF-00357,PRD-00250,15,1
DEF-00358,PRD-00250,4,1
DEF-00359,PRD-00251,11,1
DEF-00360,PRD-00251,6,1
DEF-00361,PRD-00251,6,1
DEF-00362,PRD-00252,3,5
DEF-00363,PRD-00252,14,2
DEF-00364,PRD-00253,4,2
DEF-00365,PRD-00253,2,3
DEF-00366,PRD-00254,6,1
DEF-00367,PRD-00255,14,1
DEF-00368,PRD-00256,11,1
DEF-00369,PRD-00257,9,1
DEF-00370,PRD-00257,5,1
DEF-00371,PRD-00258,12,1
DEF-00372,PRD-00258,14,4
DEF-00373,PRD-00260,3,1
DEF-00374,PRD-00261,8,1
DEF-00375,PRD-00262,15,1
DEF-00376,PRD-00263,3,2
DEF-00377,PRD-00263,13,1
DEF-00378,PRD-00264,1,4
DEF-00379,PRD-00265,13,3
DEF-00380,PRD-00266,11,1
DEF-00381,PRD-00267,9,4
DEF-00382,PRD-00268,4,4
DEF-00383,PRD-00269,9,2
DEF-00384,PRD-00269,13,3
DEF-00385,PRD-00270,5,3
DEF-00386,PRD-00271,12,2
DEF-00387,PRD-00271,6,2
DEF-00388,PRD-00273,7,5
DEF-00389,PRD-00273,7,3
DEF-00390,PRD-00273,12,2
DEF-00391,PRD-00274,15,2
DEF-00392,PRD-00275,15,1
DEF-00393,PRD-00276,8,2
DEF-00394,PRD-00276,9,1
DEF-00395,PRD-00277,4,3
DEF-00396,PRD-00278,8,3
DEF-00397,PRD-00279,4,3
DEF-00398,PRD-00280,7,1
DEF-00399,PRD-00281,9,2
DEF-00400,PRD-00281,2,1
DEF-00401,PRD-00282,8,2
DEF-00402,PRD-00282,12,2
DEF-00403,PRD-00283,10,1
DEF-00404,PRD-00284,2,1
DEF-00405,PRD-00285,2,5
DEF-00406,PRD-00285,6,3
DEF-00407,PRD-00286,10,2
DEF-00408,PRD-00287,15,1
DEF-00409,PRD-00288,11,2
DEF-00410,PRD-00288,3,3
DEF-00411,PRD-00289,11,2
DEF-00412,PRD-00289,5,2
DEF-00413,PRD-00290,7,1
DEF-00414,PRD-00291,1,5
DEF-00415,PRD-00292,14,5
DEF-00416,PRD-00292,6,3
DEF-00417,PRD-00292,9,5
DEF-00418,PRD-00293,4,3
DEF-00419,PRD-00294,6,2
DEF-00420,PRD-00294,8,2
DEF-00421,PRD-00294,14,2
DEF-00422,PRD-00295,5,2
DEF-00423,PRD-00295,3,3
DEF-00424,PRD-00297,11,1
DEF-00425,PRD-00298,12,1
DEF-00426,PRD-00298,1,4
DEF-00427,PRD-00299,8,1
DEF-00428,PRD-00300,5,1
DEF-00429,PRD-00300,4,3
DEF-00430,PRD-00300,5,2
DEF-00431,PRD-00301,5,2
DEF-00432,PRD-00302,9,1
DEF-00433,PRD-00303,1,4
DEF-00434,PRD-00303,2,3
DEF-00435,PRD-00304,8,4
DEF-00436,PRD-00304,11,1
DEF-00437,PRD-00305,3,1
DEF-00438,PRD-00306,2,1
DEF-00439,PRD-00306,1,2
DEF-00440,PRD-00306,8,5
DEF-00441,PRD-00307,14,2
DEF-00442,PRD-00307,8,5
DEF-00443,PRD-00309,6,1
DEF-00444,PRD-00309,13,5
DEF-00445,PRD-00310,7,4
DEF-00446,PRD-00310,14,3
DEF-00447,PRD-00311,6,1
DEF-00448,PRD-00312,5,2
DEF-00449,PRD-00312,13,2
DEF-00450,PRD-00312,8,4
DEF-00451,PRD-00313,5,5
DEF-00452,PRD-00313,7,3
DEF-00453,PRD-00315,5,1
DEF-00454,PRD-00315,10,5
DEF-00455,PRD-00315,15,1
DEF-00456,PRD-00316,3,2
DEF-00457,PRD-00317,6,1
DEF-00458,PRD-00318,6,3
DEF-00459,PRD-00318,10,3
DEF-00460,PRD-00319,7,2
DEF-00461,PRD-00320,3,2
DEF-00462,PRD-00321,13,5
DEF-00463,PRD-00322,4,4
DEF-00464,PRD-00324,6,4
DEF-00465,PRD-00325,9,2
DEF-00466,PRD-00326,8,1
DEF-00467,PRD-00326,14,2
DEF-00468,PRD-00327,10,1
DEF-00469,PRD-00328,13,2
DEF-00470,PRD-00329,12,1
DEF-00471,PRD-00330,11,5
DEF-00472,PRD-00331,4,2
DEF-00473,PRD-00331,6,1
DEF-00474,PRD-00332,10,1
DEF-00475,PRD-00332,7,1
DEF-00476,PRD-00333,9,1
DEF-00477,PRD-00334,9,4
DEF-00478,PRD-00334,15,1
DEF-00479,PRD-00336,6,4
DEF-00480,PRD-00336,6,5
DEF-00481,PRD-00336,10,1
DEF-00482,PRD-00337,13,2
DEF-00483,PRD-00337,14,1
DEF-00484,PRD-00339,4,5
DEF-00485,PRD-00339,13,2
DEF-00486,PRD-00339,8,3
DEF-00487,PRD-00340,3,3
DEF-00488,PRD-00340,3,2
DEF-00489,PRD-00340,11,1
DEF-00490,PRD-00341,3,1
DEF-00491,PRD-00342,8,4
DEF-00492,PRD-00342,5,1
DEF-00493,PRD-00343,1,5
DEF-00494,PRD-00343,11,1
DEF-00495,PRD-00344,9,1
DEF-00496,PRD-00345,1,4
DEF-00497,PRD-00346,11,5
DEF-00498,PRD-00348,13,1
DEF-00499,PRD-00350,9,2
DEF-00500,PRD-00350,8,2
DEF-00501,PRD-00351,2,5
DEF-00502,PRD-00351,4,4
DEF-00503,PRD-00352,15,3
DEF-00504,PRD-00352,1,4
DEF-00505,PRD-00352,5,2
DEF-00506,PRD-00353,7,2
DEF-00507,PRD-00354,11,4
DEF-00508,PRD-00354,4,1
DEF-00509,PRD-00354,15,2
DEF-00510,PRD-00355,14,1
DEF-00511,PRD-00355,14,1
DEF-00512,PRD-00356,10,1
DEF-00513,PRD-00357,2,3
DEF-00514,PRD-00358,5,3
DEF-00515,PRD-00359,5,1
DEF-00516,PRD-00359,6,1
DEF-00517,PRD-00360,12,4
DEF-00518,PRD-00360,11,3
DEF-00519,PRD-00362,1,1
DEF-00520,PRD-00363,15,2
DEF-00521,PRD-00364,3,5
DEF-00522,PRD-00364,11,2
DEF-00523,PRD-00365,6,1
DEF-00524,PRD-00365,13,2
DEF-00525,PRD-00366,5,4
DEF-00526,PRD-00367,13,2
DEF-00527,PRD-00367,7,2
DEF-00528,PRD-00368,13,4
DEF-00529,PRD-00369,14,4
DEF-00530,PRD-00370,9,2
DEF-00531,PRD-00370,1,1
DEF-00532,PRD-00370,3,1
DEF-00533,PRD-00371,8,1
DEF-00534,PRD-00373,11,1
DEF-00535,PRD-00374,4,1
DEF-00536,PRD-00375,13,5
DEF-00537,PRD-00375,4,5
DEF-00538,PRD-00375,10,5
DEF-00539,PRD-00376,13,1
DEF-00540,PRD-00376,2,3
DEF-00541,PRD-00377,11,2
DEF-00542,PRD-00378,8,2
DEF-00543,PRD-00379,4,3
DEF-00544,PRD-00379,8,3
DEF-00545,PRD-00381,12,3
DEF-00546,PRD-00382,14,4
DEF-00547,PRD-00383,8,2
DEF-00548,PRD-00384,15,3
DEF-00549,PRD-00384,7,2
DEF-00550,PRD-00384,12,1
DEF-00551,PRD-00385,12,3
DEF-00552,PRD-00385,12,1
DEF-00553,PRD-00387,4,4
DEF-00554,PRD-00387,2,3
DEF-00555,PRD-00388,7,2
DEF-00556,PRD-00389,1,3
DEF-00557,PRD-00391,5,4
DEF-00558,PRD-00392,12,1
DEF-00559,PRD-00393,4,2
DEF-00560,PRD-00393,6,4
DEF-00561,PRD-00393,12,4
DEF-00562,PRD-00394,15,1
DEF-00563,PRD-00395,11,2
DEF-00564,PRD-00396,9,5
DEF-00565,PRD-00397,2,4
DEF-00566,PRD-00397,4,1
DEF-00567,PRD-00399,5,2
DEF-00568,PRD-00400,13,1
DEF-00569,PRD-00402,10,3
DEF-00570,PRD-00403,6,2
DEF-00571,PRD-00405,3,5
DEF-00572,PRD-00408,12,1
DEF-00573,PRD-00408,2,3
DEF-00574,PRD-00409,11,5
DEF-00575,PRD-00410,7,1
DEF-00576,PRD-00411,8,5
DEF-00577,PRD-00411,5,1
DEF-00578,PRD-00411,10,2
DEF-00579,PRD-00412,4,1
DEF-00580,PRD-00413,15,2
DEF-00581,PRD-00414,2,4
DEF-00582,PRD-00414,14,1
DEF-00583,PRD-00415,14,5
DEF-00584,PRD-00416,7,1
DEF-00585,PRD-00417,5,1
DEF-00586,PRD-00417,11,4
DEF-00587,PRD-00418,7,1
DEF-00588,PRD-00419,5,3
DEF-00589,PRD-00420,8,5
DEF-00590,PRD-00420,1,5
DEF-00591,PRD-00421,4,4
DEF-00592,PRD-00422,12,2
DEF-00593,PRD-00423,9,4
DEF-00594,PRD-00423,6,4
DEF-00595,PRD-00424,10,1
DEF-00596,PRD-00425,9,2
DEF-00597,PRD-00426,6,5
DEF-00598,PRD-00426,12,1
DEF-00599,PRD-00427,8,4
DEF-00600,PRD-00427,12,2
DEF-00601,PRD-00428,12,2
DEF-00602,PRD-00431,3,1
DEF-00603,PRD-00431,3,1
DEF-00604,PRD-00432,13,3
DEF-00605,PRD-00433,11,1
DEF-00606,PRD-00434,9,3
DEF-00607,PRD-00435,13,2
DEF-00608,PRD-00435,3,1
DEF-00609,PRD-00436,14,4
DEF-00610,PRD-00436,4,1
DEF-00611,PRD-00436,9,2
DEF-00612,PRD-00437,6,1
DEF-00613,PRD-00438,15,4
DEF-00614,PRD-00439,11,5
DEF-00615,PRD-00439,3,2
DEF-00616,PRD-00440,5,1
DEF-00617,PRD-00441,8,1
DEF-00618,PRD-00441,7,1
DEF-00619,PRD-00441,2,4
DEF-00620,PRD-00442,15,4
DEF-00621,PRD-00442,8,1
DEF-00622,PRD-00443,8,3
DEF-00623,PRD-00444,14,5
DEF-00624,PRD-00445,15,2
DEF-00625,PRD-00447,14,2
DEF-00626,PRD-00447,11,5
DEF-00627,PRD-00447,1,4
DEF-00628,PRD-00448,9,1
DEF-00629,PRD-00449,6,3
DEF-00630,PRD-00450,15,1
DEF-00631,PRD-00451,8,5
DEF-00632,PRD-00452,12,2
DEF-00633,PRD-00453,12,3
DEF-00634,PRD-00453,7,5
DEF-00635,PRD-00454,10,1
DEF-00636,PRD-00455,12,2
DEF-00637,PRD-00456,7,1
DEF-00638,PRD-00457,9,3
DEF-00639,PRD-00459,5,3
DEF-00640,PRD-00459,10,4
DEF-00641,PRD-00459,10,5
DEF-00642,PRD-00460,5,1
DEF-00643,PRD-00461,8,2
DEF-00644,PRD-00462,14,2
DEF-00645,PRD-00462,6,3
DEF-00646,PRD-00463,7,1
DEF-00647,PRD-00465,8,3
DEF-00648,PRD-00465,7,2
DEF-00649,PRD-00465,10,4
DEF-00650,PRD-00466,14,5
DEF-00651,PRD-00466,5,2
DEF-00652,PRD-00466,1,2
DEF-00653,PRD-00467,10,3
DEF-00654,PRD-00468,3,1
DEF-00655,PRD-00468,3,5
DEF-00656,PRD-00469,7,3
DEF-00657,PRD-00470,14,3
DEF-00658,PRD-00471,7,4
DEF-00659,PRD-00472,8,5
DEF-00660,PRD-00472,15,2
DEF-00661,PRD-00472,13,1
DEF-00662,PRD-00473,13,1
DEF-00663,PRD-00475,14,1
DEF-00664,PRD-00476,9,1
DEF-00665,PRD-00477,10,2
DEF-00666,PRD-00477,6,3
DEF-00667,PRD-00478,10,1
DEF-00668,PRD-00479,14,1
DEF-00669,PRD-00479,9,3
DEF-00670,PRD-00480,9,1
DEF-00671,PRD-00481,9,5
DEF-00672,PRD-00481,7,3
DEF-00673,PRD-00481,3,5
DEF-00674,PRD-00482,11,2
DEF-00675,PRD-00483,5,1
DEF-00676,PRD-00483,2,3
DEF-00677,PRD-00484,2,4
DEF-00678,PRD-00485,10,4
DEF-00679,PRD-00486,10,1
DEF-00680,PRD-00486,1,4
DEF-00681,PRD-00486,13,1
DEF-00682,PRD-00487,5,4
DEF-00683,PRD-00487,2,3
DEF-00684,PRD-00487,2,5
DEF-00685,PRD-00488,7,2
DEF-00686,PRD-00488,3,1
DEF-00687,PRD-00489,10,5
DEF-00688,PRD-00489,7,1
DEF-00689,PRD-00490,2,1
DEF-00690,PRD-00490,15,1
DEF-00691,PRD-00491,15,1
DEF-00692,PRD-00491,10,1
DEF-00693,PRD-00492,8,1
DEF-00694,PRD-00492,15,5
DEF-00695,PRD-00493,5,4
DEF-00696,PRD-00494,11,1
DEF-00697,PRD-00495,15,3
DEF-00698,PRD-00495,14,2
DEF-00699,PRD-00495,13,4
DEF-00700,PRD-00496,3,4
DEF-00701,PRD-00497,1,1
DEF-00702,PRD-00498,7,1
DEF-00703,PRD-00498,10,2
DEF-00704,PRD-00499,1,2
DEF-00705,PRD-00499,5,4
DEF-00706,PRD-00499,8,2
DEF-00707,PRD-00500,11,2
DEF-00708,PRD-00502,7,5
DEF-00709,PRD-00504,7,3
DEF-00710,PRD-00505,6,1
DEF-00711,PRD-00505,12,5
DEF-00712,PRD-00507,4,1
DEF-00713,PRD-00507,15,4
DEF-00714,PRD-00508,4,2
DEF-00715,PRD-00508,11,1
DEF-00716,PRD-00510,1,1
DEF-00717,PRD-00510,13,3
DEF-00718,PRD-00510,4,3
DEF-00719,PRD-00511,14,2
DEF-00720,PRD-00514,14,5
DEF-00721,PRD-00514,7,1
DEF-00722,PRD-00515,10,2
DEF-00723,PRD-00517,14,3
DEF-00724,PRD-00518,9,1
DEF-00725,PRD-00519,9,1
DEF-00726,PRD-00520,6,3
DEF-00727,PRD-00520,8,2
DEF-00728,PRD-00521,11,1
DEF-00729,PRD-00522,15,1
DEF-00730,PRD-00523,8,5
DEF-00731,PRD-00523,15,1
DEF-00732,PRD-00523,3,2
DEF-00733,PRD-00524,10,2
DEF-00734,PRD-00525,10,2
DEF-00735,PRD-00525,1,1
DEF-00736,PRD-00526,12,1
DEF-00737,PRD-00526,1,3
DEF-00738,PRD-00526,12,1
DEF-00739,PRD-00527,10,1
DEF-00740,PRD-00528,14,5
DEF-00741,PRD-00529,5,3
DEF-00742,PRD-00529,2,4
DEF-00743,PRD-00529,1,1
DEF-00744,PRD-00531,13,2
DEF-00745,PRD-00531,8,5
DEF-00746,PRD-00531,11,2
DEF-00747,PRD-00532,7,4
DEF-00748,PRD-00534,13,2
DEF-00749,PRD-00534,4,1
DEF-00750,PRD-00535,8,4
DEF-00751,PRD-00535,4,1
DEF-00752,PRD-00537,14,3
DEF-00753,PRD-00538,5,2
DEF-00754,PRD-00539,3,1
DEF-00755,PRD-00540,6,5
DEF-00756,PRD-00540,3,1
DEF-00757,PRD-00540,7,5
DEF-00758,PRD-00541,8,1
DEF-00759,PRD-00541,14,5
DEF-00760,PRD-00542,14,1
DEF-00761,PRD-00543,10,3
DEF-00762,PRD-00543,6,3
DEF-00763,PRD-00544,3,3
DEF-00764,PRD-00545,10,1
DEF-00765,PRD-00546,8,5
DEF-00766,PRD-00546,8,3
DEF-00767,PRD-00546,14,4
DEF-00768,PRD-00547,10,1
DEF-00769,PRD-00548,14,3
DEF-00770,PRD-00549,13,3
DEF-00771,PRD-00549,5,5
DEF-00772,PRD-00549,12,1
DEF-00773,PRD-00550,3,1
DEF-00774,PRD-00550,14,1
DEF-00775,PRD-00550,6,1
DEF-00776,PRD-00551,9,1
DEF-00777,PRD-00551,15,1
DEF-00778,PRD-00552,3,5
DEF-00779,PRD-00553,2,1
DEF-00780,PRD-00553,10,1
DEF-00781,PRD-00553,9,2
DEF-00782,PRD-00554,2,1
DEF-00783,PRD-00555,12,1
DEF-00784,PRD-00555,8,2
DEF-00785,PRD-00555,12,2
DEF-00786,PRD-00556,10,2
DEF-00787,PRD-00557,3,1
DEF-00788,PRD-00558,4,3
DEF-00789,PRD-00559,10,1
DEF-00790,PRD-00559,14,3
DEF-00791,PRD-00559,6,5
DEF-00792,PRD-00560,7,1
DEF-00793,PRD-00561,12,3
DEF-00794,PRD-00562,9,4
DEF-00795,PRD-00562,8,4
DEF-00796,PRD-00562,4,2
DEF-00797,PRD-00563,11,1
DEF-00798,PRD-00563,10,1
DEF-00799,PRD-00564,11,1
DEF-00800,PRD-00564,7,4
DEF-00801,PRD-00565,13,1
DEF-00802,PRD-00566,4,1
DEF-00803,PRD-00567,8,4
DEF-00804,PRD-00568,2,4
DEF-00805,PRD-00568,7,2
DEF-00806,PRD-00569,3,1
DEF-00807,PRD-00569,5,1
DEF-00808,PRD-00570,9,4
DEF-00809,PRD-00570,1,3
DEF-00810,PRD-00571,10,4
DEF-00811,PRD-00571,6,1
DEF-00812,PRD-00571,13,1
DEF-00813,PRD-00572,11,1
DEF-00814,PRD-00573,8,4
DEF-00815,PRD-00574,6,4
DEF-00816,PRD-00574,4,2
DEF-00817,PRD-00574,4,1
DEF-00818,PRD-00575,15,4
DEF-00819,PRD-00576,7,5
DEF-00820,PRD-00576,2,5
DEF-00821,PRD-00576,1,3
DEF-00822,PRD-00577,7,3
DEF-00823,PRD-00577,1,2
DEF-00824,PRD-00577,15,2
DEF-00825,PRD-00579,13,4
DEF-00826,PRD-00580,4,1
DEF-00827,PRD-00580,9,2
DEF-00828,PRD-00582,2,5
DEF-00829,PRD-00582,9,2
DEF-00830,PRD-00582,13,3
DEF-00831,PRD-00584,1,1
DEF-00832,PRD-00585,1,3
DEF-00833,PRD-00586,10,1
DEF-00834,PRD-00586,3,2
DEF-00835,PRD-00587,11,2
DEF-00836,PRD-00587,7,1
DEF-00837,PRD-00588,14,2
DEF-00838,PRD-00589,13,3
DEF-00839,PRD-00590,3,2
DEF-00840,PRD-00590,3,3
DEF-00841,PRD-00591,3,4
DEF-00842,PRD-00591,2,1
DEF-00843,PRD-00592,14,3
DEF-00844,PRD-00593,2,3
DEF-00845,PRD-00594,6,3
DEF-00846,PRD-00595,9,3
DEF-00847,PRD-00596,9,3
DEF-00848,PRD-00597,6,5
DEF-00849,PRD-00597,10,5
DEF-00850,PRD-00597,13,4
DEF-00851,PRD-00598,2,2
DEF-00852,PRD-00598,10,1
DEF-00853,PRD-00599,4,2
DEF-00854,PRD-00600,9,4
DEF-00855,PRD-00601,1,2
DEF-00856,PRD-00601,1,4
DEF-00857,PRD-00603,11,4
DEF-00858,PRD-00604,1,3
DEF-00859,PRD-00605,2,1
DEF-00860,PRD-00606,8,4
DEF-00861,PRD-00607,15,3
DEF-00862,PRD-00607,8,5
DEF-00863,PRD-00608,3,1
DEF-00864,PRD-00608,1,1
DEF-00865,PRD-00609,10,5
DEF-00866,PRD-00609,3,1
DEF-00867,PRD-00610,7,1
DEF-00868,PRD-00611,13,3
DEF-00869,PRD-00611,15,1
DEF-00870,PRD-00612,3,1
DEF-00871,PRD-00613,9,3
DEF-00872,PRD-00615,6,4
DEF-00873,PRD-00615,4,2
DEF-00874,PRD-00615,8,3
DEF-00875,PRD-00616,4,2
DEF-00876,PRD-00616,4,1
DEF-00877,PRD-00616,8,1
DEF-00878,PRD-00618,11,2
DEF-00879,PRD-00619,2,4
DEF-00880,PRD-00619,10,1
DEF-00881,PRD-00620,15,1
DEF-00882,PRD-00620,2,1
DEF-00883,PRD-00621,10,4
DEF-00884,PRD-00621,15,1
DEF-00885,PRD-00622,8,4
DEF-00886,PRD-00622,8,2
DEF-00887,PRD-00623,6,3
DEF-00888,PRD-00624,9,2
DEF-00889,PRD-00625,13,2
DEF-00890,PRD-00625,15,1
DEF-00891,PRD-00625,3,1
DEF-00892,PRD-00627,3,1
DEF-00893,PRD-00627,2,2
DEF-00894,PRD-00627,9,4
DEF-00895,PRD-00628,5,3
DEF-00896,PRD-00630,4,3
DEF-00897,PRD-00630,10,2
DEF-00898,PRD-00630,1,5
DEF-00899,PRD-00631,14,1
DEF-00900,PRD-00631,4,5
DEF-00901,PRD-00631,8,4
DEF-00902,PRD-00633,14,3
DEF-00903,PRD-00634,14,1
DEF-00904,PRD-00635,13,1
DEF-00905,PRD-00635,3,1
DEF-00906,PRD-00636,7,2
DEF-00907,PRD-00636,3,4
DEF-00908,PRD-00637,8,4
DEF-00909,PRD-00639,8,1
DEF-00910,PRD-00639,5,3
DEF-00911,PRD-00639,6,5
DEF-00912,PRD-00640,4,3
DEF-00913,PRD-00641,13,4
DEF-00914,PRD-00642,14,2
DEF-00915,PRD-00642,13,1
DEF-00916,PRD-00643,4,1
DEF-00917,PRD-00643,5,2
DEF-00918,PRD-00643,1,1
DEF-00919,PRD-00644,12,1
DEF-00920,PRD-00645,6,4
DEF-00921,PRD-00645,12,2
DEF-00922,PRD-00646,15,1
DEF-00923,PRD-00646,14,3
DEF-00924,PRD-00647,5,3
DEF-00925,PRD-00648,12,1
DEF-00926,PRD-00648,11,2
DEF-00927,PRD-00649,3,1
DEF-00928,PRD-00649,3,1
DEF-00929,PRD-00649,11,1
DEF-00930,PRD-00650,12,1
DEF-00931,PRD-00651,3,3
DEF-00932,PRD-00651,3,1
DEF-00933,PRD-00652,7,2
DEF-00934,PRD-00652,3,5
DEF-00935,PRD-00653,12,1
DEF-00936,PRD-00654,5,4
DEF-00937,PRD-00654,10,3
DEF-00938,PRD-00654,10,3
DEF-00939,PRD-00655,9,4
DEF-00940,PRD-00657,15,2
DEF-00941,PRD-00657,5,3
DEF-00942,PRD-00657,15,1
DEF-00943,PRD-00658,3,2
DEF-00944,PRD-00658,5,1
DEF-00945,PRD-00659,15,1
DEF-00946,PRD-00660,8,1
DEF-00947,PRD-00662,8,1
DEF-00948,PRD-00662,5,1
DEF-00949,PRD-00663,5,1
DEF-00950,PRD-00663,7,4
DEF-00951,PRD-00664,7,3
DEF-00952,PRD-00665,10,2
DEF-00953,PRD-00665,5,1
DEF-00954,PRD-00666,3,2
DEF-00955,PRD-00666,8,1
DEF-00956,PRD-00667,12,2
DEF-00957,PRD-00669,12,4
DEF-00958,PRD-00669,10,3
DEF-00959,PRD-00669,8,3
DEF-00960,PRD-00670,4,4
DEF-00961,PRD-00670,2,1
DEF-00962,PRD-00671,8,1
DEF-00963,PRD-00672,10,2
DEF-00964,PRD-00673,14,5
DEF-00965,PRD-00674,13,1
DEF-00966,PRD-00675,9,1
DEF-00967,PRD-00675,8,5
DEF-00968,PRD-00677,9,1
DEF-00969,PRD-00677,12,2
DEF-00970,PRD-00678,11,1
DEF-00971,PRD-00678,1,5
DEF-00972,PRD-00679,15,1
DEF-00973,PRD-00679,2,1
DEF-00974,PRD-00681,8,2
DEF-00975,PRD-00682,5,4
DEF-00976,PRD-00682,1,1
DEF-00977,PRD-00683,12,2
DEF-00978,PRD-00683,7,1
DEF-00979,PRD-00684,11,5
DEF-00980,PRD-00685,11,5
DEF-00981,PRD-00686,11,3
DEF-00982,PRD-00687,2,2
DEF-00983,PRD-00688,15,2
DEF-00984,PRD-00688,10,1
DEF-00985,PRD-00690,13,5
DEF-00986,PRD-00691,5,5
DEF-00987,PRD-00693,11,2
DEF-00988,PRD-00693,14,1
DEF-00989,PRD-00693,14,3
DEF-00990,PRD-00695,1,1
DEF-00991,PRD-00696,7,3
DEF-00992,PRD-00696,7,2
DEF-00993,PRD-00696,7,2
DEF-00994,PRD-00697,6,4
DEF-00995,PRD-00698,3,1
DEF-00996,PRD-00699,8,2
DEF-00997,PRD-00699,12,2
DEF-00998,PRD-00700,2,1
DEF-00999,PRD-00702,11,5
DEF-01000,PRD-00703,8,5
DEF-01001,PRD-00703,7,3
DEF-01002,PRD-00704,12,3
DEF-01003,PRD-00705,14,4
DEF-01004,PRD-00705,10,5
DEF-01005,PRD-00705,1,2
DEF-01006,PRD-00706,3,1
DEF-01007,PRD-00707,8,1
DEF-01008,PRD-00707,8,1
DEF-01009,PRD-00708,10,4
DEF-01010,PRD-00708,11,1
DEF-01011,PRD-00708,10,5
DEF-01012,PRD-00709,9,3
DEF-01013,PRD-00710,12,1
DEF-01014,PRD-00711,1,1
DEF-01015,PRD-00711,11,5
DEF-01016,PRD-00711,10,1
DEF-01017,PRD-00712,4,5
DEF-01018,PRD-00713,14,2
DEF-01019,PRD-00714,5,5
DEF-01020,PRD-00714,7,2
DEF-01021,PRD-00714,8,3
DEF-01022,PRD-00716,7,2
DEF-01023,PRD-00717,13,4
DEF-01024,PRD-00717,7,3
DEF-01025,PRD-00718,13,4
DEF-01026,PRD-00718,4,2
DEF-01027,PRD-00718,5,1
DEF-01028,PRD-00719,9,2
DEF-01029,PRD-00720,8,5
DEF-01030,PRD-00720,6,1
DEF-01031,PRD-00721,1,5
DEF-01032,PRD-00721,14,1
DEF-01033,PRD-00721,15,1
DEF-01034,PRD-00723,6,2
DEF-01035,PRD-00723,4,4
DEF-01036,PRD-00723,7,1
DEF-01037,PRD-00724,15,2
DEF-01038,PRD-00725,9,1
DEF-01039,PRD-00726,13,2
DEF-01040,PRD-00726,3,1
DEF-01041,PRD-00727,3,5
DEF-01042,PRD-00729,1,2
DEF-01043,PRD-00731,3,3
DEF-01044,PRD-00732,14,5
DEF-01045,PRD-00732,2,3
DEF-01046,PRD-00732,8,1
DEF-01047,PRD-00733,14,3
DEF-01048,PRD-00733,12,1
DEF-01049,PRD-00734,7,1
DEF-01050,PRD-00735,2,4
DEF-01051,PRD-00735,3,1
DEF-01052,PRD-00735,12,4
DEF-01053,PRD-00736,11,2
DEF-01054,PRD-00736,6,2
DEF-01055,PRD-00736,15,3
DEF-01056,PRD-00737,8,2
DEF-01057,PRD-00738,14,2
DEF-01058,PRD-00738,9,1
DEF-01059,PRD-00738,11,1
DEF-01060,PRD-00739,14,1
DEF-01061,PRD-00740,2,3
DEF-01062,PRD-00741,2,5
DEF-01063,PRD-00741,12,3
DEF-01064,PRD-00742,15,1
DEF-01065,PRD-00742,14,1
DEF-01066,PRD-00742,5,1
DEF-01067,PRD-00743,8,1
DEF-01068,PRD-00744,15,1
DEF-01069,PRD-00745,11,3
DEF-01070,PRD-00745,6,1
DEF-01071,PRD-00747,8,3
DEF-01072,PRD-00747,15,4
DEF-01073,PRD-00748,12,2
DEF-01074,PRD-00748,5,4
DEF-01075,PRD-00748,4,5
DEF-01076,PRD-00750,6,4
DEF-01077,PRD-00752,3,3
DEF-01078,PRD-00753,10,5
DEF-01079,PRD-00753,11,1
DEF-01080,PRD-00753,13,5
DEF-01081,PRD-00754,1,1
DEF-01082,PRD-00755,14,1
DEF-01083,PRD-00755,13,1
DEF-01084,PRD-00756,9,1
DEF-01085,PRD-00757,1,5
DEF-01086,PRD-00758,4,1
DEF-01087,PRD-00759,2,5
DEF-01088,PRD-00760,2,2
DEF-01089,PRD-00761,10,1
DEF-01090,PRD-00761,4,2
DEF-01091,PRD-00762,5,3
DEF-01092,PRD-00762,11,5
DEF-01093,PRD-00762,1,5
DEF-01094,PRD-00763,14,3
DEF-01095,PRD-00765,12,4
DEF-01096,PRD-00765,8,4
DEF-01097,PRD-00765,3,2
DEF-01098,PRD-00766,10,4
DEF-01099,PRD-00767,13,1
DEF-01100,PRD-00768,7,2
DEF-01101,PRD-00768,6,2
DEF-01102,PRD-00768,8,1
DEF-01103,PRD-00769,4,2
DEF-01104,PRD-00769,11,1
DEF-01105,PRD-00771,4,5
DEF-01106,PRD-00771,2,3
DEF-01107,PRD-00772,4,2
DEF-01108,PRD-00772,7,3
DEF-01109,PRD-00772,8,1
DEF-01110,PRD-00774,10,5
DEF-01111,PRD-00774,7,1
DEF-01112,PRD-00775,7,2
DEF-01113,PRD-00777,10,3
DEF-01114,PRD-00778,14,1
DEF-01115,PRD-00779,11,1
DEF-01116,PRD-00779,4,1
DEF-01117,PRD-00780,4,1
DEF-01118,PRD-00782,1,1
DEF-01119,PRD-00783,3,1
DEF-01120,PRD-00784,11,5
DEF-01121,PRD-00784,2,1
DEF-01122,PRD-00784,9,3
DEF-01123,PRD-00785,8,1
DEF-01124,PRD-00786,3,3
DEF-01125,PRD-00786,2,1
DEF-01126,PRD-00787,11,4
DEF-01127,PRD-00788,12,2
DEF-01128,PRD-00789,3,5
DEF-01129,PRD-00790,12,3
DEF-01130,PRD-00790,7,3
DEF-01131,PRD-00791,8,1
DEF-01132,PRD-00792,8,2
DEF-01133,PRD-00792,9,1
DEF-01134,PRD-00792,15,2
DEF-01135,PRD-00793,13,4
DEF-01136,PRD-00795,11,4
DEF-01137,PRD-00795,7,1
DEF-01138,PRD-00795,9,3
DEF-01139,PRD-00797,15,1
DEF-01140,PRD-00798,2,1
DEF-01141,PRD-00798,13,1
DEF-01142,PRD-00799,15,1
DEF-01143,PRD-00799,15,1
DEF-01144,PRD-00801,13,1
DEF-01145,PRD-00801,7,3
DEF-01146,PRD-00801,10,4
DEF-01147,PRD-00802,2,1
DEF-01148,PRD-00802,10,5
DEF-01149,PRD-00804,12,5
DEF-01150,PRD-00804,12,1
DEF-01151,PRD-00804,13,4
DEF-01152,PRD-00805,14,3
DEF-01153,PRD-00806,2,1
DEF-01154,PRD-00807,9,4
DEF-01155,PRD-00807,13,3
DEF-01156,PRD-00808,2,1
DEF-01157,PRD-00809,9,1
DEF-01158,PRD-00810,12,3
DEF-01159,PRD-00810,4,3
DEF-01160,PRD-00810,7,2
DEF-01161,PRD-00811,14,1
DEF-01162,PRD-00812,13,1
DEF-01163,PRD-00812,4,1
DEF-01164,PRD-00813,3,3
DEF-01165,PRD-00814,13,1
DEF-01166,PRD-00814,13,2
DEF-01167,PRD-00814,7,1
DEF-01168,PRD-00815,5,1
DEF-01169,PRD-00816,5,4
DEF-01170,PRD-00816,7,2
DEF-01171,PRD-00817,7,5
DEF-01172,PRD-00818,2,4
DEF-01173,PRD-00819,1,1
DEF-01174,PRD-00821,9,4
DEF-01175,PRD-00821,2,1
DEF-01176,PRD-00822,10,1
DEF-01177,PRD-00822,7,3
DEF-01178,PRD-00822,1,4
DEF-01179,PRD-00823,8,1
DEF-01180,PRD-00824,13,2
DEF-01181,PRD-00825,13,3
DEF-01182,PRD-00826,15,4
DEF-01183,PRD-00826,12,5
DEF-01184,PRD-00828,3,2
DEF-01185,PRD-00828,10,5
DEF-01186,PRD-00829,6,1
DEF-01187,PRD-00829,1,3
DEF-01188,PRD-00830,6,1
DEF-01189,PRD-00831,2,4
DEF-01190,PRD-00832,6,2
DEF-01191,PRD-00834,12,2
DEF-01192,PRD-00835,3,4
DEF-01193,PRD-00835,7,1
DEF-01194,PRD-00837,9,5
DEF-01195,PRD-00837,5,1
DEF-01196,PRD-00838,6,1
DEF-01197,PRD-00838,7,1
DEF-01198,PRD-00839,12,2
DEF-01199,PRD-00840,15,3
DEF-01200,PRD-00840,13,3
DEF-01201,PRD-00840,6,4
DEF-01202,PRD-00841,15,2
DEF-01203,PRD-00841,13,5
DEF-01204,PRD-00842,4,2
DEF-01205,PRD-00843,14,3
DEF-01206,PRD-00845,3,1
DEF-01207,PRD-00845,14,1
DEF-01208,PRD-00846,6,3
DEF-01209,PRD-00847,12,5
DEF-01210,PRD-00847,1,3
DEF-01211,PRD-00848,3,2
DEF-01212,PRD-00848,12,1
DEF-01213,PRD-00849,1,5
DEF-01214,PRD-00849,15,5
DEF-01215,PRD-00849,14,4
DEF-01216,PRD-00850,13,2
DEF-01217,PRD-00851,13,1
DEF-01218,PRD-00851,5,1
DEF-01219,PRD-00852,15,5
DEF-01220,PRD-00853,5,1
DEF-01221,PRD-00853,1,2
DEF-01222,PRD-00853,9,1
DEF-01223,PRD-00854,14,1
DEF-01224,PRD-00855,1,2
DEF-01225,PRD-00856,4,5
DEF-01226,PRD-00856,5,2
DEF-01227,PRD-00856,15,1
DEF-01228,PRD-00858,12,4
DEF-01229,PRD-00859,11,5
DEF-01230,PRD-00861,7,5
DEF-01231,PRD-00862,14,3
DEF-01232,PRD-00862,3,3
DEF-01233,PRD-00864,4,3
DEF-01234,PRD-00865,4,1
DEF-01235,PRD-00865,7,3
DEF-01236,PRD-00865,15,1
DEF-01237,PRD-00866,7,2
DEF-01238,PRD-00867,6,1
DEF-01239,PRD-00868,5,1
DEF-01240,PRD-00868,3,1
DEF-01241,PRD-00869,8,1
DEF-01242,PRD-00869,15,1
DEF-01243,PRD-00870,4,1
DEF-01244,PRD-00872,9,2
DEF-01245,PRD-00873,6,1
DEF-01246,PRD-00873,11,3
DEF-01247,PRD-00873,8,3
DEF-01248,PRD-00874,6,1
DEF-01249,PRD-00875,1,1
DEF-01250,PRD-00875,6,1
DEF-01251,PRD-00876,1,3
DEF-01252,PRD-00876,12,4
DEF-01253,PRD-00877,10,5
DEF-01254,PRD-00878,13,1
DEF-01255,PRD-00878,15,1
DEF-01256,PRD-00879,15,1
DEF-01257,PRD-00879,10,2
DEF-01258,PRD-00880,14,4
DEF-01259,PRD-00882,10,5
DEF-01260,PRD-00883,3,3
DEF-01261,PRD-00883,12,2
DEF-01262,PRD-00883,1,1
DEF-01263,PRD-00884,10,3
DEF-01264,PRD-00886,9,1
DEF-01265,PRD-00887,13,1
DEF-01266,PRD-00888,1,2
DEF-01267,PRD-00889,2,4
DEF-01268,PRD-00889,15,5
DEF-01269,PRD-00890,12,2
DEF-01270,PRD-00891,11,3
DEF-01271,PRD-00891,15,3
DEF-01272,PRD-00891,4,2
DEF-01273,PRD-00892,8,1
DEF-01274,PRD-00892,8,2
DEF-01275,PRD-00893,9,2
DEF-01276,PRD-00894,1,4
DEF-01277,PRD-00894,14,1
DEF-01278,PRD-00894,13,5
DEF-01279,PRD-00895,13,1
DEF-01280,PRD-00896,2,1
DEF-01281,PRD-00897,4,2
DEF-01282,PRD-00897,10,1
DEF-01283,PRD-00898,9,4
DEF-01284,PRD-00898,14,1
DEF-01285,PRD-00899,3,1
DEF-01286,PRD-00899,12,1
DEF-01287,PRD-00900,15,2
DEF-01288,PRD-00901,14,2
DEF-01289,PRD-00902,2,1
DEF-01290,PRD-00903,9,2
DEF-01291,PRD-00903,11,2
DEF-01292,PRD-00903,11,3
DEF-01293,PRD-00904,8,4
DEF-01294,PRD-00905,1,1
DEF-01295,PRD-00906,6,4
DEF-01296,PRD-00906,12,2
DEF-01297,PRD-00906,14,3
DEF-01298,PRD-00907,1,2
DEF-01299,PRD-00907,8,1
DEF-01300,PRD-00908,14,4
DEF-01301,PRD-00909,13,4
DEF-01302,PRD-00910,6,1
DEF-01303,PRD-00910,4,5
DEF-01304,PRD-00911,14,2
DEF-01305,PRD-00912,14,2
DEF-01306,PRD-00912,10,5
DEF-01307,PRD-00912,13,5
DEF-01308,PRD-00913,14,4
DEF-01309,PRD-00913,7,2
DEF-01310,PRD-00913,9,1
DEF-01311,PRD-00915,2,4
DEF-01312,PRD-00916,8,1
DEF-01313,PRD-00916,10,5
DEF-01314,PRD-00918,11,2
DEF-01315,PRD-00919,7,4
DEF-01316,PRD-00920,14,1
DEF-01317,PRD-00920,1,1
DEF-01318,PRD-00920,15,2
DEF-01319,PRD-00921,14,3
DEF-01320,PRD-00921,2,3
DEF-01321,PRD-00921,2,1
DEF-01322,PRD-00922,5,4
DEF-01323,PRD-00922,11,3
DEF-01324,PRD-00923,6,2
DEF-01325,PRD-00924,1,3
DEF-01326,PRD-00924,8,5
DEF-01327,PRD-00924,13,2
DEF-01328,PRD-00925,8,2
DEF-01329,PRD-00925,11,2
DEF-01330,PRD-00925,10,2
DEF-01331,PRD-00927,12,5
DEF-01332,PRD-00927,10,3
DEF-01333,PRD-00928,15,2
DEF-01334,PRD-00929,14,1
DEF-01335,PRD-00929,11,1
DEF-01336,PRD-00930,3,2
DEF-01337,PRD-00931,14,3
DEF-01338,PRD-00931,15,4
DEF-01339,PRD-00932,12,4
DEF-01340,PRD-00933,14,5
DEF-01341,PRD-00933,8,4
DEF-01342,PRD-00933,14,3
DEF-01343,PRD-00934,9,3
DEF-01344,PRD-00934,2,1
DEF-01345,PRD-00936,3,3
DEF-01346,PRD-00937,11,3
DEF-01347,PRD-00938,12,1
DEF-01348,PRD-00939,3,3
DEF-01349,PRD-00939,10,5
DEF-01350,PRD-00939,7,2
DEF-01351,PRD-00940,10,3
DEF-01352,PRD-00941,14,2
DEF-01353,PRD-00942,14,1
DEF-01354,PRD-00943,7,5
DEF-01355,PRD-00944,8,1
DEF-01356,PRD-00944,5,1
DEF-01357,PRD-00944,15,1
DEF-01358,PRD-00946,6,4
DEF-01359,PRD-00947,9,1
DEF-01360,PRD-00948,4,4
DEF-01361,PRD-00949,4,1
DEF-01362,PRD-00949,5,3
DEF-01363,PRD-00951,7,5
DEF-01364,PRD-00951,9,3
DEF-01365,PRD-00951,15,2
DEF-01366,PRD-00952,4,1
DEF-01367,PRD-00952,1,3
DEF-01368,PRD-00952,11,2
DEF-01369,PRD-00954,13,1
DEF-01370,PRD-00954,14,2
DEF-01371,PRD-00955,7,1
DEF-01372,PRD-00956,13,1
DEF-01373,PRD-00957,10,5
DEF-01374,PRD-00957,12,1
DEF-01375,PRD-00957,3,1
DEF-01376,PRD-00958,7,4
DEF-01377,PRD-00959,5,2
DEF-01378,PRD-00960,12,3
DEF-01379,PRD-00962,2,1
DEF-01380,PRD-00963,5,1
DEF-01381,PRD-00963,5,2
DEF-01382,PRD-00963,9,4
DEF-01383,PRD-00964,15,3
DEF-01384,PRD-00965,1,2
DEF-01385,PRD-00966,10,2
DEF-01386,PRD-00966,7,4
DEF-01387,PRD-00967,13,5
DEF-01388,PRD-00968,10,2
DEF-01389,PRD-00968,7,1
DEF-01390,PRD-00969,7,1
DEF-01391,PRD-00969,2,2
DEF-01392,PRD-00969,4,1
DEF-01393,PRD-00970,10,1
DEF-01394,PRD-00970,5,3
DEF-01395,PRD-00971,14,2
DEF-01396,PRD-00972,12,2
DEF-01397,PRD-00973,11,1
DEF-01398,PRD-00974,4,3
DEF-01399,PRD-00975,10,4
DEF-01400,PRD-00975,11,5
DEF-01401,PRD-00975,1,4
DEF-01402,PRD-00976,15,1
DEF-01403,PRD-00976,3,1
DEF-01404,PRD-00977,10,1
DEF-01405,PRD-00977,15,1
DEF-01406,PRD-00978,13,5
DEF-01407,PRD-00978,1,1
DEF-01408,PRD-00979,10,1
DEF-01409,PRD-00980,2,1
DEF-01410,PRD-00980,8,1
DEF-01411,PRD-00981,15,2
DEF-01412,PRD-00981,2,1
DEF-01413,PRD-00982,3,2
DEF-01414,PRD-00983,4,1
DEF-01415,PRD-00984,13,2
DEF-01416,PRD-00985,12,2
DEF-01417,PRD-00987,11,5
DEF-01418,PRD-00987,5,5
DEF-01419,PRD-00988,2,3
DEF-01420,PRD-00988,14,1
DEF-01421,PRD-00988,12,1
DEF-01422,PRD-00989,13,1
DEF-01423,PRD-00990,14,2
DEF-01424,PRD-00991,2,1
DEF-01425,PRD-00992,4,1
DEF-01426,PRD-00992,3,1
DEF-01427,PRD-00993,4,5
DEF-01428,PRD-00993,9,1
DEF-01429,PRD-00994,10,3
DEF-01430,PRD-00994,3,2
DEF-01431,PRD-00995,13,3
DEF-01432,PRD-00995,4,1
DEF-01433,PRD-00996,7,2
DEF-01434,PRD-00996,13,2
DEF-01435,PRD-00997,3,3
DEF-01436,PRD-00997,6,5
DEF-01437,PRD-00999,11,4
DEF-01438,PRD-01000,1,5
DEF-01439,PRD-01000,2,4
DEF-01440,PRD-01002,8,1
DEF-01441,PRD-01002,2,3
DEF-01442,PRD-01002,1,1
DEF-01443,PRD-01003,10,1
DEF-01444,PRD-01003,10,1
DEF-01445,PRD-01004,6,1
DEF-01446,PRD-01005,14,2
DEF-01447,PRD-01005,14,3
DEF-01448,PRD-01005,1,1
DEF-01449,PRD-01006,6,3
DEF-01450,PRD-01006,12,3
DEF-01451,PRD-01006,12,4
DEF-01452,PRD-01007,4,2
DEF-01453,PRD-01007,3,1
DEF-01454,PRD-01008,4,1
DEF-01455,PRD-01008,9,2
DEF-01456,PRD-01009,14,1
DEF-01457,PRD-01009,1,1
DEF-01458,PRD-01010,4,1
DEF-01459,PRD-01011,5,5
DEF-01460,PRD-01013,1,2
DEF-01461,PRD-01014,7,4
DEF-01462,PRD-01014,8,5
DEF-01463,PRD-01015,11,3
DEF-01464,PRD-01015,12,3
DEF-01465,PRD-01017,4,4
DEF-01466,PRD-01018,2,1
DEF-01467,PRD-01018,8,3
DEF-01468,PRD-01018,8,1
DEF-01469,PRD-01019,13,2
DEF-01470,PRD-01020,5,4
DEF-01471,PRD-01021,13,2
DEF-01472,PRD-01021,3,3
DEF-01473,PRD-01021,14,5
DEF-01474,PRD-01023,10,2
DEF-01475,PRD-01024,12,2
DEF-01476,PRD-01024,15,2
DEF-01477,PRD-01024,13,1
DEF-01478,PRD-01025,4,1
DEF-01479,PRD-01026,3,4
DEF-01480,PRD-01026,14,1
DEF-01481,PRD-01027,12,2
DEF-01482,PRD-01028,5,1
DEF-01483,PRD-01029,3,2
DEF-01484,PRD-01029,10,5
DEF-01485,PRD-01029,7,2
DEF-01486,PRD-01030,14,1
DEF-01487,PRD-01031,3,2
DEF-01488,PRD-01031,13,1
DEF-01489,PRD-01032,13,3
DEF-01490,PRD-01033,15,2
DEF-01491,PRD-01034,4,1
DEF-01492,PRD-01035,9,2
DEF-01493,PRD-01035,12,1
DEF-01494,PRD-01035,3,5
DEF-01495,PRD-01036,8,1
DEF-01496,PRD-01036,4,1
DEF-01497,PRD-01037,15,2
DEF-01498,PRD-01038,3,2
DEF-01499,PRD-01038,12,3
DEF-01500,PRD-01038,3,2
DEF-01501,PRD-01039,12,1
DEF-01502,PRD-01039,13,1
DEF-01503,PRD-01039,2,1
DEF-01504,PRD-01041,1,1
DEF-01505,PRD-01042,10,5
DEF-01506,PRD-01042,13,2
DEF-01507,PRD-01043,3,1
DEF-01508,PRD-01044,15,1
DEF-01509,PRD-01045,11,3
DEF-01510,PRD-01046,14,1
DEF-01511,PRD-01047,5,1
DEF-01512,PRD-01048,5,4
DEF-01513,PRD-01048,9,4
DEF-01514,PRD-01048,13,3
DEF-01515,PRD-01049,7,1
DEF-01516,PRD-01050,3,3
DEF-01517,PRD-01050,2,1
DEF-01518,PRD-01051,13,1
DEF-01519,PRD-01052,13,1
DEF-01520,PRD-01053,3,4
DEF-01521,PRD-01053,4,4
DEF-01522,PRD-01053,9,5
DEF-01523,PRD-01054,1,4
DEF-01524,PRD-01054,11,4
DEF-01525,PRD-01055,10,1
DEF-01526,PRD-01056,10,4
DEF-01527,PRD-01056,14,5
DEF-01528,PRD-01056,2,4
DEF-01529,PRD-01057,12,5
DEF-01530,PRD-01057,8,1
DEF-01531,PRD-01058,12,2
DEF-01532,PRD-01059,3,2
DEF-01533,PRD-01059,6,2
DEF-01534,PRD-01060,13,3
DEF-01535,PRD-01061,4,1
DEF-01536,PRD-01062,10,5
DEF-01537,PRD-01062,7,5
DEF-01538,PRD-01062,2,2
DEF-01539,PRD-01063,7,4
DEF-01540,PRD-01063,7,4
DEF-01541,PRD-01063,15,2
DEF-01542,PRD-01064,10,1
DEF-01543,PRD-01065,2,2
DEF-01544,PRD-01065,2,2
DEF-01545,PRD-01066,14,1
DEF-01546,PRD-01066,7,4
DEF-01547,PRD-01068,11,1
DEF-01548,PRD-01069,9,1
DEF-01549,PRD-01069,5,1
DEF-01550,PRD-01069,7,2
DEF-01551,PRD-01070,15,1
DEF-01552,PRD-01071,9,1
DEF-01553,PRD-01072,10,3
DEF-01554,PRD-01072,9,2
DEF-01555,PRD-01073,2,1
DEF-01556,PRD-01073,13,1
DEF-01557,PRD-01074,2,1
DEF-01558,PRD-01075,2,2
DEF-01559,PRD-01075,15,1
DEF-01560,PRD-01076,15,2
DEF-01561,PRD-01076,5,1
DEF-01562,PRD-01076,2,1
DEF-01563,PRD-01077,14,1
DEF-01564,PRD-01078,1,1
DEF-01565,PRD-01079,9,1
DEF-01566,PRD-01079,6,2
DEF-01567,PRD-01080,12,5
DEF-01568,PRD-01080,5,3
DEF-01569,PRD-01082,15,1
DEF-01570,PRD-01083,11,4
DEF-01571,PRD-01084,9,1
DEF-01572,PRD-01085,4,1
DEF-01573,PRD-01086,14,2
DEF-01574,PRD-01086,11,3
DEF-01575,PRD-01087,10,4
DEF-01576,PRD-01088,12,1
DEF-01577,PRD-01089,6,4
DEF-01578,PRD-01090,10,5
DEF-01579,PRD-01090,9,4
DEF-01580,PRD-01091,4,1
DEF-01581,PRD-01091,1,3
DEF-01582,PRD-01092,12,2
DEF-01583,PRD-01092,2,1
DEF-01584,PRD-01092,14,1
DEF-01585,PRD-01093,1,2
DEF-01586,PRD-01093,10,2
DEF-01587,PRD-01094,2,2
DEF-01588,PRD-01095,7,2
DEF-01589,PRD-01096,9,3
DEF-01590,PRD-01096,5,3
DEF-01591,PRD-01097,3,1
DEF-01592,PRD-01097,9,1
DEF-01593,PRD-01098,6,5
DEF-01594,PRD-01098,7,3
DEF-01595,PRD-01098,13,1
DEF-01596,PRD-01099,12,3
DEF-01597,PRD-01099,4,1
DEF-01598,PRD-01101,9,3
DEF-01599,PRD-01103,10,1
DEF-01600,PRD-01103,6,1
DEF-01601,PRD-01104,12,3
DEF-01602,PRD-01104,1,5
DEF-01603,PRD-01104,3,5
DEF-01604,PRD-01105,13,2
DEF-01605,PRD-01105,1,3
DEF-01606,PRD-01107,9,5
DEF-01607,PRD-01108,7,1
DEF-01608,PRD-01109,10,1
DEF-01609,PRD-01109,7,1
DEF-01610,PRD-01109,3,1
DEF-01611,PRD-01110,14,5
DEF-01612,PRD-01110,7,1
DEF-01613,PRD-01111,9,3
DEF-01614,PRD-01112,2,1
DEF-01615,PRD-01113,1,3
DEF-01616,PRD-01113,14,1
DEF-01617,PRD-01113,6,1
DEF-01618,PRD-01114,15,1
DEF-01619,PRD-01115,15,1
DEF-01620,PRD-01116,12,4
DEF-01621,PRD-01116,10,1
DEF-01622,PRD-01117,6,5
DEF-01623,PRD-01117,9,1
DEF-01624,PRD-01118,7,1
DEF-01625,PRD-01118,15,1
DEF-01626,PRD-01119,3,1
DEF-01627,PRD-01119,5,3
DEF-01628,PRD-01119,14,1
DEF-01629,PRD-01120,2,5
DEF-01630,PRD-01120,9,2
DEF-01631,PRD-01121,12,2
DEF-01632,PRD-01122,6,2
DEF-01633,PRD-01123,5,1
DEF-01634,PRD-01123,11,2
DEF-01635,PRD-01124,6,2
DEF-01636,PRD-01125,12,3
DEF-01637,PRD-01125,13,1
DEF-01638,PRD-01126,2,2
DEF-01639,PRD-01126,10,2
DEF-01640,PRD-01127,1,1
DEF-01641,PRD-01127,8,3
DEF-01642,PRD-01128,11,4
DEF-01643,PRD-01130,9,2
DEF-01644,PRD-01131,5,1
DEF-01645,PRD-01131,12,5
DEF-01646,PRD-01131,13,3
DEF-01647,PRD-01132,12,1
DEF-01648,PRD-01133,1,2
DEF-01649,PRD-01134,4,5
DEF-01650,PRD-01134,8,3
DEF-01651,PRD-01135,6,4
DEF-01652,PRD-01135,2,2
DEF-01653,PRD-01136,14,1
DEF-01654,PRD-01136,10,1
DEF-01655,PRD-01137,5,4
DEF-01656,PRD-01138,7,5
DEF-01657,PRD-01139,13,1
DEF-01658,PRD-01140,14,1
DEF-01659,PRD-01140,1,1
DEF-01660,PRD-01141,10,2
DEF-01661,PRD-01142,15,1
DEF-01662,PRD-01143,5,4
DEF-01663,PRD-01143,2,2
DEF-01664,PRD-01144,15,2
DEF-01665,PRD-01146,8,1
DEF-01666,PRD-01146,10,4
DEF-01667,PRD-01147,10,4
DEF-01668,PRD-01147,9,3
DEF-01669,PRD-01149,4,2
DEF-01670,PRD-01150,9,2
DEF-01671,PRD-01151,14,1
DEF-01672,PRD-01152,5,3
DEF-01673,PRD-01152,7,1
DEF-01674,PRD-01152,13,4
DEF-01675,PRD-01153,13,3
DEF-01676,PRD-01153,2,2
DEF-01677,PRD-01154,10,1
DEF-01678,PRD-01154,7,1
DEF-01679,PRD-01154,5,1
DEF-01680,PRD-01155,12,2
DEF-01681,PRD-01156,9,4
DEF-01682,PRD-01158,13,3
DEF-01683,PRD-01159,3,1
DEF-01684,PRD-01159,5,5
DEF-01685,PRD-01159,9,2
DEF-01686,PRD-01160,3,1
DEF-01687,PRD-01160,8,1
DEF-01688,PRD-01161,3,4
DEF-01689,PRD-01162,15,3
DEF-01690,PRD-01162,4,4
DEF-01691,PRD-01162,9,1
DEF-01692,PRD-01163,3,4
DEF-01693,PRD-01164,3,5
DEF-01694,PRD-01164,7,3
DEF-01695,PRD-01164,4,5
DEF-01696,PRD-01166,9,1
DEF-01697,PRD-01166,3,2
DEF-01698,PRD-01167,11,3
DEF-01699,PRD-01169,8,2
DEF-01700,PRD-01170,6,3
DEF-01701,PRD-01170,8,1
DEF-01702,PRD-01170,4,3
DEF-01703,PRD-01172,8,2
DEF-01704,PRD-01173,10,4
DEF-01705,PRD-01174,15,3
DEF-01706,PRD-01175,9,2
DEF-01707,PRD-01176,11,5
DEF-01708,PRD-01176,6,3
DEF-01709,PRD-01178,8,1
DEF-01710,PRD-01179,14,2
DEF-01711,PRD-01179,14,1
DEF-01712,PRD-01179,10,4
DEF-01713,PRD-01180,3,4
DEF-01714,PRD-01180,7,4
DEF-01715,PRD-01181,5,1
DEF-01716,PRD-01182,4,1
DEF-01717,PRD-01182,9,1
DEF-01718,PRD-01182,6,4
DEF-01719,PRD-01183,7,1
DEF-01720,PRD-01183,13,5
DEF-01721,PRD-01183,11,1
DEF-01722,PRD-01185,7,2
DEF-01723,PRD-01185,3,4
DEF-01724,PRD-01186,6,2
DEF-01725,PRD-01187,2,1
DEF-01726,PRD-01187,12,1
DEF-01727,PRD-01188,9,3
DEF-01728,PRD-01188,11,3
DEF-01729,PRD-01189,9,1
DEF-01730,PRD-01190,13,2
DEF-01731,PRD-01191,13,1
DEF-01732,PRD-01191,4,2
DEF-01733,PRD-01192,13,5
DEF-01734,PRD-01193,7,2
DEF-01735,PRD-01194,13,3
DEF-01736,PRD-01194,1,4
DEF-01737,PRD-01194,6,1
DEF-01738,PRD-01195,2,1
DEF-01739,PRD-01197,7,5
DEF-01740,PRD-01197,14,2
DEF-01741,PRD-01198,5,2
DEF-01742,PRD-01198,14,2
DEF-01743,PRD-01200,10,3
DEF-01744,PRD-01201,13,4
DEF-01745,PRD-01202,4,1
DEF-01746,PRD-01203,13,5
DEF-01747,PRD-01204,15,4
DEF-01748,PRD-01204,15,4
DEF-01749,PRD-01205,15,1
DEF-01750,PRD-01206,4,2
DEF-01751,PRD-01208,4,1
DEF-01752,PRD-01208,1,1
DEF-01753,PRD-01209,6,1
DEF-01754,PRD-01210,8,1
DEF-01755,PRD-01211,15,2
DEF-01756,PRD-01212,12,1
DEF-01757,PRD-01213,4,1
DEF-01758,PRD-01214,3,1
DEF-01759,PRD-01215,13,1
DEF-01760,PRD-01215,13,3
DEF-01761,PRD-01216,1,2
DEF-01762,PRD-01217,4,1
DEF-01763,PRD-01218,1,3
DEF-01764,PRD-01219,6,1
DEF-01765,PRD-01219,12,5
DEF-01766,PRD-01220,12,1
DEF-01767,PRD-01221,15,3
DEF-01768,PRD-01221,8,5
DEF-01769,PRD-01222,3,2
DEF-01770,PRD-01223,11,1
DEF-01771,PRD-01224,5,1
DEF-01772,PRD-01224,10,1
DEF-01773,PRD-01225,3,1
DEF-01774,PRD-01225,3,4
DEF-01775,PRD-01225,1,4
DEF-01776,PRD-01226,4,2
DEF-01777,PRD-01228,8,1
DEF-01778,PRD-01228,13,2
DEF-01779,PRD-01229,11,2
DEF-01780,PRD-01230,4,1
DEF-01781,PRD-01230,14,2
DEF-01782,PRD-01230,5,2
DEF-01783,PRD-01231,3,4
DEF-01784,PRD-01232,2,1
DEF-01785,PRD-01233,2,5
DEF-01786,PRD-01233,5,2
DEF-01787,PRD-01234,1,2
DEF-01788,PRD-01234,8,2
DEF-01789,PRD-01235,7,2
DEF-01790,PRD-01235,8,1
DEF-01791,PRD-01236,6,1
DEF-01792,PRD-01236,13,2
DEF-01793,PRD-01237,10,4
DEF-01794,PRD-01237,6,5
DEF-01795,PRD-01238,8,1
DEF-01796,PRD-01239,6,1
DEF-01797,PRD-01241,2,3
DEF-01798,PRD-01241,10,1
DEF-01799,PRD-01241,7,1
DEF-01800,PRD-01242,7,1
DEF-01801,PRD-01242,15,4
DEF-01802,PRD-01243,12,4
DEF-01803,PRD-01244,4,1
DEF-01804,PRD-01245,14,4
DEF-01805,PRD-01246,11,1
DEF-01806,PRD-01246,13,2
DEF-01807,PRD-01246,7,3
DEF-01808,PRD-01247,11,2
DEF-01809,PRD-01248,5,3
DEF-01810,PRD-01248,14,4
DEF-01811,PRD-01248,6,4
DEF-01812,PRD-01249,11,5
DEF-01813,PRD-01249,4,2
DEF-01814,PRD-01251,8,2
DEF-01815,PRD-01251,3,4
DEF-01816,PRD-01251,7,1
DEF-01817,PRD-01252,1,2
DEF-01818,PRD-01252,2,1
DEF-01819,PRD-01253,13,2
DEF-01820,PRD-01254,13,5
DEF-01821,PRD-01255,2,1
DEF-01822,PRD-01255,8,1
DEF-01823,PRD-01256,4,1
DEF-01824,PRD-01256,2,1
DEF-01825,PRD-01257,15,5
DEF-01826,PRD-01257,15,1
DEF-01827,PRD-01257,12,3
DEF-01828,PRD-01258,3,1
DEF-01829,PRD-01259,3,2
DEF-01830,PRD-01260,4,3
DEF-01831,PRD-01261,2,4
DEF-01832,PRD-01262,2,1
DEF-01833,PRD-01262,14,1
DEF-01834,PRD-01263,5,3
DEF-01835,PRD-01264,6,1
DEF-01836,PRD-01265,15,1
DEF-01837,PRD-01266,12,1
DEF-01838,PRD-01266,2,2
DEF-01839,PRD-01266,8,4
DEF-01840,PRD-01267,6,1
DEF-01841,PRD-01267,6,2
DEF-01842,PRD-01267,6,3
DEF-01843,PRD-01268,14,3
DEF-01844,PRD-01269,3,2
DEF-01845,PRD-01270,2,2
DEF-01846,PRD-01271,6,4
DEF-01847,PRD-01272,4,5
DEF-01848,PRD-01272,14,1
DEF-01849,PRD-01273,6,4
DEF-01850,PRD-01273,11,1
DEF-01851,PRD-01275,13,3
DEF-01852,PRD-01275,2,2
DEF-01853,PRD-01276,12,5
DEF-01854,PRD-01276,4,2
DEF-01855,PRD-01278,14,4
DEF-01856,PRD-01279,6,3
DEF-01857,PRD-01280,11,2
DEF-01858,PRD-01280,2,1
DEF-01859,PRD-01281,13,3
DEF-01860,PRD-01282,12,1
DEF-01861,PRD-01283,9,1
DEF-01862,PRD-01283,1,3
DEF-01863,PRD-01284,1,3
DEF-01864,PRD-01284,3,5
DEF-01865,PRD-01284,12,1
DEF-01866,PRD-01285,9,3
DEF-01867,PRD-01285,11,4
DEF-01868,PRD-01285,3,5
DEF-01869,PRD-01286,2,2
DEF-01870,PRD-01287,4,1
DEF-01871,PRD-01288,9,3
DEF-01872,PRD-01290,1,1
DEF-01873,PRD-01290,6,1
DEF-01874,PRD-01291,1,1
DEF-01875,PRD-01291,13,1
DEF-01876,PRD-01292,10,1
DEF-01877,PRD-01293,14,4
DEF-01878,PRD-01293,2,4
DEF-01879,PRD-01293,6,1
DEF-01880,PRD-01294,2,5
DEF-01881,PRD-01295,4,1
DEF-01882,PRD-01296,15,2
DEF-01883,PRD-01296,15,1
DEF-01884,PRD-01296,7,3
DEF-01885,PRD-01297,7,2
DEF-01886,PRD-01297,13,1
DEF-01887,PRD-01298,1,2
DEF-01888,PRD-01299,14,1
DEF-01889,PRD-01299,3,2
DEF-01890,PRD-01300,15,3
DEF-01891,PRD-01300,11,4
DEF-01892,PRD-01302,4,3
DEF-01893,PRD-01302,9,5
DEF-01894,PRD-01302,4,2
DEF-01895,PRD-01303,12,1
DEF-01896,PRD-01303,2,1
DEF-01897,PRD-01304,15,1
DEF-01898,PRD-01305,11,4
DEF-01899,PRD-01305,13,1
DEF-01900,PRD-01306,9,3
DEF-01901,PRD-01306,12,2
DEF-01902,PRD-01307,15,1
DEF-01903,PRD-01307,10,2
DEF-01904,PRD-01308,11,1
DEF-01905,PRD-01308,1,4
DEF-01906,PRD-01309,4,3
DEF-01907,PRD-01309,5,3
DEF-01908,PRD-01309,12,2
DEF-01909,PRD-01311,5,4
DEF-01910,PRD-01311,5,4
DEF-01911,PRD-01312,14,1
DEF-01912,PRD-01312,10,1
DEF-01913,PRD-01313,4,1
DEF-01914,PRD-01314,9,5
DEF-01915,PRD-01315,15,1
DEF-01916,PRD-01315,1,4
DEF-01917,PRD-01317,3,4
DEF-01918,PRD-01318,9,4
DEF-01919,PRD-01320,6,1
DEF-01920,PRD-01321,3,2
DEF-01921,PRD-01321,10,5
DEF-01922,PRD-01322,3,2
DEF-01923,PRD-01323,13,1
DEF-01924,PRD-01324,2,1
DEF-01925,PRD-01324,12,2
DEF-01926,PRD-01325,3,1
DEF-01927,PRD-01326,7,1
DEF-01928,PRD-01326,3,5
DEF-01929,PRD-01328,7,3
DEF-01930,PRD-01329,2,4
DEF-01931,PRD-01330,7,2
DEF-01932,PRD-01331,5,1
DEF-01933,PRD-01332,7,5
DEF-01934,PRD-01333,4,2
DEF-01935,PRD-01334,8,1
DEF-01936,PRD-01334,9,2
DEF-01937,PRD-01335,13,1
DEF-01938,PRD-01335,7,4
DEF-01939,PRD-01337,11,3
DEF-01940,PRD-01337,3,1
DEF-01941,PRD-01338,11,3
DEF-01942,PRD-01338,1,2
DEF-01943,PRD-01339,14,3
DEF-01944,PRD-01340,13,1
DEF-01945,PRD-01340,1,1
DEF-01946,PRD-01341,6,4
DEF-01947,PRD-01341,4,4
DEF-01948,PRD-01342,4,2
DEF-01949,PRD-01342,5,1
DEF-01950,PRD-01342,15,1
DEF-01951,PRD-01343,8,2
DEF-01952,PRD-01344,7,2
DEF-01953,PRD-01344,7,1
DEF-01954,PRD-01344,3,2
DEF-01955,PRD-01345,8,2
DEF-01956,PRD-01345,3,2
DEF-01957,PRD-01346,1,1
DEF-01958,PRD-01347,5,2
DEF-01959,PRD-01348,15,4
DEF-01960,PRD-01348,8,3
DEF-01961,PRD-01348,2,2
DEF-01962,PRD-01350,6,3
DEF-01963,PRD-01350,6,4
DEF-01964,PRD-01351,1,2
DEF-01965,PRD-01351,10,1
DEF-01966,PRD-01351,1,1
DEF-01967,PRD-01352,4,1
DEF-01968,PRD-01352,5,1
DEF-01969,PRD-01352,7,2
DEF-01970,PRD-01353,2,1
DEF-01971,PRD-01353,2,3
DEF-01972,PRD-01353,4,3
DEF-01973,PRD-01354,1,2
DEF-01974,PRD-01355,13,1
DEF-01975,PRD-01356,9,4
DEF-01976,PRD-01358,6,2
DEF-01977,PRD-01358,13,1
DEF-01978,PRD-01359,3,1
DEF-01979,PRD-01360,12,4
DEF-01980,PRD-01360,8,1
DEF-01981,PRD-01360,1,2
DEF-01982,PRD-01361,10,1
DEF-01983,PRD-01361,14,1
DEF-01984,PRD-01362,11,3
DEF-01985,PRD-01362,13,1
DEF-01986,PRD-01363,13,5
DEF-01987,PRD-01364,5,3
DEF-01988,PRD-01364,5,1
DEF-01989,PRD-01365,13,1
DEF-01990,PRD-01365,1,3
DEF-01991,PRD-01365,9,2
DEF-01992,PRD-01366,6,1
DEF-01993,PRD-01366,12,2
DEF-01994,PRD-01367,9,1
DEF-01995,PRD-01368,12,1
DEF-01996,PRD-01368,8,2
DEF-01997,PRD-01369,2,4
DEF-01998,PRD-01369,2,1
DEF-01999,PRD-01369,12,1
DEF-02000,PRD-01371,5,2
DEF-02001,PRD-01371,8,4
DEF-02002,PRD-01372,7,1
DEF-02003,PRD-01374,6,1
DEF-02004,PRD-01374,14,4
DEF-02005,PRD-01374,6,3
DEF-02006,PRD-01375,4,3
DEF-02007,PRD-01375,13,1
DEF-02008,PRD-01376,9,1
DEF-02009,PRD-01377,7,5
DEF-02010,PRD-01377,1,3
DEF-02011,PRD-01377,7,1
DEF-02012,PRD-01378,14,2
DEF-02013,PRD-01378,6,2
DEF-02014,PRD-01380,6,5
DEF-02015,PRD-01381,13,1
DEF-02016,PRD-01381,7,2
DEF-02017,PRD-01382,6,1
DEF-02018,PRD-01383,8,1
DEF-02019,PRD-01383,13,2
DEF-02020,PRD-01384,6,5
DEF-02021,PRD-01384,11,1
DEF-02022,PRD-01386,13,1
DEF-02023,PRD-01387,9,4
DEF-02024,PRD-01388,3,1
DEF-02025,PRD-01389,5,3
DEF-02026,PRD-01389,12,3
DEF-02027,PRD-01390,8,3
DEF-02028,PRD-01390,8,4
DEF-02029,PRD-01392,7,2
DEF-02030,PRD-01392,11,5
DEF-02031,PRD-01392,15,1
DEF-02032,PRD-01393,12,1
DEF-02033,PRD-01393,13,1
DEF-02034,PRD-01394,15,2
DEF-02035,PRD-01395,6,1
DEF-02036,PRD-01395,13,2
DEF-02037,PRD-01396,12,4
DEF-02038,PRD-01396,2,1
DEF-02039,PRD-01396,6,3
DEF-02040,PRD-01398,8,1
DEF-02041,PRD-01398,9,3
DEF-02042,PRD-01398,11,5
DEF-02043,PRD-01399,6,5
DEF-02044,PRD-01400,6,1
DEF-02045,PRD-01400,10,1
DEF-02046,PRD-01401,3,1
DEF-02047,PRD-01402,12,1
DEF-02048,PRD-01403,11,1
DEF-02049,PRD-01404,6,4
DEF-02050,PRD-01404,15,4
DEF-02051,PRD-01405,6,2
DEF-02052,PRD-01405,14,1
DEF-02053,PRD-01406,14,1
DEF-02054,PRD-01407,11,1
DEF-02055,PRD-01407,1,1
DEF-02056,PRD-01407,10,1
DEF-02057,PRD-01408,3,2
DEF-02058,PRD-01408,15,2
DEF-02059,PRD-01409,2,1
DEF-02060,PRD-01410,1,2
DEF-02061,PRD-01411,3,1
DEF-02062,PRD-01412,6,3
DEF-02063,PRD-01413,5,3
DEF-02064,PRD-01413,11,2
DEF-02065,PRD-01413,1,2
DEF-02066,PRD-01414,15,5
DEF-02067,PRD-01416,13,5
DEF-02068,PRD-01416,13,3
DEF-02069,PRD-01416,15,1
DEF-02070,PRD-01417,12,1
DEF-02071,PRD-01418,12,2
DEF-02072,PRD-01419,8,1
DEF-02073,PRD-01419,8,1
DEF-02074,PRD-01420,3,4
DEF-02075,PRD-01420,13,1
DEF-02076,PRD-01421,5,2
DEF-02077,PRD-01422,14,5
DEF-02078,PRD-01422,14,1
DEF-02079,PRD-01423,1,1
DEF-02080,PRD-01423,7,2
DEF-02081,PRD-01424,5,1
DEF-02082,PRD-01424,3,1
DEF-02083,PRD-01425,13,3
DEF-02084,PRD-01425,4,3
DEF-02085,PRD-01426,8,1
DEF-02086,PRD-01426,14,1
DEF-02087,PRD-01427,1,3
DEF-02088,PRD-01428,14,2
DEF-02089,PRD-01429,15,1
DEF-02090,PRD-01429,1,4
DEF-02091,PRD-01429,15,4
DEF-02092,PRD-01430,4,1
DEF-02093,PRD-01431,6,1
DEF-02094,PRD-01431,9,5
DEF-02095,PRD-01432,5,1
DEF-02096,PRD-01433,10,2
DEF-02097,PRD-01434,8,3
DEF-02098,PRD-01434,8,3
DEF-02099,PRD-01435,14,1
DEF-02100,PRD-01436,6,1
DEF-02101,PRD-01437,13,1
DEF-02102,PRD-01437,14,2
DEF-02103,PRD-01438,12,1
DEF-02104,PRD-01438,11,1
DEF-02105,PRD-01439,7,1
DEF-02106,PRD-01440,3,4
DEF-02107,PRD-01441,9,5
DEF-02108,PRD-01441,15,2
DEF-02109,PRD-01441,9,3
DEF-02110,PRD-01443,10,2
DEF-02111,PRD-01443,8,4
DEF-02112,PRD-01444,2,2
DEF-02113,PRD-01445,5,2
DEF-02114,PRD-01445,8,2
DEF-02115,PRD-01445,9,1
DEF-02116,PRD-01446,13,1
DEF-02117,PRD-01447,11,5
DEF-02118,PRD-01448,7,3
DEF-02119,PRD-01449,14,2
DEF-02120,PRD-01449,14,1
DEF-02121,PRD-01449,7,5
DEF-02122,PRD-01450,12,2
DEF-02123,PRD-01450,14,1
DEF-02124,PRD-01450,3,3
DEF-02125,PRD-01451,1,2
DEF-02126,PRD-01452,6,4
DEF-02127,PRD-01453,7,2
DEF-02128,PRD-01455,10,1
DEF-02129,PRD-01456,8,2
DEF-02130,PRD-01456,7,5
DEF-02131,PRD-01457,10,4
DEF-02132,PRD-01458,12,3
DEF-02133,PRD-01458,12,2
DEF-02134,PRD-01459,10,3
DEF-02135,PRD-01460,8,2
DEF-02136,PRD-01460,4,1
DEF-02137,PRD-01461,8,4
DEF-02138,PRD-01461,10,1
DEF-02139,PRD-01462,4,1
DEF-02140,PRD-01462,1,1
DEF-02141,PRD-01463,11,1
DEF-02142,PRD-01463,10,1
DEF-02143,PRD-01464,4,4
DEF-02144,PRD-01465,2,5
DEF-02145,PRD-01466,4,1
DEF-02146,PRD-01467,4,3
DEF-02147,PRD-01469,12,2
DEF-02148,PRD-01469,2,1
DEF-02149,PRD-01470,7,3
DEF-02150,PRD-01470,4,2
DEF-02151,PRD-01470,1,5
DEF-02152,PRD-01471,1,4
DEF-02153,PRD-01471,9,1
DEF-02154,PRD-01471,10,1
DEF-02155,PRD-01472,7,2
DEF-02156,PRD-01473,6,1
DEF-02157,PRD-01474,9,2
DEF-02158,PRD-01474,4,1
DEF-02159,PRD-01476,11,2
DEF-02160,PRD-01477,14,4
DEF-02161,PRD-01479,5,2
DEF-02162,PRD-01479,5,2
DEF-02163,PRD-01480,9,5
DEF-02164,PRD-01481,14,1
DEF-02165,PRD-01482,10,4
DEF-02166,PRD-01482,9,5
DEF-02167,PRD-01482,11,3
DEF-02168,PRD-01483,4,1
DEF-02169,PRD-01483,6,1
DEF-02170,PRD-01484,14,1
DEF-02171,PRD-01485,7,1
DEF-02172,PRD-01485,11,2
DEF-02173,PRD-01486,11,3
DEF-02174,PRD-01486,12,1
DEF-02175,PRD-01486,10,1
DEF-02176,PRD-01487,5,1
DEF-02177,PRD-01488,12,2
DEF-02178,PRD-01488,6,1
DEF-02179,PRD-01488,2,2
DEF-02180,PRD-01489,4,1
DEF-02181,PRD-01489,15,3
DEF-02182,PRD-01491,11,5
DEF-02183,PRD-01491,4,2
DEF-02184,PRD-01491,14,2
DEF-02185,PRD-01492,9,5
DEF-02186,PRD-01492,8,2
DEF-02187,PRD-01492,3,1
DEF-02188,PRD-01493,4,1
DEF-02189,PRD-01494,2,4
DEF-02190,PRD-01494,4,1
DEF-02191,PRD-01495,1,1
DEF-02192,PRD-01496,11,2
DEF-02193,PRD-01497,5,1
DEF-02194,PRD-01498,14,5
DEF-02195,PRD-01499,13,1
DEF-02196,PRD-01500,14,3
DEF-02197,PRD-01500,12,2
DEF-02198,PRD-01500,7,2
DEF-02199,PRD-01501,3,4
DEF-02200,PRD-01501,9,1
DEF-02201,PRD-01501,13,2
DEF-02202,PRD-01502,9,1
DEF-02203,PRD-01502,5,1
DEF-02204,PRD-01503,9,1
DEF-02205,PRD-01504,5,5
DEF-02206,PRD-01504,15,5
DEF-02207,PRD-01505,14,4
DEF-02208,PRD-01506,12,4
DEF-02209,PRD-01507,5,1
DEF-02210,PRD-01507,1,1
DEF-02211,PRD-01507,14,2
DEF-02212,PRD-01508,14,2
DEF-02213,PRD-01509,12,5
DEF-02214,PRD-01509,15,5
DEF-02215,PRD-01510,6,1
DEF-02216,PRD-01511,11,4
DEF-02217,PRD-01512,15,5
DEF-02218,PRD-01513,6,3
DEF-02219,PRD-01513,7,1
DEF-02220,PRD-01514,11,1
DEF-02221,PRD-01515,1,1
DEF-02222,PRD-01515,4,4
DEF-02223,PRD-01516,6,2
DEF-02224,PRD-01516,5,4
DEF-02225,PRD-01518,7,5
DEF-02226,PRD-01519,1,1
DEF-02227,PRD-01519,5,2
DEF-02228,PRD-01520,10,1
DEF-02229,PRD-01520,13,1
DEF-02230,PRD-01521,6,1
DEF-02231,PRD-01521,3,1
DEF-02232,PRD-01521,6,4
DEF-02233,PRD-01522,4,5
DEF-02234,PRD-01522,5,1
DEF-02235,PRD-01524,9,5
DEF-02236,PRD-01525,12,2
DEF-02237,PRD-01526,7,3
DEF-02238,PRD-01527,15,5
DEF-02239,PRD-01528,8,2
DEF-02240,PRD-01529,13,3
DEF-02241,PRD-01529,11,1
DEF-02242,PRD-01530,1,3
DEF-02243,PRD-01531,8,1
DEF-02244,PRD-01531,9,3
DEF-02245,PRD-01532,8,1
DEF-02246,PRD-01533,6,4
DEF-02247,PRD-01533,1,1
DEF-02248,PRD-01535,11,1
DEF-02249,PRD-01536,12,1
DEF-02250,PRD-01537,11,4
DEF-02251,PRD-01537,3,4
DEF-02252,PRD-01539,14,1
DEF-02253,PRD-01540,8,2
DEF-02254,PRD-01541,14,1
DEF-02255,PRD-01542,8,1
DEF-02256,PRD-01544,10,1
DEF-02257,PRD-01545,7,1
DEF-02258,PRD-01547,14,3
DEF-02259,PRD-01549,6,2
DEF-02260,PRD-01549,4,4
DEF-02261,PRD-01550,4,2
DEF-02262,PRD-01551,1,2
DEF-02263,PRD-01551,13,5
DEF-02264,PRD-01551,5,1
DEF-02265,PRD-01552,6,4
DEF-02266,PRD-01552,13,2
DEF-02267,PRD-01553,14,3
DEF-02268,PRD-01554,2,5
DEF-02269,PRD-01554,11,3
DEF-02270,PRD-01554,10,1
DEF-02271,PRD-01555,12,2
DEF-02272,PRD-01556,4,1
DEF-02273,PRD-01556,13,1
DEF-02274,PRD-01557,2,2
DEF-02275,PRD-01557,12,2
DEF-02276,PRD-01559,8,3
DEF-02277,PRD-01560,6,1
DEF-02278,PRD-01561,4,1
DEF-02279,PRD-01562,8,2
DEF-02280,PRD-01563,5,4
DEF-02281,PRD-01564,4,1
DEF-02282,PRD-01564,15,1
DEF-02283,PRD-01565,3,1
DEF-02284,PRD-01566,13,5
DEF-02285,PRD-01566,4,3
DEF-02286,PRD-01567,4,1
DEF-02287,PRD-01569,3,1
DEF-02288,PRD-01570,6,3
DEF-02289,PRD-01570,11,1
DEF-02290,PRD-01570,15,1
DEF-02291,PRD-01571,5,3
DEF-02292,PRD-01572,15,4
DEF-02293,PRD-01572,12,5
DEF-02294,PRD-01572,6,4
DEF-02295,PRD-01573,2,1
DEF-02296,PRD-01574,6,2
DEF-02297,PRD-01575,8,4
DEF-02298,PRD-01575,11,2
DEF-02299,PRD-01576,12,2
DEF-02300,PRD-01576,10,1
DEF-02301,PRD-01578,9,2
DEF-02302,PRD-01578,7,2
DEF-02303,PRD-01578,4,5
DEF-02304,PRD-01579,11,5
DEF-02305,PRD-01579,2,2
DEF-02306,PRD-01580,14,2
DEF-02307,PRD-01581,1,3
DEF-02308,PRD-01581,13,1
DEF-02309,PRD-01582,2,1
DEF-02310,PRD-01582,2,4
DEF-02311,PRD-01583,6,3
DEF-02312,PRD-01584,12,1
DEF-02313,PRD-01584,8,4
DEF-02314,PRD-01584,8,5
DEF-02315,PRD-01585,11,2
DEF-02316,PRD-01585,8,1
DEF-02317,PRD-01587,1,1
DEF-02318,PRD-01588,14,4
DEF-02319,PRD-01590,8,2
DEF-02320,PRD-01590,13,1
DEF-02321,PRD-01591,1,1
DEF-02322,PRD-01591,4,4
DEF-02323,PRD-01591,2,3
DEF-02324,PRD-01592,12,1
DEF-02325,PRD-01593,6,5
DEF-02326,PRD-01593,2,1
DEF-02327,PRD-01594,4,5
DEF-02328,PRD-01595,2,1
DEF-02329,PRD-01596,12,3
DEF-02330,PRD-01597,9,4
DEF-02331,PRD-01598,7,1
DEF-02332,PRD-01599,15,2
DEF-02333,PRD-01600,3,1
DEF-02334,PRD-01600,13,2
DEF-02335,PRD-01601,1,1
DEF-02336,PRD-01601,10,1
DEF-02337,PRD-01602,12,4
DEF-02338,PRD-01603,12,2
DEF-02339,PRD-01603,3,1
DEF-02340,PRD-01604,8,1
DEF-02341,PRD-01605,13,5
DEF-02342,PRD-01605,2,1
DEF-02343,PRD-01605,14,3
DEF-02344,PRD-01606,9,2
DEF-02345,PRD-01606,3,2
DEF-02346,PRD-01607,13,1
DEF-02347,PRD-01607,6,1
DEF-02348,PRD-01608,5,2
DEF-02349,PRD-01608,15,5
DEF-02350,PRD-01609,13,4
DEF-02351,PRD-01609,8,2
DEF-02352,PRD-01610,7,1
DEF-02353,PRD-01611,7,5
DEF-02354,PRD-01611,11,3
DEF-02355,PRD-01612,2,5
DEF-02356,PRD-01613,6,1
DEF-02357,PRD-01614,4,1
DEF-02358,PRD-01614,13,5
DEF-02359,PRD-01614,9,1
DEF-02360,PRD-01615,12,1
DEF-02361,PRD-01615,11,4
DEF-02362,PRD-01617,3,3
DEF-02363,PRD-01617,3,3
DEF-02364,PRD-01617,13,3
DEF-02365,PRD-01618,15,3
DEF-02366,PRD-01620,1,1
DEF-02367,PRD-01620,15,4
DEF-02368,PRD-01620,15,5
DEF-02369,PRD-01621,5,2
DEF-02370,PRD-01622,1,1
DEF-02371,PRD-01623,8,1
DEF-02372,PRD-01623,5,1
DEF-02373,PRD-01624,11,1
DEF-02374,PRD-01625,12,2
DEF-02375,PRD-01625,14,1
DEF-02376,PRD-01626,10,1
DEF-02377,PRD-01626,1,1
DEF-02378,PRD-01626,8,1
DEF-02379,PRD-01627,13,4
DEF-02380,PRD-01627,12,1
DEF-02381,PRD-01629,5,3
DEF-02382,PRD-01629,12,4
DEF-02383,PRD-01629,15,4
DEF-02384,PRD-01630,12,5
DEF-02385,PRD-01630,13,3
DEF-02386,PRD-01631,2,1
DEF-02387,PRD-01632,5,3
DEF-02388,PRD-01633,6,5
DEF-02389,PRD-01634,6,2
DEF-02390,PRD-01634,15,1
DEF-02391,PRD-01635,5,3
DEF-02392,PRD-01635,7,2
DEF-02393,PRD-01636,12,4
DEF-02394,PRD-01637,2,1
DEF-02395,PRD-01638,4,2
DEF-02396,PRD-01639,5,1
DEF-02397,PRD-01640,1,1
DEF-02398,PRD-01641,5,2
DEF-02399,PRD-01642,13,4
DEF-02400,PRD-01643,15,1
DEF-02401,PRD-01644,12,4
DEF-02402,PRD-01645,5,1
DEF-02403,PRD-01646,3,1
DEF-02404,PRD-01647,4,1
DEF-02405,PRD-01647,4,4
DEF-02406,PRD-01647,5,3
DEF-02407,PRD-01648,5,2
DEF-02408,PRD-01649,9,3
DEF-02409,PRD-01649,10,1
DEF-02410,PRD-01650,12,1
DEF-02411,PRD-01650,7,4
DEF-02412,PRD-01650,5,3
DEF-02413,PRD-01651,9,1
DEF-02414,PRD-01651,4,2
DEF-02415,PRD-01653,3,4
DEF-02416,PRD-01654,11,3
DEF-02417,PRD-01655,1,1
DEF-02418,PRD-01656,11,1
DEF-02419,PRD-01657,15,3
DEF-02420,PRD-01658,10,1
DEF-02421,PRD-01659,10,5
DEF-02422,PRD-01659,12,4
DEF-02423,PRD-01660,14,1
DEF-02424,PRD-01661,3,1
DEF-02425,PRD-01662,4,1
DEF-02426,PRD-01662,15,5
DEF-02427,PRD-01662,7,1
DEF-02428,PRD-01663,8,1
DEF-02429,PRD-01664,12,1
DEF-02430,PRD-01665,5,2
DEF-02431,PRD-01665,4,4
DEF-02432,PRD-01665,10,3
DEF-02433,PRD-01666,14,4
DEF-02434,PRD-01666,14,3
DEF-02435,PRD-01666,15,3
DEF-02436,PRD-01667,9,1
DEF-02437,PRD-01667,11,1
DEF-02438,PRD-01668,13,1
DEF-02439,PRD-01668,3,1
DEF-02440,PRD-01669,5,4
DEF-02441,PRD-01670,14,3
DEF-02442,PRD-01671,12,1
DEF-02443,PRD-01672,8,5
DEF-02444,PRD-01672,11,1
DEF-02445,PRD-01672,9,4
DEF-02446,PRD-01673,8,1
DEF-02447,PRD-01674,13,1
DEF-02448,PRD-01674,11,4
DEF-02449,PRD-01675,2,3
DEF-02450,PRD-01675,14,1
DEF-02451,PRD-01677,11,2
DEF-02452,PRD-01677,7,3
DEF-02453,PRD-01678,3,5
DEF-02454,PRD-01678,3,2
DEF-02455,PRD-01678,3,3
DEF-02456,PRD-01679,14,1
DEF-02457,PRD-01680,13,4
DEF-02458,PRD-01681,10,2
DEF-02459,PRD-01682,8,1
DEF-02460,PRD-01683,5,3
DEF-02461,PRD-01683,12,3
DEF-02462,PRD-01683,2,5
DEF-02463,PRD-01684,14,3
DEF-02464,PRD-01684,12,4
DEF-02465,PRD-01686,14,5
DEF-02466,PRD-01686,6,4
DEF-02467,PRD-01687,13,2
DEF-02468,PRD-01688,6,2
DEF-02469,PRD-01689,3,3
DEF-02470,PRD-01689,6,3
DEF-02471,PRD-01689,13,1
DEF-02472,PRD-01690,13,4
DEF-02473,PRD-01692,9,3
DEF-02474,PRD-01693,12,1
DEF-02475,PRD-01693,6,3
DEF-02476,PRD-01693,12,1
DEF-02477,PRD-01694,8,1
DEF-02478,PRD-01695,5,2
DEF-02479,PRD-01696,4,2
DEF-02480,PRD-01696,5,1
DEF-02481,PRD-01697,2,1
DEF-02482,PRD-01698,3,4
DEF-02483,PRD-01698,5,1
DEF-02484,PRD-01698,11,2
DEF-02485,PRD-01699,2,4
DEF-02486,PRD-01700,13,1
DEF-02487,PRD-01701,5,2
DEF-02488,PRD-01702,8,3
DEF-02489,PRD-01703,8,2
DEF-02490,PRD-01704,5,4
DEF-02491,PRD-01704,2,2
DEF-02492,PRD-01705,14,2
DEF-02493,PRD-01707,10,5
DEF-02494,PRD-01707,8,2
DEF-02495,PRD-01709,13,2
DEF-02496,PRD-01710,7,4
DEF-02497,PRD-01711,5,1
DEF-02498,PRD-01712,3,1
DEF-02499,PRD-01713,1,2
DEF-02500,PRD-01714,13,2
DEF-02501,PRD-01714,6,1
DEF-02502,PRD-01715,3,1
DEF-02503,PRD-01716,1,3
DEF-02504,PRD-01717,1,1
DEF-02505,PRD-01717,2,2
DEF-02506,PRD-01717,15,5
DEF-02507,PRD-01719,13,2
DEF-02508,PRD-01719,14,2
DEF-02509,PRD-01719,1,1
DEF-02510,PRD-01720,13,4
DEF-02511,PRD-01720,2,2
DEF-02512,PRD-01721,10,3
DEF-02513,PRD-01722,14,3
DEF-02514,PRD-01723,13,4
DEF-02515,PRD-01723,12,5
DEF-02516,PRD-01723,9,1
DEF-02517,PRD-01725,2,5
DEF-02518,PRD-01725,13,1
DEF-02519,PRD-01726,4,3
DEF-02520,PRD-01726,2,1
DEF-02521,PRD-01727,14,2
DEF-02522,PRD-01728,10,1
DEF-02523,PRD-01729,2,4
DEF-02524,PRD-01729,13,2
DEF-02525,PRD-01731,12,3
DEF-02526,PRD-01732,9,1
DEF-02527,PRD-01733,14,2
DEF-02528,PRD-01734,7,1
DEF-02529,PRD-01734,5,2
DEF-02530,PRD-01735,10,1
DEF-02531,PRD-01735,6,2
DEF-02532,PRD-01735,14,2
DEF-02533,PRD-01736,9,1
DEF-02534,PRD-01736,11,1
DEF-02535,PRD-01736,5,2
DEF-02536,PRD-01737,5,3
DEF-02537,PRD-01739,10,1
DEF-02538,PRD-01739,15,1
DEF-02539,PRD-01740,15,1
DEF-02540,PRD-01741,13,4
DEF-02541,PRD-01741,15,5
DEF-02542,PRD-01743,10,5
DEF-02543,PRD-01743,5,1
DEF-02544,PRD-01743,5,2
DEF-02545,PRD-01744,6,1
DEF-02546,PRD-01744,13,1
DEF-02547,PRD-01745,15,1
DEF-02548,PRD-01746,1,4
DEF-02549,PRD-01746,12,3
DEF-02550,PRD-01746,12,2
DEF-02551,PRD-01747,8,5
DEF-02552,PRD-01748,10,1
DEF-02553,PRD-01749,6,4
DEF-02554,PRD-01749,2,1
DEF-02555,PRD-01750,2,3
DEF-02556,PRD-01750,12,5
DEF-02557,PRD-01751,3,1
DEF-02558,PRD-01751,14,1
DEF-02559,PRD-01752,1,2
DEF-02560,PRD-01752,2,4
DEF-02561,PRD-01753,3,1
DEF-02562,PRD-01753,4,1
DEF-02563,PRD-01754,2,1
DEF-02564,PRD-01755,13,5
DEF-02565,PRD-01755,15,2
DEF-02566,PRD-01756,3,2
DEF-02567,PRD-01756,5,5
DEF-02568,PRD-01758,12,4
DEF-02569,PRD-01758,5,2
DEF-02570,PRD-01758,12,5
DEF-02571,PRD-01759,3,3
DEF-02572,PRD-01760,2,1
DEF-02573,PRD-01760,2,1
DEF-02574,PRD-01762,8,2
DEF-02575,PRD-01763,5,1
DEF-02576,PRD-01764,9,3
DEF-02577,PRD-01765,14,1
DEF-02578,PRD-01765,4,4
DEF-02579,PRD-01766,12,1
DEF-02580,PRD-01767,12,4
DEF-02581,PRD-01767,1,1
DEF-02582,PRD-01768,10,1
DEF-02583,PRD-01768,2,4
DEF-02584,PRD-01768,14,1
DEF-02585,PRD-01769,12,3
DEF-02586,PRD-01770,6,1
DEF-02587,PRD-01770,8,5
DEF-02588,PRD-01771,3,1
DEF-02589,PRD-01771,3,2
DEF-02590,PRD-01771,12,1
DEF-02591,PRD-01773,13,1
DEF-02592,PRD-01773,12,5
DEF-02593,PRD-01774,3,4
DEF-02594,PRD-01774,13,1
DEF-02595,PRD-01774,13,1
DEF-02596,PRD-01775,9,1
DEF-02597,PRD-01776,15,2
DEF-02598,PRD-01776,6,1
DEF-02599,PRD-01777,11,4
DEF-02600,PRD-01778,9,1
DEF-02601,PRD-01779,3,5
DEF-02602,PRD-01779,5,4
DEF-02603,PRD-01779,11,5
DEF-02604,PRD-01780,4,5
DEF-02605,PRD-01780,8,1
DEF-02606,PRD-01780,15,2
DEF-02607,PRD-01781,12,2
DEF-02608,PRD-01782,4,3
DEF-02609,PRD-01782,13,5
DEF-02610,PRD-01782,5,5
DEF-02611,PRD-01784,8,2
DEF-02612,PRD-01785,9,3
DEF-02613,PRD-01786,9,1
DEF-02614,PRD-01787,14,1
DEF-02615,PRD-01788,6,5
DEF-02616,PRD-01789,3,3
DEF-02617,PRD-01789,15,3
DEF-02618,PRD-01791,10,2
DEF-02619,PRD-01792,13,2
DEF-02620,PRD-01793,14,1
DEF-02621,PRD-01794,7,4
DEF-02622,PRD-01794,2,2
DEF-02623,PRD-01794,15,5
DEF-02624,PRD-01795,4,4
DEF-02625,PRD-01795,13,1
DEF-02626,PRD-01796,12,1
DEF-02627,PRD-01798,8,4
DEF-02628,PRD-01798,10,1
DEF-02629,PRD-01800,7,5
DEF-02630,PRD-01800,1,2
DEF-02631,PRD-01800,14,1
DEF-02632,PRD-01801,8,1
DEF-02633,PRD-01801,13,1
DEF-02634,PRD-01802,7,1
DEF-02635,PRD-01803,1,3
DEF-02636,PRD-01803,4,2
DEF-02637,PRD-01804,12,4
DEF-02638,PRD-01805,11,1
DEF-02639,PRD-01805,11,1
DEF-02640,PRD-01806,11,3
DEF-02641,PRD-01806,12,4
DEF-02642,PRD-01806,2,4
DEF-02643,PRD-01807,15,3
DEF-02644,PRD-01808,10,1
DEF-02645,PRD-01808,5,1
DEF-02646,PRD-01809,8,2
DEF-02647,PRD-01809,13,3
DEF-02648,PRD-01810,4,4
DEF-02649,PRD-01810,11,4
DEF-02650,PRD-01811,8,1
DEF-02651,PRD-01812,1,2
DEF-02652,PRD-01813,14,4
DEF-02653,PRD-01813,11,4
DEF-02654,PRD-01814,9,2
DEF-02655,PRD-01815,5,1
DEF-02656,PRD-01816,14,1
DEF-02657,PRD-01816,14,5
DEF-02658,PRD-01817,11,3
DEF-02659,PRD-01817,3,1
DEF-02660,PRD-01818,15,2
DEF-02661,PRD-01818,10,3
DEF-02662,PRD-01818,12,5
DEF-02663,PRD-01819,14,1
DEF-02664,PRD-01819,12,4
DEF-02665,PRD-01821,1,2
DEF-02666,PRD-01821,14,4
DEF-02667,PRD-01822,2,5
DEF-02668,PRD-01822,5,3
DEF-02669,PRD-01822,4,1
DEF-02670,PRD-01824,4,1
DEF-02671,PRD-01825,1,1
DEF-02672,PRD-01826,5,1
DEF-02673,PRD-01826,6,1
DEF-02674,PRD-01827,1,4
DEF-02675,PRD-01827,10,1
DEF-02676,PRD-01829,7,1
DEF-02677,PRD-01830,9,3
DEF-02678,PRD-01831,8,5
DEF-02679,PRD-01831,7,2
DEF-02680,PRD-01831,10,1
DEF-02681,PRD-01833,10,3
DEF-02682,PRD-01834,4,4
DEF-02683,PRD-01834,15,2
DEF-02684,PRD-01835,1,1
DEF-02685,PRD-01836,13,1
DEF-02686,PRD-01836,14,1
DEF-02687,PRD-01837,5,2
DEF-02688,PRD-01837,4,1
DEF-02689,PRD-01838,1,1
DEF-02690,PRD-01838,13,1
DEF-02691,PRD-01839,5,5
DEF-02692,PRD-01839,13,1
DEF-02693,PRD-01840,2,1
DEF-02694,PRD-01840,15,5
DEF-02695,PRD-01842,9,3
DEF-02696,PRD-01842,3,3
DEF-02697,PRD-01843,2,2
DEF-02698,PRD-01843,14,2
DEF-02699,PRD-01843,9,1
DEF-02700,PRD-01844,5,1
DEF-02701,PRD-01845,2,1
DEF-02702,PRD-01845,15,4
DEF-02703,PRD-01845,2,4
DEF-02704,PRD-01846,9,5
DEF-02705,PRD-01848,8,1
DEF-02706,PRD-01848,13,2
DEF-02707,PRD-01848,1,4
DEF-02708,PRD-01849,12,1
DEF-02709,PRD-01849,10,1
DEF-02710,PRD-01850,3,2
DEF-02711,PRD-01851,5,3
DEF-02712,PRD-01851,15,5
DEF-02713,PRD-01851,1,1
DEF-02714,PRD-01852,14,4
DEF-02715,PRD-01852,15,1
DEF-02716,PRD-01853,8,1
DEF-02717,PRD-01854,12,4
DEF-02718,PRD-01854,8,5
DEF-02719,PRD-01855,3,3
DEF-02720,PRD-01856,6,2
DEF-02721,PRD-01857,11,3
DEF-02722,PRD-01857,14,2
DEF-02723,PRD-01857,12,2
DEF-02724,PRD-01858,11,1
DEF-02725,PRD-01858,12,1
DEF-02726,PRD-01859,14,2
DEF-02727,PRD-01860,3,5
DEF-02728,PRD-01861,9,1
DEF-02729,PRD-01862,10,2
DEF-02730,PRD-01863,6,5
DEF-02731,PRD-01863,13,2
DEF-02732,PRD-01864,5,3
DEF-02733,PRD-01864,2,1
DEF-02734,PRD-01865,3,2
DEF-02735,PRD-01866,9,3
DEF-02736,PRD-01867,3,1
DEF-02737,PRD-01867,4,2
DEF-02738,PRD-01867,3,1
DEF-02739,PRD-01869,12,2
DEF-02740,PRD-01869,10,3
DEF-02741,PRD-01869,5,4
DEF-02742,PRD-01870,7,5
DEF-02743,PRD-01870,13,3
DEF-02744,PRD-01870,5,3
DEF-02745,PRD-01871,11,1
DEF-02746,PRD-01872,2,4
DEF-02747,PRD-01873,1,5
DEF-02748,PRD-01874,14,1
DEF-02749,PRD-01875,7,1
DEF-02750,PRD-01875,15,2
DEF-02751,PRD-01876,12,1
DEF-02752,PRD-01877,14,1
DEF-02753,PRD-01877,10,1
DEF-02754,PRD-01878,9,2
DEF-02755,PRD-01881,4,5
DEF-02756,PRD-01881,14,3
DEF-02757,PRD-01882,1,1
DEF-02758,PRD-01883,12,3
DEF-02759,PRD-01884,14,2
DEF-02760,PRD-01884,2,1
DEF-02761,PRD-01884,5,2
DEF-02762,PRD-01885,3,3
DEF-02763,PRD-01887,3,3
DEF-02764,PRD-01887,4,4
DEF-02765,PRD-01888,3,2
DEF-02766,PRD-01888,3,4
DEF-02767,PRD-01890,15,2
DEF-02768,PRD-01890,8,4
DEF-02769,PRD-01891,6,2
DEF-02770,PRD-01892,3,2
DEF-02771,PRD-01893,6,1
DEF-02772,PRD-01893,15,5
DEF-02773,PRD-01894,1,1
DEF-02774,PRD-01895,13,1
DEF-02775,PRD-01895,3,1
DEF-02776,PRD-01896,10,5
DEF-02777,PRD-01897,7,1
DEF-02778,PRD-01897,4,1
DEF-02779,PRD-01898,3,1
DEF-02780,PRD-01899,13,3
DEF-02781,PRD-01899,12,1
DEF-02782,PRD-01900,12,4
DEF-02783,PRD-01902,2,3
DEF-02784,PRD-01902,6,2
DEF-02785,PRD-01903,5,1
DEF-02786,PRD-01904,9,1
DEF-02787,PRD-01905,12,5
DEF-02788,PRD-01906,7,3
DEF-02789,PRD-01906,2,1
DEF-02790,PRD-01907,8,2
DEF-02791,PRD-01908,11,5
DEF-02792,PRD-01908,3,2
DEF-02793,PRD-01908,1,1
DEF-02794,PRD-01910,12,1
DEF-02795,PRD-01911,11,5
DEF-02796,PRD-01911,10,1
DEF-02797,PRD-01912,8,2
DEF-02798,PRD-01913,2,1
DEF-02799,PRD-01913,7,2
DEF-02800,PRD-01913,9,1
DEF-02801,PRD-01914,9,1
DEF-02802,PRD-01915,12,3
DEF-02803,PRD-01916,4,2
DEF-02804,PRD-01917,6,5
DEF-02805,PRD-01917,1,4
DEF-02806,PRD-01918,7,3
DEF-02807,PRD-01919,8,1
DEF-02808,PRD-01920,8,1
DEF-02809,PRD-01920,14,3
DEF-02810,PRD-01921,13,1
DEF-02811,PRD-01921,5,2
DEF-02812,PRD-01922,14,1
DEF-02813,PRD-01923,10,3
DEF-02814,PRD-01923,9,4
DEF-02815,PRD-01923,4,1
DEF-02816,PRD-01924,15,1
DEF-02817,PRD-01924,13,5
DEF-02818,PRD-01924,15,1
DEF-02819,PRD-01925,6,3
DEF-02820,PRD-01925,3,1
DEF-02821,PRD-01926,10,1
DEF-02822,PRD-01926,14,5
DEF-02823,PRD-01927,1,5
DEF-02824,PRD-01927,1,1
DEF-02825,PRD-01930,9,5
DEF-02826,PRD-01930,14,2
DEF-02827,PRD-01931,4,2
DEF-02828,PRD-01932,5,1
DEF-02829,PRD-01932,9,1
DEF-02830,PRD-01932,6,2
DEF-02831,PRD-01933,9,3
DEF-02832,PRD-01934,2,2
DEF-02833,PRD-01935,14,2
DEF-02834,PRD-01935,13,1
DEF-02835,PRD-01936,14,5
DEF-02836,PRD-01936,10,2
DEF-02837,PRD-01938,1,4
DEF-02838,PRD-01939,10,5
DEF-02839,PRD-01939,13,1
DEF-02840,PRD-01939,11,3
DEF-02841,PRD-01940,2,1
DEF-02842,PRD-01941,9,1
DEF-02843,PRD-01941,11,1
DEF-02844,PRD-01941,13,4
DEF-02845,PRD-01942,7,2
DEF-02846,PRD-01943,12,1
DEF-02847,PRD-01944,3,1
DEF-02848,PRD-01945,7,4
DEF-02849,PRD-01945,2,3
DEF-02850,PRD-01945,10,2
DEF-02851,PRD-01947,12,3
DEF-02852,PRD-01947,8,2
DEF-02853,PRD-01948,8,5
DEF-02854,PRD-01948,6,2
DEF-02855,PRD-01948,3,2
DEF-02856,PRD-01949,7,2
DEF-02857,PRD-01949,3,2
DEF-02858,PRD-01950,12,2
DEF-02859,PRD-01950,1,4
DEF-02860,PRD-01950,7,1
DEF-02861,PRD-01951,11,1
DEF-02862,PRD-01952,3,3
DEF-02863,PRD-01953,13,4
DEF-02864,PRD-01953,5,5
DEF-02865,PRD-01953,4,2
DEF-02866,PRD-01954,4,4
DEF-02867,PRD-01954,7,2
DEF-02868,PRD-01954,2,5
DEF-02869,PRD-01955,3,1
DEF-02870,PRD-01955,7,1
DEF-02871,PRD-01955,8,1
DEF-02872,PRD-01957,13,3
DEF-02873,PRD-01957,13,4
DEF-02874,PRD-01957,14,1
DEF-02875,PRD-01958,5,3
DEF-02876,PRD-01959,12,3
DEF-02877,PRD-01959,14,4
DEF-02878,PRD-01960,4,2
DEF-02879,PRD-01960,12,1
DEF-02880,PRD-01961,12,3
DEF-02881,PRD-01961,13,1
DEF-02882,PRD-01962,13,2
DEF-02883,PRD-01962,8,4
DEF-02884,PRD-01963,11,3
DEF-02885,PRD-01964,4,2
DEF-02886,PRD-01964,4,1
DEF-02887,PRD-01965,9,1
DEF-02888,PRD-01966,7,3
DEF-02889,PRD-01966,5,1
DEF-02890,PRD-01966,3,1
DEF-02891,PRD-01967,5,1
DEF-02892,PRD-01968,3,3
DEF-02893,PRD-01969,11,1
DEF-02894,PRD-01971,1,3
DEF-02895,PRD-01971,3,4
DEF-02896,PRD-01972,11,1
DEF-02897,PRD-01972,4,5
DEF-02898,PRD-01973,12,2
DEF-02899,PRD-01974,2,2
DEF-02900,PRD-01974,12,2
DEF-02901,PRD-01975,11,4
DEF-02902,PRD-01978,11,4
DEF-02903,PRD-01978,12,3
DEF-02904,PRD-01978,11,2
DEF-02905,PRD-01979,11,2
DEF-02906,PRD-01980,15,1
DEF-02907,PRD-01980,2,2
DEF-02908,PRD-01981,13,1
DEF-02909,PRD-01982,2,1
DEF-02910,PRD-01983,14,2
DEF-02911,PRD-01984,3,4
DEF-02912,PRD-01984,8,3
DEF-02913,PRD-01985,10,1
DEF-02914,PRD-01985,12,4
DEF-02915,PRD-01986,8,4
DEF-02916,PRD-01986,14,2
DEF-02917,PRD-01987,6,5
DEF-02918,PRD-01987,15,1
DEF-02919,PRD-01987,1,4
DEF-02920,PRD-01988,9,1
DEF-02921,PRD-01988,3,1
DEF-02922,PRD-01989,1,5
DEF-02923,PRD-01989,5,1
DEF-02924,PRD-01990,11,1
DEF-02925,PRD-01990,7,1
DEF-02926,PRD-01991,8,3
DEF-02927,PRD-01992,12,2
DEF-02928,PRD-01993,2,1
DEF-02929,PRD-01996,3,3
DEF-02930,PRD-01996,6,1
DEF-02931,PRD-01998,13,3
DEF-02932,PRD-01998,11,5
DEF-02933,PRD-01999,10,3
DEF-02934,PRD-02001,3,3
DEF-02935,PRD-02002,14,1
DEF-02936,PRD-02002,7,3
DEF-02937,PRD-02004,15,4
DEF-02938,PRD-02004,3,3
DEF-02939,PRD-02005,1,2
DEF-02940,PRD-02005,15,2
DEF-02941,PRD-02006,5,1
DEF-02942,PRD-02007,2,1
DEF-02943,PRD-02008,12,2
DEF-02944,PRD-02009,9,1
DEF-02945,PRD-02009,4,1
DEF-02946,PRD-02010,15,5
DEF-02947,PRD-02012,11,2
DEF-02948,PRD-02013,15,2
DEF-02949,PRD-02013,3,3
DEF-02950,PRD-02015,15,1
DEF-02951,PRD-02016,4,2
DEF-02952,PRD-02016,14,5
DEF-02953,PRD-02017,2,4
DEF-02954,PRD-02019,5,4
DEF-02955,PRD-02020,9,4
DEF-02956,PRD-02020,10,1
DEF-02957,PRD-02022,8,2
DEF-02958,PRD-02023,3,1
DEF-02959,PRD-02023,7,2
DEF-02960,PRD-02023,4,5
DEF-02961,PRD-02024,9,2
DEF-02962,PRD-02025,10,3
DEF-02963,PRD-02025,3,4
DEF-02964,PRD-02026,15,1
DEF-02965,PRD-02027,10,1
DEF-02966,PRD-02028,1,5
DEF-02967,PRD-02028,1,3
DEF-02968,PRD-02028,9,2
DEF-02969,PRD-02029,11,4
DEF-02970,PRD-02030,12,2
DEF-02971,PRD-02031,2,4
DEF-02972,PRD-02031,11,3
DEF-02973,PRD-02031,8,1
DEF-02974,PRD-02032,10,4
DEF-02975,PRD-02032,14,3
DEF-02976,PRD-02032,1,1
DEF-02977,PRD-02033,12,2
DEF-02978,PRD-02034,14,3
DEF-02979,PRD-02034,7,2
DEF-02980,PRD-02035,9,1
DEF-02981,PRD-02036,8,1
DEF-02982,PRD-02036,9,1
DEF-02983,PRD-02038,9,2
DEF-02984,PRD-02039,1,1
DEF-02985,PRD-02040,8,5
DEF-02986,PRD-02040,12,5
DEF-02987,PRD-02040,14,5
DEF-02988,PRD-02041,6,4
DEF-02989,PRD-02041,8,3
DEF-02990,PRD-02042,2,3
DEF-02991,PRD-02042,14,1
DEF-02992,PRD-02043,15,3
DEF-02993,PRD-02044,3,1
DEF-02994,PRD-02045,6,2
DEF-02995,PRD-02046,4,5
DEF-02996,PRD-02046,7,2
DEF-02997,PRD-02047,10,2
DEF-02998,PRD-02047,11,1
DEF-02999,PRD-02047,10,3
DEF-03000,PRD-02048,11,1
DEF-03001,PRD-02049,9,4
DEF-03002,PRD-02050,1,3
DEF-03003,PRD-02050,5,5
DEF-03004,PRD-02051,12,1
DEF-03005,PRD-02051,15,1
DEF-03006,PRD-02052,7,3
DEF-03007,PRD-02052,12,5
DEF-03008,PRD-02052,9,3
DEF-03009,PRD-02054,15,1
DEF-03010,PRD-02054,6,1
DEF-03011,PRD-02055,9,2
DEF-03012,PRD-02056,7,5
DEF-03013,PRD-02056,13,3
DEF-03014,PRD-02057,6,2
DEF-03015,PRD-02057,7,1
DEF-03016,PRD-02058,15,2
DEF-03017,PRD-02058,4,2
DEF-03018,PRD-02058,6,1
DEF-03019,PRD-02059,5,2
DEF-03020,PRD-02059,10,3
DEF-03021,PRD-02059,5,1
DEF-03022,PRD-02060,10,1
DEF-03023,PRD-02061,13,1
DEF-03024,PRD-02061,8,2
DEF-03025,PRD-02061,12,1
DEF-03026,PRD-02062,5,3
DEF-03027,PRD-02063,2,2
DEF-03028,PRD-02063,5,1
DEF-03029,PRD-02064,14,5
DEF-03030,PRD-02064,10,4
DEF-03031,PRD-02064,9,2
DEF-03032,PRD-02065,13,2
DEF-03033,PRD-02065,14,1
DEF-03034,PRD-02065,7,2
DEF-03035,PRD-02066,9,1
DEF-03036,PRD-02066,15,1
DEF-03037,PRD-02067,11,4
DEF-03038,PRD-02067,14,1
DEF-03039,PRD-02068,8,2
DEF-03040,PRD-02069,15,1
DEF-03041,PRD-02070,4,1
DEF-03042,PRD-02070,14,1
DEF-03043,PRD-02071,1,3
DEF-03044,PRD-02071,1,4
DEF-03045,PRD-02072,4,1
DEF-03046,PRD-02073,10,1
DEF-03047,PRD-02073,7,5
DEF-03048,PRD-02073,3,2
DEF-03049,PRD-02074,14,2
DEF-03050,PRD-02074,15,3
DEF-03051,PRD-02076,9,1
DEF-03052,PRD-02076,11,1
DEF-03053,PRD-02076,9,4
DEF-03054,PRD-02077,4,5
DEF-03055,PRD-02078,4,1
DEF-03056,PRD-02079,10,3
DEF-03057,PRD-02080,11,1
DEF-03058,PRD-02080,12,3
DEF-03059,PRD-02082,3,1
DEF-03060,PRD-02082,4,1
DEF-03061,PRD-02084,13,1
DEF-03062,PRD-02084,4,1
DEF-03063,PRD-02085,11,4
DEF-03064,PRD-02086,4,5
DEF-03065,PRD-02086,1,1
DEF-03066,PRD-02088,1,2
DEF-03067,PRD-02088,1,4
DEF-03068,PRD-02089,5,5
DEF-03069,PRD-02089,8,3
DEF-03070,PRD-02091,6,3
DEF-03071,PRD-02091,15,2
DEF-03072,PRD-02092,6,4
DEF-03073,PRD-02092,4,2
DEF-03074,PRD-02093,9,2
DEF-03075,PRD-02094,2,1
DEF-03076,PRD-02094,6,3
DEF-03077,PRD-02094,14,2
DEF-03078,PRD-02095,3,5
DEF-03079,PRD-02095,9,1
DEF-03080,PRD-02096,6,3
DEF-03081,PRD-02097,15,4
DEF-03082,PRD-02097,8,3
DEF-03083,PRD-02098,9,4
DEF-03084,PRD-02099,8,1
DEF-03085,PRD-02100,10,2
DEF-03086,PRD-02100,7,4
DEF-03087,PRD-02101,10,4
DEF-03088,PRD-02102,15,1
DEF-03089,PRD-02102,13,1
DEF-03090,PRD-02103,5,5
DEF-03091,PRD-02103,6,3
DEF-03092,PRD-02103,1,4
DEF-03093,PRD-02104,15,1
DEF-03094,PRD-02106,7,5
DEF-03095,PRD-02107,9,1
DEF-03096,PRD-02108,11,2
DEF-03097,PRD-02109,15,3
DEF-03098,PRD-02110,14,1
DEF-03099,PRD-02111,1,3
DEF-03100,PRD-02112,10,3
DEF-03101,PRD-02113,10,1
DEF-03102,PRD-02113,9,5
DEF-03103,PRD-02114,7,1
DEF-03104,PRD-02114,7,1
DEF-03105,PRD-02115,6,1
DEF-03106,PRD-02116,8,2
DEF-03107,PRD-02117,7,1
DEF-03108,PRD-02118,4,4
DEF-03109,PRD-02118,7,2
DEF-03110,PRD-02119,13,3
DEF-03111,PRD-02119,15,2
DEF-03112,PRD-02119,15,5
DEF-03113,PRD-02120,11,2
DEF-03114,PRD-02121,8,1
DEF-03115,PRD-02121,1,1
DEF-03116,PRD-02122,9,4
DEF-03117,PRD-02122,3,3
DEF-03118,PRD-02123,13,1
DEF-03119,PRD-02123,5,1
DEF-03120,PRD-02124,14,1
DEF-03121,PRD-02124,2,2
DEF-03122,PRD-02125,7,5
DEF-03123,PRD-02125,14,3
DEF-03124,PRD-02125,13,3
DEF-03125,PRD-02126,15,1
DEF-03126,PRD-02128,14,4
DEF-03127,PRD-02129,1,2
DEF-03128,PRD-02130,13,2
DEF-03129,PRD-02131,9,4
DEF-03130,PRD-02132,5,2
DEF-03131,PRD-02132,3,1
DEF-03132,PRD-02133,14,5
DEF-03133,PRD-02133,15,1
DEF-03134,PRD-02133,8,5
DEF-03135,PRD-02134,11,1
DEF-03136,PRD-02135,2,2
DEF-03137,PRD-02136,10,3
DEF-03138,PRD-02136,2,5
DEF-03139,PRD-02137,13,4
DEF-03140,PRD-02139,13,3
DEF-03141,PRD-02140,9,2
DEF-03142,PRD-02140,12,1
DEF-03143,PRD-02141,11,1
DEF-03144,PRD-02142,2,3
DEF-03145,PRD-02143,6,3
DEF-03146,PRD-02144,15,1
DEF-03147,PRD-02144,15,1
DEF-03148,PRD-02144,6,1
DEF-03149,PRD-02145,9,3
DEF-03150,PRD-02145,15,1
DEF-03151,PRD-02146,15,4
DEF-03152,PRD-02146,5,1
DEF-03153,PRD-02147,9,3
DEF-03154,PRD-02148,2,2
DEF-03155,PRD-02149,7,2
DEF-03156,PRD-02150,4,1
DEF-03157,PRD-02151,1,4
DEF-03158,PRD-02151,10,4
DEF-03159,PRD-02151,13,4
DEF-03160,PRD-02152,5,4
DEF-03161,PRD-02152,8,5
DEF-03162,PRD-02153,13,2
DEF-03163,PRD-02153,9,1
DEF-03164,PRD-02154,10,2
DEF-03165,PRD-02154,7,4
DEF-03166,PRD-02155,6,1
DEF-03167,PRD-02155,8,1
DEF-03168,PRD-02156,6,1
DEF-03169,PRD-02157,7,3
DEF-03170,PRD-02157,4,2
DEF-03171,PRD-02158,14,2
DEF-03172,PRD-02158,5,1
DEF-03173,PRD-02159,6,3
DEF-03174,PRD-02160,14,2
DEF-03175,PRD-02161,6,5
DEF-03176,PRD-02161,14,1
DEF-03177,PRD-02162,3,1
DEF-03178,PRD-02162,9,1
DEF-03179,PRD-02163,5,2
DEF-03180,PRD-02163,1,1
DEF-03181,PRD-02164,15,4
DEF-03182,PRD-02164,6,3
DEF-03183,PRD-02165,11,3
DEF-03184,PRD-02166,7,2
DEF-03185,PRD-02166,3,1
DEF-03186,PRD-02167,13,4
DEF-03187,PRD-02167,5,4
DEF-03188,PRD-02168,9,1
DEF-03189,PRD-02168,14,1
DEF-03190,PRD-02169,15,3
DEF-03191,PRD-02170,2,1
DEF-03192,PRD-02170,13,1
DEF-03193,PRD-02171,14,1
DEF-03194,PRD-02172,15,3
DEF-03195,PRD-02172,8,5
DEF-03196,PRD-02172,9,3
DEF-03197,PRD-02173,13,1
DEF-03198,PRD-02173,1,3
DEF-03199,PRD-02174,10,2
DEF-03200,PRD-02174,12,1
DEF-03201,PRD-02175,1,1
DEF-03202,PRD-02176,12,4
DEF-03203,PRD-02176,10,3
DEF-03204,PRD-02177,9,5
DEF-03205,PRD-02178,3,4
DEF-03206,PRD-02178,11,2
DEF-03207,PRD-02178,5,5
DEF-03208,PRD-02180,10,2
DEF-03209,PRD-02181,15,2
DEF-03210,PRD-02181,11,2
DEF-03211,PRD-02181,3,4
DEF-03212,PRD-02182,10,4
DEF-03213,PRD-02184,10,2
DEF-03214,PRD-02184,8,3
DEF-03215,PRD-02184,2,5
DEF-03216,PRD-02185,1,4
DEF-03217,PRD-02186,14,1
DEF-03218,PRD-02187,3,2
DEF-03219,PRD-02187,1,1
DEF-03220,PRD-02188,8,2
DEF-03221,PRD-02188,5,1
DEF-03222,PRD-02189,13,1
DEF-03223,PRD-02189,13,2
DEF-03224,PRD-02190,5,3
DEF-03225,PRD-02191,9,5
DEF-03226,PRD-02191,6,1
DEF-03227,PRD-02191,2,1
DEF-03228,PRD-02192,9,5
DEF-03229,PRD-02193,4,3
DEF-03230,PRD-02193,7,5
DEF-03231,PRD-02194,4,1
DEF-03232,PRD-02196,8,5
DEF-03233,PRD-02196,14,1
DEF-03234,PRD-02197,10,5
DEF-03235,PRD-02198,3,2
DEF-03236,PRD-02199,15,2
DEF-03237,PRD-02199,3,1
DEF-03238,PRD-02200,13,2
DEF-03239,PRD-02201,2,1
DEF-03240,PRD-02202,9,5
DEF-03241,PRD-02202,5,1
DEF-03242,PRD-02203,6,5
DEF-03243,PRD-02204,2,1
DEF-03244,PRD-02205,6,1
DEF-03245,PRD-02205,8,1
DEF-03246,PRD-02205,15,2
DEF-03247,PRD-02206,9,4
DEF-03248,PRD-02206,15,4
DEF-03249,PRD-02207,1,1
DEF-03250,PRD-02207,3,1
DEF-03251,PRD-02208,9,5
DEF-03252,PRD-02210,6,2
DEF-03253,PRD-02211,7,4
DEF-03254,PRD-02212,3,2
DEF-03255,PRD-02212,13,1
DEF-03256,PRD-02212,2,1
DEF-03257,PRD-02213,2,1
DEF-03258,PRD-02213,5,1
DEF-03259,PRD-02214,15,5
DEF-03260,PRD-02215,9,5
DEF-03261,PRD-02217,10,1
DEF-03262,PRD-02217,4,5
DEF-03263,PRD-02217,4,1
DEF-03264,PRD-02218,12,1
DEF-03265,PRD-02219,2,3
DEF-03266,PRD-02221,3,3
DEF-03267,PRD-02221,5,1
DEF-03268,PRD-02221,1,1
DEF-03269,PRD-02223,7,3
DEF-03270,PRD-02223,13,3
DEF-03271,PRD-02224,5,4
DEF-03272,PRD-02224,1,1
DEF-03273,PRD-02225,14,1
DEF-03274,PRD-02226,12,1
DEF-03275,PRD-02226,1,1
DEF-03276,PRD-02227,1,2
DEF-03277,PRD-02228,3,1
DEF-03278,PRD-02229,3,1
DEF-03279,PRD-02229,8,2
DEF-03280,PRD-02230,2,1
DEF-03281,PRD-02230,12,1
DEF-03282,PRD-02230,10,1
DEF-03283,PRD-02232,7,5
DEF-03284,PRD-02232,9,3
DEF-03285,PRD-02232,12,1
DEF-03286,PRD-02233,14,4
DEF-03287,PRD-02233,11,5
DEF-03288,PRD-02234,10,3
DEF-03289,PRD-02235,4,5
DEF-03290,PRD-02235,13,1
DEF-03291,PRD-02236,13,5
DEF-03292,PRD-02236,15,2
DEF-03293,PRD-02237,1,1
DEF-03294,PRD-02238,3,3
DEF-03295,PRD-02239,5,5
DEF-03296,PRD-02241,5,5
DEF-03297,PRD-02241,10,2
DEF-03298,PRD-02241,9,2
DEF-03299,PRD-02242,3,4
DEF-03300,PRD-02243,9,2
DEF-03301,PRD-02244,13,1
DEF-03302,PRD-02244,13,1
DEF-03303,PRD-02246,5,1
DEF-03304,PRD-02246,10,1
DEF-03305,PRD-02246,4,1
DEF-03306,PRD-02247,15,4
DEF-03307,PRD-02248,14,5
DEF-03308,PRD-02248,6,2
DEF-03309,PRD-02249,15,1
DEF-03310,PRD-02249,7,1
DEF-03311,PRD-02250,11,2
DEF-03312,PRD-02250,7,4
DEF-03313,PRD-02251,8,5
DEF-03314,PRD-02252,14,1
DEF-03315,PRD-02253,8,5
DEF-03316,PRD-02254,6,1
DEF-03317,PRD-02254,10,2
DEF-03318,PRD-02256,3,1
DEF-03319,PRD-02256,3,2
DEF-03320,PRD-02256,2,3
DEF-03321,PRD-02257,3,5
DEF-03322,PRD-02257,6,3
DEF-03323,PRD-02257,10,1
DEF-03324,PRD-02258,1,1
DEF-03325,PRD-02259,4,5
DEF-03326,PRD-02259,11,2
DEF-03327,PRD-02260,12,3
DEF-03328,PRD-02261,12,1
DEF-03329,PRD-02261,10,1
DEF-03330,PRD-02262,6,1
DEF-03331,PRD-02262,15,3
DEF-03332,PRD-02263,7,4
DEF-03333,PRD-02264,14,3
DEF-03334,PRD-02265,8,1
DEF-03335,PRD-02265,9,5
DEF-03336,PRD-02265,11,2
DEF-03337,PRD-02266,12,4
DEF-03338,PRD-02267,13,1
DEF-03339,PRD-02268,6,1
DEF-03340,PRD-02269,13,5
DEF-03341,PRD-02270,7,4
DEF-03342,PRD-02270,2,1
DEF-03343,PRD-02271,4,5
DEF-03344,PRD-02271,15,2
DEF-03345,PRD-02272,6,3
DEF-03346,PRD-02272,15,3
DEF-03347,PRD-99900,6,5
DEF-03348,PRD-99901,5,2
DEF-03349,PRD-99902,2,2
DEF-03350,PRD-99903,3,5
DEF-03351,PRD-99904,3,1
DEF-03352,PRD-99905,9,1
DEF-03353,PRD-99905,6,1
DEF-03354,PRD-99906,6,1
DEF-03355,PRD-99907,9,2
DEF-03356,PRD-99907,5,1
DEF-03357,PRD-99908,15,2
DEF-03358,PRD-99909,3,1
DEF-03359,PRD-99909,7,2
DEF-03360,PRD-99909,12,1
DEF-03361,PRD-99910,10,4
DEF-03362,PRD-99910,8,4
DEF-03363,PRD-99911,12,2
DEF-03364,PRD-99912,12,1
DEF-03365,PRD-99912,7,5
DEF-03366,PRD-99912,9,5
DEF-03367,PRD-99913,3,4
DEF-03368,PRD-99913,13,2
DEF-03369,PRD-99914,11,1
DEF-03370,PRD-99914,8,1
DEF-03371,PRD-99915,12,1
DEF-03372,PRD-99915,14,1
DEF-03373,PRD-99916,8,5
DEF-03374,PRD-99917,15,2
DEF-03375,PRD-99918,14,1
DEF-03376,PRD-99918,4,3
DEF-03377,PRD-99918,10,4
DEF-03378,PRD-99919,3,1
DEF-03379,PRD-99919,6,1
DEF-03380,PRD-99919,13,2
DEF-03381,PRD-99920,8,1
DEF-03382,PRD-99921,2,5
DEF-03383,PRD-99921,2,5
DEF-03384,PRD-99922,8,3
DEF-03385,PRD-99922,5,1
DEF-03386,PRD-99923,12,2
DEF-03387,PRD-99924,6,5
DEF-03388,PRD-99924,10,2
DEF-03389,PRD-99925,9,4
DEF-03390,PRD-99926,3,1
DEF-03391,PRD-99927,9,2
DEF-03392,PRD-99927,7,2
DEF-03393,PRD-99928,15,3
DEF-03394,PRD-99929,9,3
DEF-03395,PRD-99930,13,5
DEF-03396,PRD-99930,14,1
DEF-03397,PRD-99931,6,5
DEF-03398,PRD-99932,14,2
DEF-03399,PRD-99933,7,2
DEF-03400,PRD-99933,7,2
DEF-03401,PRD-99934,12,1
DEF-03402,PRD-99934,2,4
DEF-03403,PRD-99934,1,1
DEF-03404,PRD-99935,4,2
DEF-03405,PRD-99935,13,1
DEF-03406,PRD-99936,12,5
DEF-03407,PRD-99937,15,3
DEF-03408,PRD-99938,4,2
DEF-03409,PRD-99938,6,2
DEF-03410,PRD-99939,13,1
DEF-03411,PRD-99939,13,1
DEF-03412,PRD-99939,13,5
DEF-03413,PRD-99940,13,2
DEF-03414,PRD-99941,1,2
DEF-03415,PRD-99942,3,2
DEF-03416,PRD-99942,11,3
DEF-03417,PRD-99943,15,5
DEF-03418,PRD-99944,7,1
DEF-03419,PRD-99944,10,2
DEF-03420,PRD-99945,13,3
DEF-03421,PRD-99945,5,1
DEF-03422,PRD-99946,5,3
DEF-03423,PRD-99946,3,3
DEF-03424,PRD-99947,12,2
DEF-03425,PRD-99948,11,1
DEF-03426,PRD-99948,9,1
DEF-03427,PRD-99948,5,4
DEF-03428,PRD-99949,2,4
DEF-03429,PRD-99949,14,1
DEF-03430,PRD-99950,13,3
DEF-03431,PRD-99951,7,3
DEF-03432,PRD-99951,7,1
DEF-03433,PRD-99952,8,5
DEF-03434,PRD-99953,7,2
DEF-03435,PRD-99954,11,3
DEF-03436,PRD-99954,7,2
DEF-03437,PRD-99954,7,5
DEF-03438,PRD-99955,9,4
DEF-03439,PRD-99955,6,3
DEF-03440,PRD-99955,12,1
DEF-03441,PRD-99956,11,1
DEF-03442,PRD-99956,6,2
DEF-03443,PRD-99957,1,1
DEF-03444,PRD-99957,5,4
DEF-03445,PRD-99958,6,4
DEF-03446,PRD-99958,14,5
DEF-03447,PRD-99959,7,3
DEF-03448,PRD-99959,5,1
DEF-03449,PRD-99959,2,1
DEF-03450,PRD-99960,14,1
DEF-03451,PRD-99960,9,4
DEF-03452,PRD-99960,14,3
DEF-03453,PRD-99961,15,4
DEF-03454,PRD-99961,1,3
DEF-03455,PRD-99962,8,2
DEF-03456,PRD-99963,4,1
DEF-03457,PRD-99963,3,3
DEF-03458,PRD-99963,14,3
DEF-03459,PRD-99964,13,4
DEF-03460,PRD-99964,3,2
DEF-03461,PRD-99964,8,1
DEF-03462,PRD-99965,2,2
DEF-03463,PRD-99965,13,1
DEF-03464,PRD-99966,14,5
DEF-03465,PRD-99966,1,4
DEF-03466,PRD-99966,3,4
DEF-03467,PRD-99967,1,1
DEF-03468,PRD-99967,11,1
DEF-03469,PRD-99968,10,1
DEF-03470,PRD-99968,6,1
DEF-03471,PRD-99969,6,4
DEF-03472,PRD-99969,15,2
DEF-03473,PRD-99969,3,3
DEF-03474,PRD-99970,3,3
DEF-03475,PRD-99970,11,4
DEF-03476,PRD-99971,11,1
DEF-03477,PRD-99971,15,1
DEF-03478,PRD-99972,9,5
DEF-03479,PRD-99972,10,5
DEF-03480,PRD-99972,4,2
DEF-03481,PRD-99973,2,3
DEF-03482,PRD-99973,8,4
DEF-03483,PRD-99974,7,1
DEF-03484,PRD-99975,2,4
DEF-03485,PRD-99975,14,3
DEF-03486,PRD-99975,14,4
DEF-03487,PRD-99976,10,3
DEF-03488,PRD-99977,8,1
DEF-03489,PRD-99978,13,2
DEF-03490,PRD-99979,2,4
DEF-03491,PRD-99979,1,2
DEF-03492,PRD-99980,15,2
DEF-03493,PRD-99980,11,1
DEF-03494,PRD-99981,6,4
DEF-03495,PRD-99981,2,3
DEF-03496,PRD-99982,13,5
DEF-03497,PRD-99983,9,1
DEF-03498,PRD-99983,3,1
DEF-03499,PRD-99984,2,5
DEF-03500,PRD-99985,15,5
DEF-03501,PRD-99985,4,1
DEF-03502,PRD-99985,3,1
DEF-03503,PRD-99986,12,2
DEF-03504,PRD-99987,4,5
DEF-03505,PRD-99987,4,4
DEF-03506,PRD-99987,6,5
DEF-03507,PRD-99988,1,4
DEF-03508,PRD-99988,11,2
DEF-03509,PRD-99988,8,1
DEF-03510,PRD-99989,4,1
DEF-03511,PRD-99990,7,4
DEF-03512,PRD-99990,4,2
DEF-03513,PRD-99990,2,2
DEF-03514,PRD-99991,9,4
DEF-03515,PRD-99991,6,1
DEF-03516,PRD-99992,6,1
DEF-03517,PRD-99993,9,3
DEF-03518,PRD-99994,13,3
DEF-03519,PRD-99994,14,1
DEF-03520,PRD-99995,1,4
DEF-03521,PRD-99995,5,1
